snapshot_id,snapshot_date,product_id,warehouse_id,inventory_on_hand,reorder_point,days_of_supply,week_demand
1,2024-08-05,76,4,250.7,129.4,24.0,64.9
2,2023-09-04,81,3,1315.7,450.2,15.2,363.5
3,2024-10-28,29,10,1082.9,898.5,13.3,426.1
4,2024-11-25,59,1,834.1,1199.3,3.0,2293.1
5,2023-05-15,20,2,0.0,1549.4,0.0,1138.6
6,2023-06-12,17,6,589.3,281.8,17.6,95.7
7,2023-05-15,26,7,1284.0,427.3,13.6,374.9
8,2024-09-02,10,2,409.1,363.6,6.1,432.5
9,2025-12-22,102,17,0.0,692.9,0.0,517.9
10,2023-11-27,55,19,258.5,1101.4,1.0,1216.3
11,2024-10-28,109,12,944.0,561.6,6.8,778.4
12,2023-07-10,21,5,240.3,191.8,6.2,161.8
13,2023-01-23,76,6,51.5,89.5,6.4,53.3
14,2023-01-01,80,18,222.5,413.2,3.3,700.2
15,2025-06-09,105,2,3352.6,1354.8,25.4,463.9
16,2023-12-25,56,19,1037.3,1707.1,5.5,1144.1
17,2024-03-18,77,5,0.0,171.9,0.0,157.5
18,2025-05-12,56,1,0.0,1470.0,0.0,1420.7
19,2025-12-22,107,21,187.0,411.7,2.6,473.0
20,2024-05-13,63,4,0.0,1340.9,0.0,1271.7
21,2024-07-08,25,13,144.6,87.9,7.3,89.3
22,2025-02-17,57,15,908.0,488.0,16.8,94.1
23,2025-02-17,34,19,630.8,260.5,10.6,291.8
24,2025-11-24,65,11,556.7,1060.4,3.7,428.7
25,2025-12-22,66,6,117.9,80.9,5.2,215.0
26,2024-02-19,31,16,1300.3,540.3,13.5,262.5
27,2025-07-07,94,2,384.6,421.7,4.6,193.5
28,2023-05-15,3,19,1120.7,474.2,11.3,401.3
29,2025-09-01,31,22,135.9,540.7,0.8,909.8
30,2024-02-19,106,21,450.7,466.9,6.0,275.0
31,2024-06-10,2,13,571.3,1169.0,4.9,786.9
32,2025-02-17,43,21,831.1,333.6,10.6,511.7
33,2025-07-07,19,19,0.0,292.9,0.0,494.8
34,2023-04-17,88,10,0.0,635.5,0.0,1444.0
35,2025-07-07,101,9,143.5,48.6,10.0,155.4
36,2024-10-28,47,4,1091.5,1113.1,4.2,3646.5
37,2024-06-10,90,11,80.7,35.8,14.4,51.0
38,2023-02-20,15,1,6125.7,1624.2,38.5,743.8
39,2023-02-20,38,8,593.5,362.2,8.0,482.5
40,2024-11-25,100,20,51.1,89.6,2.3,173.5
41,2024-04-15,75,19,1889.7,501.0,15.1,164.1
42,2023-09-04,71,7,645.0,579.4,11.1,185.7
43,2025-02-17,47,4,3270.0,1113.1,12.5,1590.0
44,2024-06-10,79,6,0.0,924.1,0.0,2320.3
45,2023-03-20,13,5,96.9,266.9,3.9,124.5
46,2024-06-10,73,18,561.0,767.1,8.5,381.3
47,2023-03-20,25,5,47.4,116.9,2.3,118.8
48,2023-11-27,40,5,0.0,700.9,0.0,560.5
49,2024-12-23,2,20,2077.7,1676.9,9.5,3267.7
50,2025-09-01,36,9,0.0,270.4,0.0,310.0
51,2023-05-15,42,10,714.0,730.0,5.4,479.6
52,2024-11-25,86,13,0.0,501.9,0.0,1140.7
53,2025-07-07,55,21,1357.7,1049.0,5.0,788.0
54,2024-07-08,19,4,640.7,209.1,10.2,292.2
55,2024-02-19,1,11,968.0,1092.9,5.2,471.9
56,2023-08-07,92,13,445.1,482.0,4.5,387.2
57,2023-08-07,80,22,1375.1,496.4,14.5,389.1
58,2024-02-19,24,17,150.8,91.8,4.9,69.4
59,2023-08-07,86,14,542.1,919.5,2.6,881.2
60,2024-02-19,6,22,516.1,1069.3,2.2,690.9
61,2024-08-05,23,22,951.0,1490.3,4.2,1653.6
62,2025-11-24,75,4,690.9,649.5,4.7,1606.4
63,2023-01-01,58,18,1937.1,860.6,8.4,1465.6
64,2024-09-02,8,19,2078.2,1069.6,10.3,1164.8
65,2024-05-13,9,13,0.0,183.0,0.0,325.5
66,2024-01-22,100,2,219.2,120.3,9.7,78.3
67,2023-02-20,56,19,1013.8,1707.1,5.4,1674.8
68,2025-10-27,54,13,452.3,325.4,5.5,319.5
69,2024-04-15,76,18,135.0,65.3,18.3,34.8
70,2024-09-02,67,10,150.0,486.0,1.2,580.2
71,2023-04-17,30,18,603.9,210.3,14.0,287.3
72,2024-05-13,117,14,396.5,434.4,5.9,227.9
73,2023-08-07,46,12,375.8,217.0,13.7,107.2
74,2023-05-15,35,2,2754.8,1653.1,6.8,3114.8
75,2025-09-29,44,7,224.2,799.7,2.7,597.8
76,2025-11-24,117,18,615.7,198.3,12.1,340.2
77,2025-02-17,96,3,436.9,325.2,6.6,115.7
78,2024-03-18,115,14,2328.4,1435.7,12.2,793.4
79,2025-03-17,110,6,16.2,224.4,0.8,109.1
80,2023-02-20,86,10,2919.9,817.9,15.7,850.9
81,2025-09-29,71,2,962.4,797.9,13.4,388.0
82,2024-12-23,7,3,9.5,78.7,0.6,98.6
83,2024-03-18,88,22,0.0,541.5,0.0,844.2
84,2025-06-09,118,17,724.5,595.7,11.0,294.1
85,2025-09-01,76,18,113.6,65.3,15.4,120.2
86,2023-07-10,104,17,193.0,253.7,7.0,184.7
87,2023-07-10,73,20,398.3,986.3,4.6,504.4
88,2025-09-01,44,17,440.1,929.8,5.7,1183.3
89,2024-10-28,54,4,0.0,624.3,0.0,3353.8
90,2024-05-13,13,15,488.9,263.7,20.0,184.0
91,2024-11-25,36,8,401.8,334.2,13.9,193.9
92,2025-06-09,51,11,619.3,428.1,15.7,250.3
93,2023-10-02,40,5,170.5,700.9,2.4,785.4
94,2023-04-17,73,18,582.7,767.1,8.8,540.7
95,2023-05-15,64,19,433.3,773.5,3.2,1702.2
96,2023-06-12,75,21,430.9,716.5,2.8,1571.5
97,2025-01-20,67,3,173.1,284.2,2.9,215.4
98,2024-02-19,54,2,1374.1,565.7,8.6,496.0
99,2024-07-08,84,11,100.0,394.2,1.6,796.1
100,2024-12-23,99,19,698.1,648.5,5.9,984.2
101,2023-01-01,14,5,220.0,165.3,15.8,31.7
102,2025-03-17,64,14,1235.7,631.4,8.1,639.8
103,2024-09-30,83,5,0.0,480.5,0.0,2943.8
104,2023-01-01,29,8,612.6,595.2,10.5,309.6
105,2025-05-12,15,13,0.0,881.9,0.0,904.5
106,2024-01-22,15,13,1469.5,881.9,18.7,179.2
107,2023-11-27,117,14,521.5,434.4,7.7,213.5
108,2024-07-08,102,14,435.7,773.4,6.9,798.7
109,2023-04-17,102,11,507.3,431.6,8.1,449.6
110,2025-01-20,56,19,0.0,1707.1,0.0,2392.0
111,2025-12-22,55,10,3790.3,1421.7,12.7,1385.6
112,2025-09-29,33,21,15.4,44.9,1.7,95.1
113,2025-02-17,117,14,472.5,434.4,7.0,186.9
114,2023-06-12,113,15,652.3,215.0,14.2,128.6
115,2024-02-19,85,5,60.4,214.1,1.3,318.5
116,2024-02-19,81,13,674.8,329.8,8.1,496.6
117,2023-12-25,86,14,0.0,919.5,0.0,7142.7
118,2023-02-20,41,20,0.0,199.2,0.0,589.0
119,2025-05-12,58,7,0.0,907.6,0.0,4385.7
120,2024-12-23,96,9,667.1,561.7,5.6,791.3
121,2024-09-02,99,6,601.8,434.8,6.0,688.7
122,2024-10-28,44,3,382.1,403.1,8.4,114.4
123,2024-02-19,56,4,4794.2,1786.3,20.6,1786.9
124,2023-06-12,33,21,77.8,44.9,8.8,74.7
125,2023-11-27,14,6,267.5,223.6,13.8,75.9
126,2023-06-12,37,4,1206.9,1042.2,6.9,1189.5
127,2025-09-29,51,1,727.0,305.1,20.0,108.2
128,2024-01-22,107,6,168.0,194.7,3.3,280.9
129,2025-04-14,8,8,424.4,1123.0,2.4,1267.8
130,2025-03-17,79,2,3029.0,1301.2,20.7,810.5
131,2024-10-28,66,18,57.1,135.4,2.2,94.0
132,2024-01-22,10,12,154.5,330.8,2.3,627.8
133,2023-05-15,96,12,796.6,675.2,5.6,1262.7
134,2023-05-15,23,3,730.9,445.3,6.1,597.9
135,2024-08-05,107,6,286.0,194.7,5.5,425.1
136,2023-05-15,41,22,319.1,306.6,6.1,400.4
137,2023-01-01,42,5,807.2,328.7,11.8,296.5
138,2024-07-08,99,2,461.4,851.3,3.0,488.6
139,2023-01-01,80,5,201.6,179.0,4.1,491.5
140,2024-09-30,103,12,186.3,190.5,4.1,134.3
141,2025-01-20,107,22,435.1,360.1,5.2,1151.1
142,2025-04-14,94,14,354.2,425.2,4.4,510.3
143,2023-10-30,11,19,2642.4,1502.0,10.6,1424.5
144,2023-11-27,113,2,0.0,532.0,0.0,839.0
145,2024-10-28,102,11,684.2,431.6,11.0,404.3
146,2024-03-18,75,13,1168.0,372.2,15.2,263.3
147,2025-06-09,93,2,330.5,522.4,3.9,780.6
148,2023-09-04,9,7,1150.4,431.3,17.0,283.9
149,2024-08-05,1,2,2462.6,1612.9,12.2,600.4
150,2023-02-20,10,2,429.7,363.6,6.4,445.4
151,2023-10-30,113,6,0.0,284.2,0.0,1251.4
152,2024-12-23,114,14,0.0,285.4,0.0,659.1
153,2024-08-05,106,10,28.2,383.7,0.4,493.5
154,2024-03-18,55,19,1392.7,1101.4,5.7,2344.5
155,2024-09-30,64,17,212.3,673.3,1.6,1479.4
156,2025-01-20,120,21,0.0,339.5,0.0,1116.0
157,2023-09-04,61,18,223.9,181.8,14.2,80.8
158,2023-12-25,13,15,0.0,263.7,0.0,84.8
159,2023-12-25,89,3,179.2,335.2,2.2,868.8
160,2024-09-02,38,4,577.5,520.8,6.0,940.2
161,2023-08-07,115,14,617.6,1435.7,3.2,741.2
162,2023-09-04,16,11,0.0,388.3,0.0,577.8
163,2025-09-29,110,6,0.0,224.4,0.0,80.2
164,2024-10-28,10,3,119.3,197.3,3.8,382.0
165,2023-11-27,71,6,919.2,580.0,19.4,727.9
166,2024-10-28,85,5,222.5,214.1,4.6,391.1
167,2023-03-20,30,19,123.6,187.4,2.7,526.0
168,2025-07-07,35,19,0.0,1516.6,0.0,1904.8
169,2025-04-14,106,10,138.0,383.7,1.8,993.9
170,2025-06-09,88,16,64.4,500.6,0.8,653.9
171,2024-07-08,56,18,1945.7,1360.0,11.5,832.0
172,2023-01-23,42,8,183.5,544.7,1.8,802.7
173,2024-11-25,82,3,197.2,177.7,4.8,288.8
174,2024-09-02,111,7,0.0,1032.1,0.0,2181.3
175,2025-03-17,71,1,1469.9,526.2,20.5,462.6
176,2025-06-09,58,21,2710.0,1007.7,9.4,1999.6
177,2025-02-17,20,15,1238.5,824.7,11.2,454.3
178,2023-01-23,102,6,1303.7,505.6,31.0,338.6
179,2025-01-20,118,17,1226.1,595.7,18.7,320.0
180,2025-07-07,117,18,283.5,198.3,5.6,621.3
181,2024-05-13,17,21,381.6,440.3,8.1,197.6
182,2025-11-24,95,19,1495.9,1190.0,9.5,920.2
183,2023-10-02,38,18,93.0,228.1,1.2,865.0
184,2025-04-14,94,4,581.2,430.0,7.4,181.2
185,2025-01-20,66,15,105.9,94.3,6.2,115.8
186,2023-09-04,52,11,545.0,249.7,11.9,130.1
187,2024-12-23,50,10,943.9,864.1,3.9,2292.2
188,2024-04-15,110,7,364.5,206.1,13.1,228.6
189,2023-11-27,89,18,249.6,392.0,2.0,529.3
190,2025-12-22,81,16,544.0,521.6,4.9,502.8
191,2024-08-05,4,3,281.3,207.6,7.2,459.5
192,2023-11-27,72,10,1622.2,1523.0,11.6,663.7
193,2025-06-09,81,4,405.4,812.9,2.3,579.0
194,2025-09-29,76,3,27.5,62.2,5.1,50.2
195,2025-02-17,35,1,1527.5,1465.1,3.7,1169.5
196,2023-12-25,24,3,175.4,58.6,11.0,89.3
197,2025-07-07,75,11,1196.4,732.1,8.2,847.2
198,2023-07-10,95,15,2196.2,1109.1,20.4,682.0
199,2024-07-08,31,15,641.6,242.5,8.6,207.2
200,2023-04-17,80,12,407.1,524.7,4.3,385.4
201,2023-01-23,73,4,1266.1,796.2,13.4,149.2
202,2025-10-27,105,4,1628.7,988.5,14.6,639.8
203,2023-11-27,20,17,4777.1,2103.7,24.7,1414.0
204,2025-08-04,75,6,0.0,478.2,0.0,1253.2
205,2025-09-01,6,7,1379.4,555.5,7.9,1369.2
206,2024-12-23,15,10,314.9,1178.6,1.9,2021.9
207,2023-11-27,88,22,495.9,541.5,3.9,716.1
208,2023-10-02,60,19,1330.8,461.7,17.4,351.1
209,2023-02-20,19,16,548.1,193.4,12.1,159.3
210,2025-03-17,87,21,169.4,1095.0,0.6,2002.6
211,2023-11-27,81,22,1564.0,723.9,8.5,880.2
212,2024-01-22,52,11,293.6,249.7,6.4,272.6
213,2024-04-15,102,8,785.9,473.0,17.1,330.8
214,2025-09-01,18,19,2421.3,994.5,7.9,779.0
215,2025-06-09,72,15,940.9,640.8,13.8,436.8
216,2024-06-10,18,19,2408.9,994.5,7.8,1171.3
217,2023-10-30,102,11,1271.8,431.6,20.4,315.8
218,2023-11-27,58,3,1782.0,814.0,12.6,1049.3
219,2024-06-10,111,19,435.3,1384.7,1.7,1559.8
220,2023-03-20,37,15,708.4,420.1,7.3,1004.8
221,2025-01-20,110,5,317.8,135.6,18.2,83.3
222,2025-12-22,39,14,0.0,483.0,0.0,2873.0
223,2024-09-02,96,3,561.4,325.2,8.5,258.9
224,2023-04-17,29,7,778.4,727.9,10.6,298.6
225,2023-09-04,63,19,293.5,875.5,2.1,585.4
226,2023-07-10,29,17,768.9,491.1,10.5,322.2
227,2024-08-05,57,2,854.6,1113.8,6.9,949.1
228,2024-04-15,67,10,174.9,486.0,1.4,494.0
229,2023-09-04,80,22,31.8,496.4,0.3,1338.5
230,2023-10-30,84,12,11.3,304.8,0.2,552.6
231,2025-05-12,73,10,3771.1,964.2,41.4,263.5
232,2024-05-13,97,11,215.0,196.6,7.8,121.8
233,2023-01-01,11,14,4661.6,1725.9,15.2,1352.2
234,2023-07-10,86,20,124.2,1014.6,0.6,2222.6
235,2023-05-15,113,6,142.8,284.2,2.2,210.5
236,2025-05-12,72,12,855.2,1202.3,5.8,851.2
237,2023-09-04,72,9,2374.0,945.9,21.6,540.6
238,2023-08-07,101,3,104.3,40.3,12.0,52.7
239,2023-10-30,98,13,0.0,216.2,0.0,539.7
240,2023-08-07,86,15,444.3,319.2,4.4,447.6
241,2024-11-25,115,8,2310.2,1539.3,16.4,638.1
242,2025-06-09,61,19,192.0,140.7,10.1,114.5
243,2025-10-27,26,4,0.0,567.2,0.0,2194.4
244,2025-08-04,25,5,0.0,116.9,0.0,294.3
245,2023-01-01,37,15,1162.1,420.1,11.9,783.8
246,2023-07-10,33,4,60.2,45.7,6.9,51.4
247,2025-09-29,20,9,0.0,1276.9,0.0,1474.8
248,2023-10-30,81,20,0.0,989.5,0.0,2877.6
249,2024-07-08,51,14,465.0,302.3,11.6,248.8
250,2023-08-07,20,20,4835.0,2225.0,23.3,1090.1
251,2024-02-19,73,21,849.4,646.5,10.1,492.0
252,2023-12-25,120,6,0.0,270.0,0.0,1089.4
253,2024-03-18,41,12,600.2,354.6,10.3,408.0
254,2023-02-20,16,12,47.7,371.0,0.6,557.3
255,2025-04-14,50,9,465.8,1127.9,2.5,1514.5
256,2024-12-23,43,20,536.7,294.4,6.9,710.0
257,2023-12-25,19,3,277.6,113.3,9.1,200.8
258,2024-03-18,51,14,439.0,302.3,10.9,160.8
259,2023-01-23,106,20,66.3,394.7,0.9,801.0
260,2023-01-23,98,13,0.0,216.2,0.0,286.5
261,2025-02-17,80,5,384.9,179.0,7.8,453.1
262,2024-06-10,74,22,2785.2,1630.4,6.5,2123.2
263,2025-04-14,58,16,0.0,985.6,0.0,1649.5
264,2024-07-08,4,21,524.3,303.6,6.5,233.0
265,2023-11-27,74,4,2324.7,1932.6,5.8,2089.6
266,2024-09-30,115,14,2266.3,1435.7,11.9,1167.5
267,2025-09-29,73,18,1599.5,767.1,24.2,326.7
268,2024-04-15,88,8,972.7,365.8,11.0,355.7
269,2024-09-30,102,6,123.7,505.6,2.9,169.3
270,2024-03-18,54,2,119.9,565.7,0.7,1101.5
271,2024-10-28,120,8,295.3,262.3,4.3,323.2
272,2023-02-20,109,21,246.0,641.1,1.9,572.5
273,2023-04-17,106,20,527.3,394.7,6.8,952.3
274,2023-08-07,95,11,1652.0,1530.3,8.1,966.2
275,2024-03-18,28,8,0.0,1678.8,0.0,1022.9
276,2025-09-29,26,4,848.6,567.2,8.4,664.1
277,2024-08-05,75,12,0.0,690.7,0.0,2311.2
278,2024-03-18,79,15,890.8,783.3,12.1,300.0
279,2023-11-27,3,10,427.5,453.1,3.7,1626.2
280,2024-11-25,39,12,1106.6,773.3,8.5,513.8
281,2023-12-25,20,9,1473.8,1276.9,8.6,872.4
282,2024-07-08,96,5,0.0,246.9,0.0,432.6
283,2023-12-25,106,8,341.9,322.5,5.9,313.2
284,2023-03-20,77,21,0.0,329.0,0.0,802.7
285,2023-05-15,2,22,4289.9,2547.9,19.9,1115.7
286,2025-11-24,29,1,1677.3,830.6,19.8,583.9
287,2025-03-17,92,13,743.2,482.0,7.5,313.2
288,2025-07-07,74,11,65.5,2195.6,0.2,4678.2
289,2023-01-01,88,8,482.7,365.8,5.4,1071.4
290,2025-04-14,13,21,470.0,514.3,10.8,388.8
291,2024-11-25,79,9,0.0,1022.0,0.0,2129.4
292,2025-09-29,58,22,998.3,1225.6,3.3,1400.3
293,2025-06-09,51,7,272.8,365.8,7.3,135.9
294,2025-02-17,14,6,24.7,223.6,1.3,130.4
295,2023-06-12,49,5,0.0,445.2,0.0,1741.3
296,2023-03-20,37,22,2415.1,981.1,12.0,1357.3
297,2024-09-30,17,6,276.6,281.8,8.2,266.7
298,2025-02-17,49,16,894.5,574.6,6.2,837.4
299,2023-05-15,93,8,155.9,288.5,2.6,434.9
300,2025-08-04,9,5,563.0,241.1,12.7,180.1
301,2023-10-30,44,15,1157.8,330.6,24.7,263.1
302,2024-05-13,98,20,0.0,541.1,0.0,1296.1
303,2024-05-13,33,1,0.0,32.1,0.0,210.8
304,2025-11-24,2,7,1424.6,2044.2,6.9,1430.4
305,2023-06-12,18,2,3534.1,1168.3,8.7,1993.2
306,2024-02-19,84,12,363.7,304.8,5.0,457.3
307,2025-04-14,88,22,0.0,541.5,0.0,1488.3
308,2024-03-18,40,2,1807.0,1732.1,11.9,410.6
309,2023-10-30,61,19,0.0,140.7,0.0,165.5
310,2025-11-24,81,11,1798.3,890.7,10.2,1193.6
311,2025-07-07,5,11,0.0,692.2,0.0,1081.2
312,2024-05-13,8,9,1731.4,1215.1,8.0,1564.4
313,2024-09-02,84,13,273.0,145.4,8.9,177.1
314,2024-10-28,112,15,0.0,392.9,0.0,1738.9
315,2024-05-13,1,14,3021.2,1472.3,16.7,529.9
316,2025-05-12,44,1,1387.6,777.2,17.0,229.5
317,2023-01-23,98,7,868.6,266.7,9.4,326.8
318,2025-02-17,32,2,180.4,114.9,6.1,123.5
319,2024-07-08,33,13,44.4,18.6,9.3,37.2
320,2024-12-23,111,3,0.0,899.1,0.0,1307.0
321,2023-03-20,39,4,195.5,711.6,1.5,693.3
322,2024-04-15,83,5,0.0,480.5,0.0,1098.1
323,2023-10-30,16,11,807.2,388.3,11.1,493.4
324,2024-10-28,99,15,530.7,238.1,6.6,794.1
325,2023-02-20,48,13,487.2,817.7,2.8,946.8
326,2025-04-14,106,8,656.5,322.5,11.3,470.3
327,2025-09-29,6,11,0.0,608.4,0.0,2920.1
328,2024-09-02,3,21,262.5,747.4,2.3,1145.5
329,2025-10-27,15,12,705.5,1692.1,3.9,1682.7
330,2023-11-27,82,7,312.1,330.4,4.3,247.3
331,2025-06-09,52,15,242.5,137.3,9.1,91.7
332,2024-07-08,98,13,41.3,216.2,0.9,314.5
333,2025-05-12,23,14,0.0,1006.0,0.0,1320.6
334,2023-10-02,41,15,232.6,127.5,8.0,251.5
335,2024-07-08,69,14,493.3,421.4,6.0,846.4
336,2023-10-02,14,5,0.0,165.3,0.0,270.2
337,2025-04-14,26,17,776.3,309.1,9.1,564.1
338,2023-09-04,45,20,956.6,587.0,6.6,849.9
339,2023-06-12,31,8,672.1,533.9,6.7,848.6
340,2023-05-15,72,5,0.0,533.9,0.0,1952.0
341,2025-01-20,111,10,383.4,1092.1,1.2,2774.9
342,2025-08-04,28,3,1481.2,731.9,15.3,321.9
343,2024-01-22,55,15,0.0,925.5,0.0,1466.2
344,2023-03-20,18,15,452.2,662.8,2.2,774.2
345,2023-11-27,2,16,977.6,1349.1,6.5,555.6
346,2023-11-27,51,14,1328.0,302.3,33.0,269.1
347,2024-08-05,15,1,2062.2,1624.2,13.0,910.4
348,2025-06-09,74,11,4840.1,2195.6,11.7,1785.2
349,2024-03-18,29,17,930.2,491.1,12.8,455.4
350,2023-07-10,106,20,500.7,394.7,6.4,446.1
351,2023-01-01,33,15,51.2,28.9,10.1,15.9
352,2024-01-22,110,19,58.0,181.8,2.3,59.5
353,2025-03-17,106,10,464.0,383.7,6.2,181.1
354,2023-11-27,90,14,85.2,22.9,15.2,12.9
355,2025-03-17,112,22,0.0,785.6,0.0,894.0
356,2024-12-23,86,14,2633.1,919.5,12.7,1089.5
357,2025-09-01,43,1,570.4,346.8,7.4,400.1
358,2025-06-09,24,17,0.1,91.8,0.0,92.1
359,2023-04-17,38,13,219.9,152.1,4.5,392.4
360,2025-02-17,66,20,0.0,155.0,0.0,256.4
361,2024-01-22,17,21,386.1,440.3,8.2,107.9
362,2024-03-18,56,3,0.0,1209.0,0.0,1235.5
363,2023-02-20,56,3,0.0,1209.0,0.0,814.2
364,2024-09-02,105,4,2347.8,988.5,21.0,481.4
365,2023-07-10,51,20,925.4,308.4,23.9,132.8
366,2025-04-14,71,13,480.8,310.5,14.3,179.4
367,2023-01-23,15,8,2120.6,1145.8,17.6,593.0
368,2025-02-17,114,2,1186.5,459.6,15.8,244.4
369,2024-03-18,106,19,994.5,374.0,15.8,229.8
370,2024-04-15,36,13,224.9,197.4,13.1,83.3
371,2024-05-13,84,5,467.7,203.2,13.9,114.4
372,2025-07-07,64,14,0.0,631.4,0.0,1839.5
373,2023-04-17,84,12,0.0,304.8,0.0,729.7
374,2023-07-10,71,16,459.6,373.4,9.7,347.8
375,2025-07-07,2,9,5359.1,2010.4,31.9,592.6
376,2025-09-01,1,20,4061.1,1975.1,20.9,657.0
377,2025-11-24,88,16,1198.3,500.6,15.1,369.3
378,2024-06-10,66,16,0.0,92.0,0.0,177.3
379,2025-09-29,116,13,131.4,322.9,2.5,1035.2
380,2023-02-20,66,15,59.3,94.3,3.5,152.6
381,2023-04-17,109,20,270.0,790.0,1.9,825.4
382,2023-03-20,24,4,0.0,122.2,0.0,302.6
383,2023-10-02,67,6,1044.5,460.8,11.7,592.1
384,2024-04-15,77,5,0.0,171.9,0.0,353.2
385,2024-03-18,49,11,784.5,714.9,3.5,2985.6
386,2025-08-04,26,7,0.0,427.3,0.0,1363.4
387,2024-05-13,86,22,1383.5,631.2,6.6,688.2
388,2024-10-28,76,12,0.0,97.3,0.0,35.9
389,2024-03-18,20,15,1614.4,824.7,14.7,625.8
390,2023-10-02,33,10,18.4,34.2,1.9,46.8
391,2023-01-23,28,5,1121.2,1116.1,11.1,424.1
392,2023-08-07,10,6,394.5,272.0,8.7,305.1
393,2025-02-17,39,4,1195.0,711.6,8.9,560.9
394,2024-02-19,15,13,0.0,881.9,0.0,383.3
395,2024-01-22,52,7,248.1,241.7,6.2,100.9
396,2025-07-07,34,4,215.0,371.8,3.4,426.4
397,2023-12-25,1,1,3161.0,1806.9,17.6,738.8
398,2023-02-20,115,8,1069.1,1539.3,7.6,648.3
399,2024-09-02,46,14,917.0,276.7,39.6,106.7
400,2023-01-01,57,7,405.2,1060.7,4.4,664.6
401,2025-12-22,17,6,0.0,281.8,0.0,107.4
402,2023-10-30,75,6,78.1,478.2,0.7,653.6
403,2024-08-05,98,11,789.3,451.6,9.3,592.6
404,2025-04-14,41,15,286.4,127.5,9.8,166.9
405,2024-04-15,84,12,132.0,304.8,1.8,406.0
406,2025-12-22,111,7,1340.8,1032.1,4.9,2209.0
407,2024-02-19,54,6,1189.0,523.7,10.9,638.3
408,2024-04-15,13,2,521.1,627.9,10.1,364.7
409,2025-07-07,67,1,738.3,619.4,6.3,844.8
410,2024-04-15,47,20,2161.1,1025.6,8.1,987.5
411,2025-02-17,66,18,98.8,135.4,3.8,224.0
412,2025-09-01,90,12,31.8,36.6,5.1,77.0
413,2025-12-22,51,7,0.0,365.8,0.0,487.7
414,2025-06-09,84,17,98.4,238.8,1.6,533.7
415,2023-01-01,8,8,116.5,1123.0,0.7,2615.9
416,2025-04-14,26,18,0.0,298.4,0.0,727.5
417,2023-10-30,3,10,957.4,453.1,8.2,1096.2
418,2023-06-12,97,4,564.0,284.1,19.9,201.9
419,2024-09-02,29,5,640.1,475.8,15.2,201.9
420,2023-10-30,38,18,676.2,228.1,8.9,281.8
421,2024-04-15,74,11,2791.6,2195.6,6.7,2848.8
422,2023-01-01,55,11,3019.9,1351.3,11.7,1001.9
423,2025-05-12,102,9,177.5,564.5,3.5,207.2
424,2023-03-20,108,21,171.6,308.9,4.5,176.6
425,2024-06-10,30,9,290.3,181.7,5.6,271.7
426,2025-07-07,41,8,122.9,139.2,3.2,130.3
427,2023-07-10,91,11,0.0,780.6,0.0,947.9
428,2024-09-30,55,21,2116.8,1049.0,7.8,1638.6
429,2023-04-17,101,3,4.6,40.3,0.5,70.3
430,2025-11-24,52,5,116.2,76.8,4.3,231.5
431,2025-08-04,20,15,1738.3,824.7,15.8,372.3
432,2023-03-20,52,5,157.7,76.8,5.8,148.4
433,2023-05-15,58,22,851.2,1225.6,2.8,1657.8
434,2025-11-24,29,17,752.9,491.1,10.3,773.7
435,2024-12-23,31,5,0.0,320.3,0.0,2136.6
436,2023-10-02,5,7,452.5,662.3,3.4,1233.5
437,2023-12-25,11,9,3138.8,1138.3,12.3,1020.3
438,2023-02-20,3,19,1184.9,474.2,11.9,643.0
439,2025-02-17,32,17,270.7,80.0,10.3,99.2
440,2025-03-17,106,8,137.2,322.5,2.4,352.4
441,2023-11-27,44,17,476.5,929.8,6.1,389.6
442,2023-09-04,86,13,1086.8,501.9,11.1,625.5
443,2025-04-14,88,17,1239.6,384.0,11.5,561.0
444,2025-09-29,40,20,700.0,1523.1,4.6,682.1
445,2023-02-20,78,16,27.7,485.5,0.2,884.9
446,2025-06-09,33,13,25.3,18.6,5.3,24.4
447,2024-05-13,16,12,1240.3,371.0,16.3,272.9
448,2023-10-30,118,6,1214.8,550.0,23.1,240.7
449,2023-01-23,43,10,720.2,340.5,9.1,601.2
450,2023-01-23,50,10,0.0,864.1,0.0,1648.6
451,2025-10-27,57,2,0.0,1113.8,0.0,1125.4
452,2023-12-25,73,4,194.7,796.2,2.1,861.5
453,2025-04-14,96,9,550.1,561.7,4.6,202.5
454,2024-09-02,107,9,0.0,356.1,0.0,471.4
455,2025-03-17,115,10,4194.6,1992.9,22.6,869.0
456,2025-10-27,53,9,1238.5,1160.7,5.9,1798.4
457,2024-02-19,35,9,434.5,1702.5,1.2,1570.1
458,2023-07-10,106,8,650.8,322.5,11.2,304.8
459,2025-02-17,117,18,661.5,198.3,13.0,289.9
460,2023-11-27,98,6,0.0,282.2,0.0,938.7
461,2023-10-02,111,7,952.7,1032.1,3.5,3222.3
462,2024-10-28,15,1,164.1,1624.2,1.0,2302.2
463,2023-10-02,13,8,498.3,295.2,13.2,297.0
464,2025-04-14,19,16,330.0,193.4,7.3,113.6
465,2025-06-09,37,17,1518.9,941.6,9.0,1520.8
466,2025-02-17,31,15,775.2,242.5,10.4,334.6
467,2023-10-30,20,12,2003.4,2053.9,9.2,1313.3
468,2024-11-25,109,17,0.0,573.9,0.0,1302.8
469,2024-07-08,106,20,195.5,394.7,2.5,410.7
470,2025-05-12,31,4,99.7,459.4,0.7,957.7
471,2025-08-04,42,9,454.8,629.4,4.3,372.6
472,2025-08-04,53,5,1143.8,550.8,8.2,687.3
473,2023-01-01,64,14,469.3,631.4,3.1,2453.0
474,2025-11-24,31,21,468.9,740.0,3.5,1354.7
475,2025-04-14,74,9,1305.3,1692.3,4.1,3120.5
476,2023-10-30,118,19,476.4,519.9,8.2,401.6
477,2023-03-20,8,19,388.3,1069.6,1.9,1083.3
478,2023-01-01,6,14,1133.0,709.1,6.2,1258.8
479,2023-09-04,35,9,2376.9,1702.5,6.7,1011.2
480,2024-09-02,119,21,761.7,224.9,14.9,178.8
481,2023-01-23,37,10,154.1,853.1,0.9,1270.8
482,2024-05-13,17,7,1153.5,463.3,28.1,196.3
483,2023-09-04,35,13,1455.8,766.3,7.4,1233.1
484,2025-01-20,11,9,311.4,1138.3,1.2,1552.9
485,2023-05-15,94,18,0.0,250.0,0.0,624.7
486,2023-06-12,81,4,788.1,812.9,4.5,886.6
487,2024-12-23,48,17,2684.0,1622.8,9.7,1149.5
488,2023-01-23,9,7,641.9,431.3,9.5,400.1
489,2024-06-10,73,20,2449.4,986.3,28.4,347.4
490,2024-01-22,31,1,1109.9,582.6,8.4,351.1
491,2025-08-04,32,14,156.8,149.2,5.8,142.8
492,2023-10-30,22,20,807.1,538.9,6.2,1014.2
493,2023-03-20,17,12,262.1,496.5,5.4,329.8
494,2023-05-15,106,16,464.4,204.2,8.5,444.5
495,2025-07-07,64,19,805.0,773.5,6.0,703.1
496,2024-09-30,78,9,0.0,682.1,0.0,1347.4
497,2024-01-22,40,6,758.3,951.5,7.7,718.5
498,2024-01-22,113,10,1070.6,373.6,11.4,206.5
499,2025-08-04,118,15,918.3,433.3,23.8,139.8
500,2025-10-27,101,6,113.1,53.1,9.1,70.7
501,2023-06-12,38,12,0.0,406.0,0.0,1717.8
502,2023-10-02,54,4,744.9,624.3,4.8,698.6
503,2023-10-30,62,2,0.0,684.2,0.0,836.1
504,2023-07-10,15,22,2289.2,1475.2,14.8,1133.8
505,2024-11-25,106,10,855.7,383.7,11.4,339.9
506,2023-09-04,80,3,103.3,207.2,2.2,339.0
507,2025-08-04,120,6,0.0,270.0,0.0,1338.4
508,2024-11-25,41,22,46.2,306.6,0.9,288.3
509,2024-10-28,41,1,450.0,282.5,8.4,396.2
510,2024-09-02,98,7,655.9,266.7,7.1,512.6
511,2024-09-30,12,16,2663.5,1131.1,13.9,807.2
512,2024-04-15,75,13,595.3,372.2,7.7,302.0
513,2024-09-02,14,1,502.4,208.3,18.6,106.0
514,2024-09-30,20,9,2089.4,1276.9,12.2,938.8
515,2024-03-18,105,4,605.8,988.5,5.4,926.7
516,2025-03-17,32,17,57.1,80.0,2.2,184.9
517,2024-09-02,16,22,834.5,497.8,10.4,465.4
518,2023-07-10,6,4,1551.5,858.1,8.0,804.5
519,2025-10-27,73,16,0.0,651.9,0.0,478.8
520,2024-11-25,2,7,0.0,2044.2,0.0,3259.4
521,2023-01-23,118,17,1042.5,595.7,15.9,221.7
522,2025-09-29,1,14,3328.8,1472.3,18.4,803.9
523,2023-04-17,21,15,411.0,227.9,9.7,285.2
524,2025-03-17,117,8,0.0,199.2,0.0,576.4
525,2025-09-29,31,5,405.6,320.3,5.4,725.0
526,2023-04-17,85,6,240.0,312.7,3.7,371.6
527,2023-01-01,67,10,282.8,486.0,2.3,1323.2
528,2023-10-30,31,5,0.0,320.3,0.0,661.6
529,2025-09-01,117,14,664.0,434.4,9.8,167.4
530,2023-07-10,86,13,815.4,501.9,8.4,404.6
531,2023-10-02,52,15,55.5,137.3,2.1,253.6
532,2023-03-20,26,18,0.0,298.4,0.0,514.4
533,2025-11-24,54,4,0.0,624.3,0.0,1408.4
534,2023-10-02,78,15,0.0,498.7,0.0,1096.1
535,2023-05-15,61,19,438.6,140.7,23.1,116.4
536,2024-09-30,49,11,0.0,714.9,0.0,3126.4
537,2024-12-23,56,3,963.1,1209.0,8.8,543.2
538,2023-10-30,87,14,2024.7,1610.4,7.3,2603.4
539,2024-09-30,32,1,405.2,137.0,14.5,151.3
540,2025-02-17,40,5,506.7,700.9,7.1,961.4
541,2025-01-20,30,8,347.4,257.1,7.8,172.5
542,2025-09-01,96,3,691.1,325.2,10.5,202.8
543,2023-12-25,36,8,122.1,334.2,4.2,218.4
544,2025-11-24,19,19,186.2,292.9,3.4,340.3
545,2025-02-17,102,8,1102.0,473.0,24.0,369.6
546,2025-01-20,55,21,2295.4,1049.0,8.4,787.6
547,2023-04-17,72,14,949.8,1042.0,6.4,305.5
548,2023-11-27,33,4,35.7,45.7,4.1,48.9
549,2024-09-30,114,19,206.5,196.6,3.1,212.3
550,2025-02-17,46,14,556.8,276.7,24.1,110.2
551,2025-03-17,18,4,3612.6,1910.1,11.0,1392.1
552,2025-09-29,32,3,0.0,47.1,0.0,83.2
553,2023-10-30,120,6,871.0,270.0,13.5,254.1
554,2025-11-24,5,12,354.8,736.1,2.4,737.0
555,2025-05-12,114,21,781.6,379.9,9.9,313.4
556,2025-08-04,48,9,1077.9,1585.0,3.9,1397.4
557,2024-10-28,84,13,299.4,145.4,9.8,190.0
558,2023-05-15,111,7,202.7,1032.1,0.7,1432.2
559,2025-06-09,41,13,262.0,157.4,9.9,156.1
560,2024-09-30,76,12,184.8,97.3,17.3,146.9
561,2024-04-15,66,18,132.6,135.4,5.1,225.6
562,2025-11-24,48,22,4898.3,1773.3,14.7,1296.6
563,2023-01-01,111,3,388.4,899.1,2.6,1337.2
564,2025-10-27,32,1,138.8,137.0,5.0,375.2
565,2024-07-08,65,11,1616.5,1060.4,10.7,593.7
566,2023-08-07,32,22,279.4,170.0,9.6,211.7
567,2025-01-20,49,17,364.8,824.9,1.9,1727.4
568,2025-10-27,60,6,132.7,284.3,2.1,860.6
569,2025-07-07,48,13,1564.2,817.7,9.1,880.3
570,2023-07-10,54,12,1421.3,644.6,8.5,640.8
571,2023-06-12,9,16,795.0,331.5,13.4,280.8
572,2025-04-14,67,3,28.4,284.2,0.5,498.3
573,2025-04-14,30,13,171.8,154.4,6.0,188.5
574,2023-11-27,19,3,0.0,113.3,0.0,373.6
575,2025-07-07,89,19,1063.9,690.0,7.9,819.4
576,2024-12-23,31,17,0.0,406.8,0.0,1646.3
577,2024-05-13,37,13,226.9,388.9,2.6,902.9
578,2023-09-04,102,16,696.0,515.3,15.8,361.8
579,2025-09-01,44,1,1516.1,777.2,18.6,980.0
580,2023-03-20,45,16,0.0,506.6,0.0,1100.3
581,2023-01-23,10,10,408.2,247.5,6.3,445.3
582,2023-01-23,58,1,1432.0,1659.8,4.8,2120.7
583,2023-01-23,10,12,165.8,330.8,2.5,298.3
584,2023-03-20,2,16,0.0,1349.1,0.0,1008.8
585,2025-10-27,112,16,0.0,416.6,0.0,1342.7
586,2023-10-30,73,20,768.8,986.3,8.9,907.3
587,2025-07-07,75,21,0.0,716.5,0.0,1723.7
588,2025-04-14,46,14,740.8,276.7,32.0,142.9
589,2023-01-01,113,10,669.6,373.6,7.1,355.7
590,2024-10-28,45,4,231.8,506.2,1.7,633.2
591,2023-10-30,2,8,921.0,976.7,5.3,1612.8
592,2024-08-05,3,1,653.5,436.8,5.4,833.4
593,2025-11-24,33,4,50.8,45.7,5.8,38.1
594,2023-11-27,15,13,1738.6,881.9,22.1,589.3
595,2024-09-30,63,19,3277.2,875.5,23.9,841.7
596,2025-12-22,38,4,187.8,520.8,1.9,546.4
597,2023-06-12,23,17,2610.6,1172.0,13.7,921.3
598,2025-08-04,45,16,0.0,506.6,0.0,916.9
599,2023-02-20,72,12,183.9,1202.3,1.2,477.9
600,2023-07-10,38,4,800.8,520.8,8.3,344.9
601,2023-11-27,3,19,506.6,474.2,5.1,361.9
602,2025-01-20,98,9,986.4,305.0,12.7,168.3
603,2025-05-12,58,20,1705.8,1604.8,5.6,1487.7
604,2024-06-10,58,5,757.1,718.7,5.3,524.2
605,2024-11-25,27,19,1145.2,436.0,14.5,396.4
606,2025-09-29,109,20,1636.8,790.0,11.7,896.4
607,2024-02-19,94,11,873.7,278.3,11.5,255.0
608,2025-02-17,76,6,86.8,89.5,10.8,39.4
609,2024-10-28,54,12,0.0,644.6,0.0,2176.2
610,2023-10-30,23,2,215.7,855.4,0.9,1411.2
611,2024-07-08,80,4,0.0,423.6,0.0,1060.7
612,2024-07-08,52,4,13.1,192.6,0.3,280.4
613,2023-02-20,29,17,0.0,491.1,0.0,1544.0
614,2025-09-29,81,16,222.8,521.6,2.0,545.5
615,2024-02-19,99,1,1063.6,676.8,7.5,370.2
616,2024-01-22,87,8,0.0,975.6,0.0,1559.1
617,2023-10-02,23,22,0.0,1490.3,0.0,2348.6
618,2023-10-30,104,13,0.0,141.2,0.0,140.1
619,2025-03-17,74,21,4017.0,1789.6,10.4,3289.5
620,2023-11-27,23,9,313.7,727.0,1.7,1364.6
621,2024-06-10,99,2,1617.7,851.3,10.5,306.6
622,2023-10-30,9,5,18.3,241.1,0.4,275.0
623,2023-07-10,57,16,1640.3,622.9,22.6,344.9
624,2024-09-02,74,3,434.5,1072.7,2.2,1480.5
625,2024-07-08,9,18,873.3,364.8,14.2,307.6
626,2023-08-07,81,11,1651.9,890.7,9.4,840.4
627,2023-01-01,31,4,1608.1,459.4,11.6,634.1
628,2024-09-30,118,5,585.8,403.0,14.7,295.3
629,2023-01-23,48,22,1697.0,1773.3,5.1,1621.1
630,2025-10-27,74,9,0.0,1692.3,0.0,3053.0
631,2023-01-23,78,6,1105.9,641.5,8.5,681.9
632,2024-12-23,36,13,452.3,197.4,26.3,121.1
633,2025-12-22,22,20,504.9,538.9,3.9,1245.4
634,2023-04-17,48,22,2941.2,1773.3,8.8,2505.0
635,2023-06-12,118,17,717.6,595.7,10.9,310.0
636,2025-11-24,82,3,0.0,177.7,0.0,293.4
637,2023-10-30,62,9,1.2,547.8,0.0,848.2
638,2025-03-17,52,2,354.9,269.0,7.8,475.1
639,2024-05-13,24,13,135.5,52.9,9.1,96.1
640,2024-12-23,40,8,2121.9,1169.4,19.0,880.9
641,2023-08-07,19,3,88.9,113.3,2.9,184.4
642,2024-11-25,98,12,319.6,368.3,3.1,761.2
643,2024-02-19,40,12,2089.0,1553.8,13.6,722.2
644,2024-09-30,44,22,261.5,613.7,2.9,1339.3
645,2025-09-01,4,4,0.0,346.1,0.0,389.6
646,2025-11-24,55,11,0.0,1351.3,0.0,1964.9
647,2024-12-23,25,5,93.2,116.9,4.6,167.1
648,2025-08-04,27,15,448.4,340.8,8.4,334.9
649,2023-01-01,55,15,2016.3,925.5,14.0,393.2
650,2023-08-07,9,2,0.0,413.2,0.0,606.5
651,2025-08-04,92,13,391.7,482.0,4.0,469.0
652,2023-11-27,89,19,200.3,690.0,1.5,783.8
653,2023-11-27,92,13,0.0,482.0,0.0,2016.1
654,2023-06-12,45,11,0.0,663.7,0.0,1285.1
655,2023-02-20,61,18,367.1,181.8,23.3,86.4
656,2023-04-17,16,13,112.7,213.0,3.0,419.3
657,2025-03-17,51,11,379.3,428.1,9.6,282.6
658,2025-01-20,86,14,1308.5,919.5,6.3,853.6
659,2024-10-28,109,15,0.0,265.1,0.0,1220.3
660,2023-09-04,109,17,825.6,573.9,7.2,398.2
661,2025-09-01,18,2,288.4,1168.3,0.7,5394.7
662,2023-10-30,35,13,1735.9,766.3,8.8,834.7
663,2025-08-04,69,13,381.5,176.0,9.3,115.2
664,2023-01-23,58,21,1660.6,1007.7,5.8,1174.0
665,2024-06-10,82,21,719.4,381.3,8.2,921.3
666,2024-12-23,57,15,0.0,488.0,0.0,511.5
667,2025-10-27,116,20,564.6,829.5,5.5,501.2
668,2024-11-25,10,12,559.3,330.8,8.5,379.2
669,2023-06-12,91,11,1333.7,780.6,15.7,338.8
670,2023-05-15,16,20,1368.4,438.7,15.5,214.0
671,2023-01-23,61,5,49.3,84.0,4.8,129.9
672,2024-06-10,37,22,0.0,981.1,0.0,1823.3
673,2023-04-17,2,20,3760.9,1676.9,17.2,1269.8
674,2025-07-07,6,7,2226.4,555.5,12.8,716.2
675,2023-01-01,99,1,1290.2,676.8,9.1,321.5
676,2023-01-01,18,3,1787.6,698.6,9.5,745.4
677,2023-11-27,56,19,5326.3,1707.1,28.3,1379.7
678,2025-09-01,43,21,665.8,333.6,8.5,340.2
679,2024-11-25,45,4,1296.9,506.2,9.4,966.4
680,2025-04-14,16,13,345.7,213.0,9.3,189.2
681,2023-07-10,88,10,1079.7,635.5,9.0,455.7
682,2024-06-10,16,11,280.7,388.3,3.9,953.8
683,2024-02-19,79,2,130.7,1301.2,0.9,509.7
684,2024-02-19,71,1,489.4,526.2,6.8,418.1
685,2024-07-08,42,8,901.7,544.7,9.0,836.5
686,2025-07-07,45,21,1293.8,674.0,9.0,771.0
687,2025-09-29,15,1,2364.0,1624.2,14.8,1250.3
688,2025-06-09,8,19,2529.6,1069.6,12.6,1444.4
689,2024-10-28,11,14,0.0,1725.9,0.0,4939.4
690,2025-05-12,76,6,43.5,89.5,5.4,121.9
691,2023-02-20,1,11,946.1,1092.9,5.1,575.2
692,2025-08-04,10,13,5.6,173.3,0.2,244.2
693,2024-08-05,38,13,381.6,152.1,7.8,230.6
694,2023-06-12,107,22,238.7,360.1,2.9,779.9
695,2024-06-10,36,14,478.1,271.1,14.3,198.3
696,2024-06-10,100,11,178.2,68.2,8.1,68.4
697,2024-08-05,109,21,942.5,641.1,7.2,928.8
698,2023-10-30,22,21,994.9,484.3,7.8,1460.8
699,2024-11-25,91,11,0.0,780.6,0.0,608.5
700,2024-12-23,33,11,0.0,41.0,0.0,82.5
701,2024-06-10,98,19,903.0,333.6,11.1,399.7
702,2023-05-15,76,13,94.5,56.1,18.2,26.7
703,2024-12-23,116,14,349.9,858.2,3.3,1007.2
704,2025-08-04,53,14,1733.9,1347.8,6.5,2042.2
705,2023-01-01,94,9,374.4,262.3,5.7,299.5
706,2025-01-20,68,10,685.7,1023.2,2.6,2663.1
707,2025-07-07,26,10,904.4,419.3,8.7,766.9
708,2024-11-25,102,22,2392.1,828.9,38.2,297.7
709,2024-03-18,72,5,2039.6,533.9,28.8,494.7
710,2023-01-23,60,19,707.2,461.7,9.2,920.8
711,2024-03-18,93,9,346.1,384.0,5.1,607.9
712,2025-12-22,79,9,1098.3,1022.0,9.3,794.6
713,2023-10-30,106,1,769.4,285.9,10.1,480.9
714,2024-01-22,81,16,688.5,521.6,6.2,685.5
715,2025-12-22,63,19,0.0,875.5,0.0,1359.8
716,2025-11-24,11,19,881.5,1502.0,3.5,1607.5
717,2023-06-12,62,2,0.0,684.2,0.0,1870.1
718,2025-03-17,3,21,0.0,747.4,0.0,798.9
719,2024-12-23,108,3,595.6,211.8,31.4,109.1
720,2024-02-19,112,9,264.5,562.7,2.1,332.5
721,2023-08-07,16,22,810.7,497.8,10.1,881.6
722,2024-11-25,71,15,492.3,306.2,15.1,220.7
723,2023-01-01,76,18,43.5,65.3,5.9,68.3
724,2025-09-01,23,9,1158.0,727.0,6.3,818.9
725,2024-06-10,75,18,963.4,390.6,8.3,452.6
726,2023-01-23,96,3,133.4,325.2,2.0,237.4
727,2025-06-09,23,22,1540.7,1490.3,6.8,718.5
728,2024-05-13,73,20,949.5,986.3,11.0,1004.7
729,2023-08-07,116,13,410.9,322.9,7.8,285.6
730,2023-05-15,63,4,1273.0,1340.9,7.8,426.0
731,2023-08-07,110,21,0.0,397.8,0.0,206.2
732,2025-05-12,48,13,12.2,817.7,0.1,1300.9
733,2024-06-10,120,21,84.0,339.5,0.9,731.8
734,2023-09-04,16,7,533.0,407.6,7.9,334.6
735,2023-10-02,36,19,612.0,243.9,19.5,235.7
736,2025-07-07,13,7,483.8,352.4,12.0,139.5
737,2025-09-01,114,19,237.1,196.6,3.5,334.6
738,2023-01-01,58,21,3351.0,1007.7,11.6,2149.1
739,2023-04-17,80,18,803.7,413.2,11.8,284.0
740,2024-01-22,29,8,788.9,595.2,13.5,272.9
741,2024-09-02,109,21,466.0,641.1,3.6,502.4
742,2025-11-24,12,20,1363.8,1476.3,4.6,1836.2
743,2023-01-01,85,6,743.1,312.7,11.4,142.8
744,2024-01-22,10,6,782.3,272.0,17.2,172.6
745,2024-08-05,36,6,352.7,320.6,13.3,110.5
746,2023-09-04,95,11,475.8,1530.3,2.3,1175.8
747,2024-08-05,82,9,1264.7,289.0,17.6,248.8
748,2023-11-27,16,21,169.5,353.3,2.3,351.6
749,2025-08-04,61,12,151.6,246.1,6.7,168.4
750,2025-09-01,43,12,569.6,359.1,6.7,343.0
751,2024-11-25,8,19,3507.8,1069.6,17.4,588.9
752,2024-09-30,84,13,141.8,145.4,4.6,221.3
753,2024-03-18,52,15,175.2,137.3,6.6,242.6
754,2023-09-04,6,9,101.7,728.8,0.6,1240.5
755,2023-09-04,65,11,2085.3,1060.4,13.8,448.1
756,2025-10-27,69,13,194.8,176.0,4.8,206.9
757,2023-05-15,15,17,865.1,1219.8,5.7,1128.4
758,2023-05-15,106,20,442.0,394.7,5.7,589.2
759,2025-10-27,10,6,490.7,272.0,10.8,420.5
760,2025-09-01,111,21,0.0,1672.3,0.0,2339.6
761,2024-12-23,100,11,238.5,68.2,10.8,149.1
762,2024-05-13,39,14,0.0,483.0,0.0,1112.3
763,2023-06-12,71,17,679.0,688.2,11.4,403.6
764,2023-04-17,30,9,37.5,181.7,0.7,524.5
765,2025-05-12,18,3,0.0,698.6,0.0,1628.8
766,2024-01-22,102,17,1085.1,692.9,19.7,330.5
767,2025-05-12,78,15,495.0,498.7,5.4,641.0
768,2025-10-27,63,7,429.4,1557.6,2.8,1289.6
769,2025-09-29,93,22,281.5,361.6,3.1,246.3
770,2024-10-28,110,11,252.9,374.7,8.3,398.7
771,2023-06-12,62,22,2011.6,601.0,13.0,785.4
772,2025-05-12,56,5,2455.3,1463.1,20.1,351.0
773,2024-01-22,74,7,2234.5,1658.6,6.2,1595.5
774,2025-10-27,116,11,460.4,1144.2,4.3,1399.3
775,2023-08-07,104,11,787.4,329.9,25.3,234.0
776,2024-09-30,15,22,1171.3,1475.2,7.6,723.0
777,2023-09-04,54,10,1805.1,557.4,10.5,924.4
778,2025-01-20,56,5,772.9,1463.1,6.3,537.2
779,2025-11-24,88,14,783.9,673.4,6.8,873.8
780,2025-09-29,3,18,889.4,503.4,10.3,670.7
781,2023-04-17,17,16,580.3,316.5,17.1,142.0
782,2023-01-01,23,2,985.0,855.4,4.2,2612.5
783,2023-02-20,58,16,0.0,985.6,0.0,2077.3
784,2023-01-23,36,14,615.8,271.1,18.4,135.4
785,2024-10-28,47,10,296.2,1429.1,1.0,1166.3
786,2023-06-12,111,10,3392.2,1092.1,10.4,1780.3
787,2025-01-20,94,2,595.6,421.7,7.1,747.9
788,2023-07-10,116,18,791.7,618.5,9.6,287.4
789,2025-04-14,67,1,394.5,619.4,3.4,1035.9
790,2025-07-07,111,10,3929.3,1092.1,12.0,1420.4
791,2023-04-17,116,13,1033.0,322.9,19.6,350.9
792,2023-01-01,31,16,1029.0,540.3,10.7,630.3
793,2024-06-10,9,17,457.9,366.3,6.1,156.0
794,2023-04-17,102,9,577.3,564.5,11.5,305.0
795,2025-09-29,29,8,1714.2,595.2,29.4,472.4
796,2023-10-30,96,9,247.0,561.7,2.1,1602.3
797,2023-02-20,85,19,716.6,443.0,9.0,205.2
798,2023-09-04,97,2,456.5,302.8,15.4,267.7
799,2023-03-20,106,17,212.3,415.2,3.2,310.5
800,2024-03-18,44,15,989.8,330.6,21.1,121.9
801,2024-02-19,113,6,706.2,284.2,10.9,142.7
802,2023-02-20,17,19,261.3,339.3,7.0,186.3
803,2025-07-07,71,15,1046.9,306.2,32.0,217.6
804,2025-12-22,61,22,436.1,234.9,18.8,119.6
805,2025-10-27,28,19,0.0,1650.5,0.0,1256.7
806,2025-08-04,14,1,768.2,208.3,28.4,163.1
807,2023-09-04,34,19,256.0,260.5,4.3,660.7
808,2025-12-22,13,17,730.8,472.0,17.8,231.4
809,2023-03-20,118,21,1388.0,869.1,19.4,684.7
810,2023-10-30,23,22,1358.1,1490.3,6.0,2018.2
811,2024-07-08,99,9,1720.0,583.3,13.0,682.3
812,2024-12-23,15,19,0.0,1489.0,0.0,1844.1
813,2024-09-30,41,20,0.0,199.2,0.0,390.3
814,2023-04-17,27,14,556.5,593.7,5.4,600.9
815,2023-11-27,26,4,857.1,567.2,8.5,817.8
816,2024-03-18,39,12,1470.4,773.3,11.3,306.9
817,2023-05-15,51,7,33.2,365.8,0.9,214.4
818,2024-03-18,38,16,209.6,216.6,3.1,430.7
819,2024-03-18,69,14,123.3,421.4,1.5,935.8
820,2025-03-17,52,19,335.2,139.9,8.3,124.2
821,2023-11-27,35,16,2215.3,1269.1,8.1,3099.1
822,2023-02-20,3,21,1329.4,747.4,11.6,563.2
823,2023-01-01,85,5,492.3,214.1,10.3,136.1
824,2023-07-10,18,3,2248.9,698.6,12.0,655.4
825,2024-02-19,37,16,1018.3,526.6,8.2,873.4
826,2024-03-18,88,10,1083.6,635.5,9.0,451.9
827,2025-06-09,10,3,0.0,197.3,0.0,586.7
828,2023-10-30,95,19,1707.2,1190.0,10.9,708.9
829,2024-02-19,42,4,0.0,709.3,0.0,1880.2
830,2023-06-12,35,2,52.0,1653.1,0.1,1864.0
831,2024-12-23,26,7,8.2,427.3,0.1,897.5
832,2024-12-23,17,6,251.8,281.8,7.5,545.2
833,2024-03-18,48,17,663.5,1622.8,2.4,1362.0
834,2024-08-05,50,11,3069.2,940.7,13.1,679.7
835,2024-09-30,96,3,273.2,325.2,4.1,169.3
836,2025-04-14,51,22,353.0,319.1,8.4,249.7
837,2024-03-18,3,5,0.0,388.2,0.0,561.5
838,2024-03-18,6,19,1716.0,707.7,11.1,642.2
839,2025-03-17,58,7,0.0,907.6,0.0,1469.0
840,2023-02-20,103,4,478.5,247.2,11.4,249.5
841,2025-12-22,17,21,12.4,440.3,0.3,368.5
842,2023-01-23,105,4,1715.5,988.5,15.3,519.6
843,2024-09-02,73,17,676.2,586.1,8.1,497.5
844,2024-06-10,82,3,132.3,177.7,3.3,161.5
845,2024-05-13,82,9,269.1,289.0,3.8,216.4
846,2024-04-15,25,18,162.0,133.2,5.3,195.5
847,2025-11-24,60,9,932.6,399.4,12.5,426.2
848,2025-02-17,37,22,1531.1,981.1,7.6,1944.0
849,2024-10-28,1,20,659.3,1975.1,3.4,1851.4
850,2023-02-20,5,12,785.5,736.1,5.2,1377.3
851,2023-05-15,52,19,0.0,139.9,0.0,496.2
852,2025-11-24,15,19,2054.0,1489.0,17.3,649.4
853,2023-09-04,98,7,754.6,266.7,8.2,413.9
854,2023-08-07,63,9,2156.7,1062.3,15.3,368.8
855,2023-04-17,38,4,1163.3,520.8,12.1,410.6
856,2025-07-07,98,7,1000.5,266.7,10.9,380.6
857,2023-12-25,1,3,0.0,651.0,0.0,1437.5
858,2024-09-30,88,22,367.6,541.5,2.9,838.1
859,2025-01-20,39,10,578.2,782.6,4.0,420.2
860,2025-01-20,18,3,1249.4,698.6,6.7,626.2
861,2023-10-02,93,3,409.7,166.2,9.9,90.3
862,2023-09-04,2,6,962.0,1255.7,5.8,1294.5
863,2025-10-27,19,8,511.5,148.6,10.8,368.0
864,2024-11-25,86,15,0.0,319.2,0.0,1688.5
865,2023-09-04,36,13,96.9,197.4,5.6,62.3
866,2025-08-04,43,20,662.9,294.4,8.6,348.5
867,2025-01-20,75,10,0.0,496.1,0.0,1366.3
868,2023-10-02,76,4,0.0,129.4,0.0,111.9
869,2024-05-13,112,3,105.8,363.3,1.7,465.3
870,2024-08-05,84,5,423.7,203.2,12.6,151.6
871,2025-06-09,67,10,488.3,486.0,4.0,659.5
872,2024-10-28,82,7,188.0,330.4,2.6,647.6
873,2023-06-12,36,8,477.9,334.2,16.6,333.9
874,2024-09-30,106,17,654.5,415.2,10.0,726.8
875,2023-10-02,87,12,730.2,1280.6,2.5,2531.0
876,2025-05-12,17,12,0.0,496.5,0.0,340.9
877,2025-12-22,28,8,586.4,1678.8,3.8,1020.7
878,2025-04-14,102,6,990.5,505.6,23.5,295.4
879,2023-10-02,73,21,1670.5,646.5,19.9,522.1
880,2025-01-20,106,21,1028.9,466.9,13.8,293.7
881,2023-08-07,32,2,159.4,114.9,5.4,175.1
882,2024-09-02,84,10,570.4,438.0,8.3,466.3
883,2023-06-12,16,7,363.0,407.6,5.4,433.7
884,2025-05-12,37,2,490.4,866.2,2.4,2175.8
885,2024-01-22,1,12,5395.2,1754.4,28.0,819.0
886,2023-07-10,112,3,436.5,363.3,7.1,253.4
887,2024-10-28,66,6,214.2,80.9,9.5,90.2
888,2025-09-01,11,13,1403.9,792.0,9.8,1052.0
889,2024-04-15,89,19,817.8,690.0,6.1,778.8
890,2023-07-10,119,16,50.2,178.9,1.4,163.9
891,2023-01-01,53,20,3491.1,813.5,13.8,1122.1
892,2023-10-30,16,20,814.1,438.7,9.2,215.2
893,2025-10-27,54,17,0.0,707.3,0.0,1981.6
894,2025-11-24,106,17,579.5,415.2,8.9,290.9
895,2024-09-02,69,2,0.0,341.4,0.0,1104.3
896,2024-12-23,99,21,476.3,780.9,3.6,1146.2
897,2025-03-17,2,6,2972.6,1255.7,18.0,389.7
898,2025-09-01,37,3,486.3,423.3,5.1,460.8
899,2023-09-04,114,17,576.5,244.1,8.3,472.2
900,2023-03-20,29,5,1585.4,475.8,37.7,136.0
901,2025-09-29,97,14,1.7,182.5,0.1,119.8
902,2023-12-25,93,15,317.4,148.8,7.0,271.3
903,2025-04-14,69,11,207.2,482.7,2.4,603.7
904,2024-12-23,64,17,57.1,673.3,0.4,869.3
905,2023-03-20,111,8,0.0,1000.4,0.0,2458.8
906,2025-09-29,87,14,1732.5,1610.4,6.3,894.5
907,2023-12-25,43,20,0.0,294.4,0.0,621.9
908,2025-03-17,108,3,183.9,211.8,9.7,166.2
909,2024-02-19,39,3,0.0,214.7,0.0,562.5
910,2024-04-15,71,6,130.0,580.0,2.7,497.1
911,2023-08-07,65,19,2001.2,1189.3,16.6,1190.3
912,2024-05-13,2,9,0.0,2010.4,0.0,1349.2
913,2024-05-13,120,19,680.4,256.9,9.1,268.9
914,2025-04-14,5,11,1945.2,692.2,13.1,623.6
915,2025-03-17,84,15,396.8,196.3,11.5,181.6
916,2024-04-15,113,6,397.1,284.2,6.1,303.5
917,2025-07-07,43,20,810.2,294.4,10.5,423.2
918,2025-07-07,16,21,601.1,353.3,8.1,431.1
919,2024-03-18,117,14,757.3,434.4,11.2,466.5
920,2023-10-30,87,13,1606.3,695.9,12.0,690.2
921,2025-08-04,13,8,0.0,295.2,0.0,435.8
922,2024-09-02,120,21,0.0,339.5,0.0,599.7
923,2023-11-27,29,7,1501.0,727.9,20.4,225.2
924,2023-01-01,45,15,800.5,400.3,10.0,312.7
925,2023-10-30,69,14,1164.7,421.4,14.1,179.4
926,2025-11-24,102,17,848.6,692.9,15.4,212.8
927,2024-03-18,101,9,80.6,48.6,5.6,89.4
928,2023-10-02,1,13,453.8,670.2,5.1,901.1
929,2023-10-02,12,13,0.0,636.2,0.0,2406.8
930,2025-07-07,109,12,165.5,561.6,1.2,858.6
931,2023-12-25,13,21,930.1,514.3,21.3,175.8
932,2023-07-10,94,18,389.7,250.0,6.3,334.0
933,2023-11-27,104,18,508.4,207.5,20.5,100.8
934,2025-12-22,4,7,237.6,259.3,3.1,881.5
935,2023-12-25,105,20,918.5,953.2,6.9,1361.7
936,2023-03-20,61,7,145.4,135.8,7.7,130.6
937,2023-08-07,4,7,232.9,259.3,3.1,305.4
938,2023-07-10,71,15,166.9,306.2,5.1,133.2
939,2024-02-19,51,1,0.0,305.1,0.0,194.0
940,2025-06-09,75,4,213.6,649.5,1.5,1067.8
941,2023-02-20,88,1,471.5,412.1,4.1,672.8
942,2024-07-08,65,19,56.8,1189.3,0.5,966.1
943,2025-03-17,15,2,0.0,1277.7,0.0,2441.8
944,2024-11-25,53,8,1452.7,821.2,7.7,1586.5
945,2024-03-18,6,9,774.6,728.8,4.8,760.4
946,2023-07-10,80,3,540.0,207.2,11.7,163.3
947,2025-01-20,16,20,412.6,438.7,4.7,452.8
948,2025-11-24,53,3,825.1,601.7,6.3,1003.4
949,2025-11-24,1,1,2542.0,1806.9,14.2,2087.4
950,2025-03-17,12,21,593.3,1289.8,2.3,1009.2
951,2023-12-25,61,7,0.0,135.8,0.0,216.3
952,2025-09-29,71,6,893.8,580.0,18.8,257.8
953,2024-09-30,51,13,184.4,227.6,9.4,51.3
954,2025-05-12,28,8,842.4,1678.8,5.5,1497.3
955,2025-08-04,11,13,726.3,792.0,5.1,1292.6
956,2024-02-19,58,5,0.0,718.7,0.0,1369.8
957,2024-08-05,119,4,365.6,191.6,7.6,252.0
958,2025-12-22,18,5,1158.2,696.6,6.3,1971.1
959,2025-05-12,107,22,902.6,360.1,10.8,375.4
960,2024-05-13,59,20,0.0,896.5,0.0,1832.2
961,2025-07-07,93,8,158.3,288.5,2.6,428.7
962,2024-10-28,102,9,0.4,564.5,0.0,565.7
963,2023-01-01,10,8,516.3,284.0,10.1,224.6
964,2023-05-15,53,20,3070.0,813.5,12.1,985.2
965,2024-06-10,43,9,797.4,205.7,12.6,334.1
966,2023-10-02,22,5,0.0,287.1,0.0,1311.1
967,2024-09-02,92,2,1432.9,888.4,7.6,581.6
968,2025-03-17,68,10,0.0,1023.2,0.0,2173.8
969,2023-10-02,106,20,739.2,394.7,9.5,700.7
970,2023-10-02,72,22,1450.4,1068.9,10.1,1234.5
971,2023-11-27,24,3,0.0,58.6,0.0,312.1
972,2024-12-23,118,19,991.2,519.9,17.2,269.2
973,2024-05-13,70,10,0.0,397.9,0.0,176.6
974,2023-08-07,78,3,639.9,517.1,7.7,288.6
975,2025-08-04,86,13,442.2,501.9,4.5,833.7
976,2024-06-10,21,14,1062.0,421.2,12.7,311.1
977,2025-12-22,24,13,63.0,52.9,4.2,193.9
978,2024-01-22,64,11,1355.7,755.5,8.8,1189.9
979,2024-11-25,119,21,488.3,224.9,9.5,260.6
980,2024-11-25,92,11,300.6,1000.0,1.7,1036.0
981,2024-03-18,74,21,188.7,1789.6,0.5,2717.3
982,2024-08-05,68,10,0.0,1023.2,0.0,2342.0
983,2023-02-20,108,21,189.7,308.9,5.0,203.4
984,2024-07-08,116,17,0.0,654.8,0.0,470.3
985,2025-07-07,23,9,493.4,727.0,2.7,925.1
986,2023-11-27,77,21,354.8,329.0,7.3,673.4
987,2023-12-25,17,7,238.2,463.3,5.8,227.7
988,2024-09-02,44,6,761.9,748.1,12.1,316.2
989,2025-08-04,98,12,32.4,368.3,0.3,376.8
990,2023-09-04,87,21,3471.8,1095.0,12.5,507.1
991,2023-05-15,61,22,203.5,234.9,8.8,142.5
992,2025-12-22,38,16,492.4,216.6,7.3,672.5
993,2023-03-20,87,12,1329.3,1280.6,4.5,1009.6
994,2025-01-20,36,13,360.4,197.4,21.0,96.3
995,2024-09-02,89,3,168.5,335.2,2.1,196.8
996,2023-05-15,13,15,309.5,263.7,12.6,79.9
997,2024-12-23,5,12,443.4,736.1,3.0,892.0
998,2025-01-20,106,10,88.9,383.7,1.2,382.3
999,2024-05-13,78,15,383.5,498.7,4.2,344.6
1000,2024-03-18,26,7,508.5,427.3,5.4,555.6
1001,2024-01-22,48,5,1046.6,879.0,6.2,756.2
1002,2024-09-02,29,10,3533.1,898.5,43.5,300.2
1003,2023-11-27,72,3,799.4,644.7,12.2,404.4
1004,2025-12-22,13,2,920.4,627.9,17.9,290.0
1005,2023-10-30,105,13,1436.3,458.6,24.6,490.4
1006,2025-10-27,57,7,0.0,1060.7,0.0,1849.2
1007,2023-01-01,4,3,759.2,207.6,19.5,178.1
1008,2023-01-23,90,17,10.7,27.8,2.1,31.7
1009,2023-03-20,37,2,0.0,866.2,0.0,1914.7
1010,2023-04-17,95,13,1617.4,765.0,15.9,621.1
1011,2024-09-30,53,9,689.0,1160.7,3.3,1260.3
1012,2025-12-22,108,17,450.6,306.5,12.8,174.8
1013,2025-01-20,63,2,2363.8,1144.2,13.8,1036.7
1014,2024-03-18,23,14,362.9,1006.0,1.7,1423.7
1015,2025-11-24,108,21,184.0,308.9,4.9,316.3
1016,2025-05-12,110,11,584.2,374.7,19.2,151.0
1017,2024-09-02,61,22,158.2,234.9,6.8,219.9
1018,2023-12-25,28,17,903.4,2125.5,4.6,1009.1
1019,2025-03-17,119,14,124.9,279.0,2.3,582.3
1020,2025-02-17,24,4,182.1,122.2,6.0,84.8
1021,2023-01-01,30,3,304.7,137.1,10.1,185.0
1022,2023-02-20,28,17,3232.9,2125.5,16.5,976.5
1023,2023-05-15,10,9,115.3,280.7,2.2,199.0
1024,2023-02-20,105,20,1657.0,953.2,12.5,284.5
1025,2023-11-27,25,4,200.8,127.9,5.1,345.4
1026,2023-01-23,80,12,479.7,524.7,5.1,967.6
1027,2024-03-18,47,10,3571.5,1429.1,12.1,504.0
1028,2024-11-25,99,1,751.1,676.8,5.3,682.7
1029,2025-11-24,3,15,569.8,321.4,9.2,478.4
1030,2025-03-17,111,19,2402.6,1384.7,9.1,1679.2
1031,2023-04-17,16,22,475.1,497.8,5.9,337.3
1032,2024-07-08,10,8,492.4,284.0,9.7,309.4
1033,2025-11-24,35,2,1529.9,1653.1,3.7,2340.8
1034,2023-05-15,43,1,418.3,346.8,5.4,552.2
1035,2024-12-23,64,10,1023.7,690.5,6.6,636.6
1036,2025-07-07,120,7,450.0,389.7,5.3,472.9
1037,2024-12-23,75,13,792.3,372.2,10.3,683.9
1038,2025-06-09,3,4,1069.6,401.0,8.5,475.5
1039,2023-10-30,115,22,2464.4,2457.1,12.0,971.2
1040,2025-10-27,75,8,0.0,394.7,0.0,1461.8
1041,2023-06-12,3,10,369.0,453.1,3.2,796.0
1042,2025-12-22,88,10,651.5,635.5,5.4,840.3
1043,2025-12-22,75,19,0.0,501.0,0.0,1207.1
1044,2025-10-27,4,7,71.1,259.3,0.9,640.3
1045,2025-02-17,50,15,1191.8,694.9,9.5,648.5
1046,2024-10-28,87,22,0.0,941.8,0.0,3809.6
1047,2025-08-04,30,9,146.7,181.7,2.8,415.4
1048,2025-04-14,5,14,1801.7,635.6,11.9,482.1
1049,2024-05-13,32,22,168.5,170.0,5.8,75.4
1050,2025-04-14,72,10,2562.6,1523.0,18.4,677.2
1051,2023-10-02,23,9,1682.4,727.0,9.1,741.2
1052,2025-02-17,84,15,445.2,196.3,13.0,138.5
1053,2023-01-23,86,7,371.1,706.6,2.3,1728.4
1054,2025-09-01,40,12,1599.0,1553.8,10.4,1719.4
1055,2024-09-30,52,15,176.4,137.3,6.6,136.8
1056,2025-04-14,51,11,414.7,428.1,10.5,257.3
1057,2025-06-09,34,12,0.0,298.3,0.0,990.1
1058,2023-06-12,73,11,825.3,949.4,9.6,790.4
1059,2023-10-30,9,15,327.1,144.0,8.4,154.5
1060,2025-07-07,34,11,652.2,349.7,10.7,365.9
1061,2024-03-18,93,2,812.6,522.4,9.5,496.3
1062,2024-06-10,53,14,1340.5,1347.8,5.0,1595.4
1063,2023-07-10,75,18,1177.1,390.6,10.1,842.8
1064,2023-03-20,99,21,572.7,780.9,4.3,580.2
1065,2023-12-25,102,9,236.1,564.5,4.7,339.8
1066,2024-02-19,74,11,2772.7,2195.6,6.7,1076.0
1067,2023-06-12,105,2,2899.3,1354.8,22.0,181.7
1068,2023-09-04,16,20,198.6,438.7,2.2,1053.2
1069,2025-01-20,55,11,2769.6,1351.3,10.8,948.1
1070,2023-12-25,53,8,404.7,821.2,2.1,2493.0
1071,2025-04-14,29,17,1330.0,491.1,18.2,387.8
1072,2025-10-27,32,3,25.2,47.1,1.8,64.0
1073,2023-07-10,61,5,133.6,84.0,13.1,42.8
1074,2024-03-18,45,12,884.3,776.7,5.9,1167.9
1075,2025-11-24,78,3,0.0,517.1,0.0,1573.4
1076,2024-05-13,29,18,906.8,410.7,15.5,334.4
1077,2025-07-07,33,19,66.6,34.3,8.7,46.3
1078,2024-12-23,102,8,460.3,473.0,10.0,736.1
1079,2023-12-25,41,1,577.7,282.5,10.7,149.2
1080,2023-07-10,19,8,408.9,148.6,8.6,134.2
1081,2024-02-19,42,22,1571.5,716.8,11.5,530.6
1082,2024-03-18,54,13,193.8,325.4,2.4,351.3
1083,2024-06-10,61,16,117.0,145.5,7.5,51.2
1084,2023-02-20,32,3,125.7,47.1,9.1,42.4
1085,2025-12-22,42,22,2093.2,716.8,15.3,509.4
1086,2023-02-20,110,19,222.3,181.8,8.9,176.9
1087,2023-07-10,88,17,1684.8,384.0,15.6,260.6
1088,2023-02-20,88,8,1077.1,365.8,12.1,623.1
1089,2023-06-12,60,1,884.3,503.4,9.1,743.1
1090,2023-05-15,32,12,313.2,134.1,10.5,142.6
1091,2023-09-04,75,18,0.0,390.6,0.0,1094.8
1092,2025-01-20,55,10,1643.3,1421.7,5.5,2423.5
1093,2023-09-04,117,16,576.7,313.3,11.0,256.6
1094,2024-09-02,99,15,657.4,238.1,8.1,446.1
1095,2025-09-29,109,12,59.0,561.6,0.4,1003.1
1096,2025-12-22,47,18,1897.5,1163.9,9.0,1533.3
1097,2025-08-04,78,3,603.7,517.1,7.2,324.8
1098,2025-09-01,104,12,0.0,282.7,0.0,93.5
1099,2025-08-04,60,9,886.6,399.4,11.9,498.9
1100,2024-08-05,111,10,2552.8,1092.1,7.8,1713.3
1101,2024-10-28,74,9,0.0,1692.3,0.0,2521.5
1102,2024-09-02,70,8,496.8,355.5,14.0,206.0
1103,2023-02-20,41,8,144.2,139.2,3.8,180.2
1104,2025-07-07,111,13,1656.8,557.6,10.2,825.8
1105,2024-11-25,52,9,310.0,208.0,8.4,306.7
1106,2024-05-13,102,11,0.0,431.6,0.0,696.5
1107,2025-09-01,54,13,379.1,325.4,4.6,381.0
1108,2023-09-04,45,21,0.0,674.0,0.0,1157.7
1109,2023-01-23,67,4,0.0,650.5,0.0,950.2
1110,2024-02-19,61,17,637.6,231.1,32.3,150.6
1111,2023-07-10,95,11,3806.6,1530.3,18.6,1851.6
1112,2023-07-10,40,12,2567.9,1553.8,16.8,683.9
1113,2024-11-25,33,4,37.1,45.7,4.3,83.3
1114,2024-05-13,65,12,2960.4,1115.7,16.2,625.0
1115,2023-02-20,75,12,431.4,690.7,2.4,665.1
1116,2025-04-14,119,15,0.0,113.0,0.0,431.1
1117,2024-01-22,28,13,0.0,699.4,0.0,791.2
1118,2024-09-02,106,21,647.1,466.9,8.7,282.0
1119,2024-09-02,55,19,1993.5,1101.4,8.1,1054.3
1120,2024-09-02,17,15,676.7,276.1,27.0,146.7
1121,2024-02-19,53,20,2700.5,813.5,10.7,658.3
1122,2023-10-02,97,4,2.5,284.1,0.1,260.5
1123,2023-12-25,86,15,612.4,319.2,6.1,745.8
1124,2024-08-05,9,15,356.7,144.0,9.1,179.6
1125,2025-09-01,17,1,451.4,420.1,10.2,379.6
1126,2025-03-17,58,3,329.0,814.0,2.3,691.9
1127,2025-09-01,70,13,0.0,264.0,0.0,611.9
1128,2023-06-12,42,9,899.1,629.4,8.5,721.6
1129,2025-09-29,25,18,286.0,133.2,9.4,82.6
1130,2024-09-30,104,10,273.1,353.2,8.5,98.2
1131,2024-09-02,18,4,4481.5,1910.1,13.6,1271.0
1132,2024-04-15,40,12,1184.0,1553.8,7.7,614.3
1133,2023-09-04,82,9,657.2,289.0,9.2,715.3
1134,2025-07-07,104,19,71.2,240.4,2.7,158.1
1135,2023-08-07,74,11,3698.9,2195.6,8.9,2821.7
1136,2023-10-02,115,8,0.0,1539.3,0.0,1494.0
1137,2024-06-10,106,10,0.0,383.7,0.0,686.9
1138,2025-10-27,74,11,1734.7,2195.6,4.2,2937.0
1139,2024-11-25,86,20,2556.8,1014.6,12.6,917.4
1140,2023-02-20,73,16,504.8,651.9,7.7,235.4
1141,2023-10-30,55,15,1106.6,925.5,7.7,880.9
1142,2023-11-27,33,13,0.0,18.6,0.0,121.9
1143,2023-01-01,10,18,323.6,263.1,6.4,431.0
1144,2024-01-22,33,21,50.8,44.9,5.7,75.4
1145,2024-05-13,90,17,11.5,27.8,2.3,31.2
1146,2023-01-01,32,1,238.2,137.0,8.5,177.1
1147,2025-05-12,29,7,885.9,727.9,12.0,567.1
1148,2023-04-17,77,19,653.3,455.8,16.7,176.7
1149,2023-03-20,11,9,1113.4,1138.3,4.4,2711.8
1150,2023-11-27,58,20,2561.9,1604.8,8.4,1308.5
1151,2025-02-17,110,21,776.4,397.8,25.4,109.8
1152,2023-12-25,46,7,6.8,169.1,0.3,76.9
1153,2024-04-15,32,3,0.0,47.1,0.0,111.6
1154,2025-09-29,83,9,2817.2,966.3,11.7,865.9
1155,2023-02-20,42,14,1215.0,590.3,9.9,575.5
1156,2023-04-17,48,4,1625.7,1351.2,4.8,1667.0
1157,2023-03-20,82,3,456.9,177.7,11.2,80.0
1158,2025-06-09,90,12,52.6,36.6,8.5,38.2
1159,2023-06-12,42,16,297.1,369.8,3.4,676.3
1160,2025-09-01,34,22,1056.6,370.0,15.4,253.2
1161,2023-10-02,8,8,0.0,1123.0,0.0,1831.9
1162,2023-02-20,51,20,105.6,308.4,2.7,253.6
1163,2024-06-10,45,20,134.6,587.0,0.9,573.4
1164,2024-04-15,34,16,278.8,189.8,6.4,368.9
1165,2023-01-01,89,1,565.4,772.4,3.4,1430.6
1166,2023-04-17,115,8,426.9,1539.3,3.0,1477.4
1167,2023-01-23,82,21,0.0,381.3,0.0,1058.6
1168,2025-02-17,18,3,2443.5,698.6,13.0,889.9
1169,2025-09-01,60,19,888.7,461.7,11.6,730.8
1170,2025-12-22,103,4,221.9,247.2,5.3,221.7
1171,2023-04-17,13,15,537.1,263.7,21.9,196.3
1172,2024-08-05,12,21,2210.4,1289.8,8.6,1434.1
1173,2024-01-22,114,17,323.1,244.1,4.7,227.4
1174,2024-12-23,37,17,1854.6,941.6,11.0,1262.2
1175,2024-10-28,64,14,2409.8,631.4,15.8,542.7
1176,2023-01-23,29,7,791.4,727.9,10.8,635.2
1177,2024-06-10,67,6,543.0,460.8,6.1,819.3
1178,2025-09-29,30,3,426.3,137.1,14.2,133.3
1179,2024-08-05,59,18,2075.1,1016.9,9.7,1367.5
1180,2023-05-15,34,6,413.2,284.3,9.2,210.5
1181,2023-07-10,72,18,562.9,847.3,5.4,704.3
1182,2024-06-10,102,6,552.4,505.6,13.1,474.9
1183,2024-01-22,111,13,390.9,557.6,2.4,986.8
1184,2025-02-17,84,14,768.6,400.2,12.4,245.4
1185,2025-02-17,66,12,293.9,162.4,8.9,370.0
1186,2024-01-22,73,21,933.3,646.5,11.1,541.2
1187,2025-11-24,75,12,0.0,690.7,0.0,974.4
1188,2024-02-19,77,5,283.1,171.9,10.8,83.2
1189,2025-09-01,28,8,3368.9,1678.8,22.0,704.8
1190,2023-11-27,76,7,0.0,79.9,0.0,40.8
1191,2024-09-30,53,18,777.0,835.5,4.0,628.6
1192,2025-07-07,53,20,945.9,813.5,3.7,882.6
1193,2024-08-05,55,13,801.6,558.6,5.5,598.4
1194,2024-03-18,44,2,489.6,707.7,5.3,659.4
1195,2025-03-17,35,15,427.0,1108.4,2.1,1399.9
1196,2024-06-10,15,17,2849.4,1219.8,18.7,825.8
1197,2023-02-20,43,20,684.1,294.4,8.8,195.6
1198,2025-03-17,43,9,180.4,205.7,2.9,346.9
1199,2025-04-14,9,7,247.5,431.3,3.7,487.7
1200,2023-04-17,20,2,1876.5,1549.4,8.9,1513.8
1201,2025-08-04,113,6,0.0,284.2,0.0,380.4
1202,2023-02-20,42,10,1040.9,730.0,7.8,536.4
1203,2025-11-24,110,6,111.0,224.4,5.4,236.4
1204,2025-09-01,112,12,259.6,592.0,1.8,446.1
1205,2023-05-15,32,14,50.1,149.2,1.9,99.9
1206,2023-10-02,78,3,0.0,517.1,0.0,1453.5
1207,2025-08-04,71,15,421.3,306.2,12.9,248.0
1208,2024-01-22,19,6,155.3,250.3,3.6,167.1
1209,2023-05-15,35,1,5694.3,1465.1,13.8,1870.3
1210,2025-04-14,102,11,500.1,431.6,8.0,456.8
1211,2024-11-25,69,14,161.4,421.4,2.0,1480.7
1212,2025-09-29,21,14,377.2,421.2,4.5,490.8
1213,2023-09-04,73,4,230.3,796.2,2.4,573.9
1214,2023-08-07,116,11,2762.9,1144.2,26.0,770.7
1215,2024-11-25,87,8,1387.9,975.6,6.2,1816.7
1216,2023-10-30,50,12,0.0,1260.0,0.0,4855.8
1217,2024-04-15,1,3,0.0,651.0,0.0,1288.7
1218,2024-01-22,17,14,492.7,502.5,10.8,146.1
1219,2023-05-15,52,7,325.2,241.7,8.1,219.7
1220,2023-11-27,83,9,87.0,966.3,0.4,2085.7
1221,2023-06-12,45,21,1154.8,674.0,8.1,453.0
1222,2025-01-20,3,5,811.1,388.2,12.4,492.8
1223,2025-12-22,88,16,195.5,500.6,2.5,462.9
1224,2024-12-23,60,19,1167.7,461.7,15.3,496.3
1225,2025-07-07,11,9,1611.9,1138.3,6.3,1836.8
1226,2025-10-27,72,12,0.0,1202.3,0.0,2112.3
1227,2024-07-08,26,7,786.9,427.3,8.3,717.9
1228,2024-11-25,19,3,198.9,113.3,6.5,279.5
1229,2025-08-04,10,9,456.0,280.7,8.5,374.3
1230,2025-09-01,55,21,2398.7,1049.0,8.8,684.2
1231,2024-02-19,113,4,241.0,276.9,2.8,648.3
1232,2024-09-02,38,1,525.8,493.6,5.7,650.0
1233,2023-10-02,29,10,1033.9,898.5,12.7,571.7
1234,2024-11-25,16,7,0.0,407.6,0.0,934.5
1235,2025-05-12,9,1,678.8,314.2,7.1,580.7
1236,2024-09-02,32,12,449.6,134.1,15.0,98.5
1237,2025-01-20,38,9,1015.0,352.5,12.3,447.9
1238,2025-06-09,6,19,816.9,707.7,5.3,474.6
1239,2024-06-10,9,18,490.5,364.8,8.0,564.1
1240,2023-04-17,67,1,0.0,619.4,0.0,1674.8
1241,2024-07-08,96,12,409.5,675.2,2.9,503.4
1242,2024-06-10,39,12,1124.0,773.3,8.6,930.3
1243,2023-01-23,104,9,666.0,296.0,24.3,83.6
1244,2024-01-22,91,21,1168.7,969.8,11.7,435.7
1245,2025-05-12,44,7,592.9,799.7,7.2,316.7
1246,2025-03-17,54,16,781.0,350.3,7.3,412.9
1247,2025-06-09,116,20,0.0,829.5,0.0,598.8
1248,2024-11-25,18,4,1193.4,1910.1,3.6,4410.0
1249,2023-10-02,115,22,5120.7,2457.1,24.9,921.8
1250,2025-07-07,101,3,80.7,40.3,9.3,52.3
1251,2025-06-09,19,2,527.9,347.5,7.7,563.3
1252,2024-09-30,19,3,0.0,113.3,0.0,346.4
1253,2023-02-20,112,13,818.3,363.7,12.8,210.2
1254,2024-08-05,85,4,291.7,495.3,3.1,458.7
1255,2025-06-09,88,14,513.1,673.4,4.4,354.5
1256,2023-12-25,42,18,347.7,594.8,3.6,1281.2
1257,2025-06-09,6,2,824.5,643.6,4.4,625.8
1258,2023-06-12,94,3,0.0,158.9,0.0,604.3
1259,2025-01-20,81,16,0.0,521.6,0.0,741.1
1260,2025-05-12,52,2,744.5,269.0,16.4,145.5
1261,2023-09-04,6,11,1189.2,608.4,6.0,1067.3
1262,2023-03-20,31,8,0.0,533.9,0.0,777.5
1263,2024-07-08,72,22,1928.3,1068.9,13.4,1064.9
1264,2023-04-17,42,10,0.0,730.0,0.0,884.3
1265,2025-10-27,22,20,0.0,538.9,0.0,2499.5
1266,2023-12-25,109,12,0.0,561.6,0.0,1278.6
1267,2023-05-15,79,15,1788.5,783.3,24.2,627.7
1268,2025-12-22,44,6,1281.6,748.1,20.3,249.2
1269,2024-02-19,97,11,336.2,196.6,12.3,80.6
1270,2024-05-13,58,5,664.9,718.7,4.6,620.5
1271,2023-06-12,37,2,1898.4,866.2,9.2,889.0
1272,2024-03-18,4,7,193.3,259.3,2.5,417.7
1273,2024-09-30,108,13,0.0,134.0,0.0,210.7
1274,2023-03-20,106,20,501.4,394.7,6.4,685.8
1275,2025-09-29,31,9,693.0,597.6,5.2,477.0
1276,2025-09-29,11,12,772.4,1526.5,2.3,1655.7
1277,2023-02-20,33,13,50.5,18.6,10.6,32.5
1278,2024-12-23,31,4,1539.5,459.4,11.1,440.5
1279,2025-09-01,3,4,0.0,401.0,0.0,1883.7
1280,2023-09-04,93,3,507.8,166.2,12.2,282.6
1281,2024-02-19,119,9,54.0,205.1,1.3,364.9
1282,2024-10-28,101,9,137.3,48.6,9.6,149.8
1283,2023-10-02,72,5,183.5,533.9,2.6,723.5
1284,2025-05-12,55,13,966.3,558.6,6.6,1572.7
1285,2025-02-17,79,9,1888.2,1022.0,15.9,422.0
1286,2024-05-13,15,19,1379.9,1489.0,11.6,401.4
1287,2024-04-15,58,1,3368.5,1659.8,11.4,1475.8
1288,2024-07-08,67,1,710.1,619.4,6.1,806.1
1289,2024-09-02,35,1,1345.3,1465.1,3.3,2655.6
1290,2025-09-29,9,2,0.0,413.2,0.0,1547.3
1291,2024-09-30,54,13,425.8,325.4,5.2,517.5
1292,2023-11-27,87,3,0.0,669.2,0.0,2074.7
1293,2025-09-29,25,4,216.2,127.9,5.5,278.5
1294,2024-03-18,32,6,233.6,62.7,12.2,107.4
1295,2025-04-14,113,2,1205.3,532.0,12.8,496.2
1296,2025-04-14,65,19,931.9,1189.3,7.7,690.4
1297,2025-02-17,75,21,475.1,716.5,3.1,649.4
1298,2025-06-09,18,3,1870.3,698.6,10.0,1169.9
1299,2023-05-15,117,16,0.0,313.3,0.0,519.5
1300,2023-09-04,16,22,889.3,497.8,11.1,438.8
1301,2025-06-09,42,16,534.8,369.8,6.1,451.3
1302,2023-01-01,96,12,1225.7,675.2,8.6,734.2
1303,2024-10-28,119,4,402.1,191.6,8.4,215.6
1304,2025-09-01,94,3,0.0,158.9,0.0,410.9
1305,2023-08-07,105,2,2175.7,1354.8,16.5,482.9
1306,2025-03-17,17,21,712.5,440.3,15.2,338.3
1307,2024-04-15,94,3,83.8,158.9,2.1,263.7
1308,2023-01-01,30,9,186.8,181.7,3.6,508.7
1309,2024-07-08,117,22,637.1,359.7,8.2,485.7
1310,2025-12-22,104,11,329.3,329.9,10.6,186.6
1311,2024-09-30,15,19,1624.5,1489.0,13.6,947.1
1312,2024-08-05,89,1,867.6,772.4,5.2,799.1
1313,2025-03-17,102,9,143.9,564.5,2.9,523.3
1314,2023-01-01,38,8,720.4,362.2,9.7,371.0
1315,2024-11-25,103,12,308.3,190.5,6.7,203.9
1316,2023-04-17,21,6,485.9,270.2,8.2,327.9
1317,2024-10-28,48,18,0.0,1409.9,0.0,4563.3
1318,2025-02-17,4,7,956.2,259.3,12.6,345.0
1319,2024-06-10,5,7,1527.9,662.3,11.4,567.2
1320,2025-02-17,38,9,876.0,352.5,10.6,278.3
1321,2025-07-07,15,4,5782.7,1135.1,38.0,599.4
1322,2023-11-27,117,16,349.6,313.3,6.7,428.9
1323,2025-05-12,13,20,184.5,389.2,4.0,386.2
1324,2025-07-07,29,8,0.0,595.2,0.0,344.0
1325,2025-04-14,29,8,146.5,595.2,2.5,281.0
1326,2023-01-01,18,4,3750.6,1910.1,11.4,1544.9
1327,2024-04-15,29,17,289.4,491.1,4.0,243.7
1328,2025-04-14,75,18,1031.8,390.6,8.8,380.8
1329,2024-11-25,110,19,494.3,181.8,19.7,144.3
1330,2023-10-30,108,21,245.2,308.9,6.5,259.5
1331,2023-09-04,73,18,1554.0,767.1,23.5,369.5
1332,2025-09-01,102,3,23.9,355.5,0.8,314.9
1333,2025-11-24,41,20,753.3,199.2,13.1,359.8
1334,2023-04-17,33,20,94.8,48.2,9.9,93.2
1335,2023-09-04,2,8,554.4,976.7,3.2,901.4
1336,2024-02-19,55,8,1532.9,1018.9,7.4,1605.7
1337,2023-12-25,58,21,0.0,1007.7,0.0,5585.0
1338,2024-06-10,94,14,549.0,425.2,6.8,387.3
1339,2024-05-13,68,10,1909.9,1023.2,7.1,1787.3
1340,2024-05-13,99,12,521.1,590.7,3.4,1544.2
1341,2024-01-22,73,17,927.7,586.1,11.2,503.2
1342,2024-05-13,37,17,1273.7,941.6,7.5,1006.8
1343,2025-05-12,71,6,0.0,580.0,0.0,472.1
1344,2024-05-13,98,12,731.6,368.3,7.0,361.8
1345,2024-11-25,20,20,1125.8,2225.0,5.4,1820.9
1346,2023-01-01,38,19,639.1,333.6,7.3,735.2
1347,2023-04-17,33,4,54.3,45.7,6.2,91.2
1348,2024-04-15,2,6,2449.3,1255.7,14.9,847.2
1349,2023-12-25,32,5,44.8,58.9,2.9,171.0
1350,2023-02-20,98,6,503.9,282.2,7.4,676.5
1351,2024-10-28,54,10,2127.9,557.4,12.4,1074.0
1352,2025-02-17,24,1,5.8,153.0,0.2,179.2
1353,2025-11-24,38,4,0.0,520.8,0.0,2103.0
1354,2025-04-14,42,4,1034.8,709.3,7.6,883.9
1355,2024-10-28,109,21,441.3,641.1,3.4,1436.7
1356,2024-02-19,119,12,549.8,260.6,10.8,343.8
1357,2025-09-01,48,18,2640.8,1409.9,10.4,1191.9
1358,2023-03-20,118,1,986.4,799.9,13.0,708.4
1359,2024-09-30,24,1,0.0,153.0,0.0,349.8
1360,2024-11-25,71,22,236.1,490.0,3.2,929.7
1361,2023-02-20,36,13,259.5,197.4,15.1,128.0
1362,2023-07-10,15,2,0.0,1277.7,0.0,517.4
1363,2024-11-25,44,2,1132.5,707.7,12.4,347.4
1364,2025-04-14,52,11,340.0,249.7,7.4,170.2
1365,2024-05-13,110,21,326.9,397.8,10.7,156.3
1366,2025-01-20,8,19,0.0,1069.6,0.0,3344.2
1367,2025-08-04,111,7,0.0,1032.1,0.0,2384.9
1368,2023-03-20,67,10,883.3,486.0,7.2,956.3
1369,2025-09-29,94,2,388.8,421.7,4.6,375.0
1370,2023-11-27,45,4,727.4,506.2,5.3,1015.2
1371,2025-02-17,8,13,567.1,596.3,4.6,738.2
1372,2025-06-09,98,12,981.3,368.3,9.4,428.8
1373,2024-05-13,88,14,429.3,673.4,3.7,1340.1
1374,2023-12-25,15,22,0.0,1475.2,0.0,3205.2
1375,2023-05-15,42,4,1028.9,709.3,7.5,1596.3
1376,2023-12-25,93,3,218.2,166.2,5.2,189.3
1377,2024-09-02,37,17,1133.2,941.6,6.7,1505.3
1378,2024-02-19,66,3,78.8,58.9,5.0,104.7
1379,2023-10-30,72,5,1524.6,533.9,21.5,497.7
1380,2025-01-20,54,12,1061.3,644.6,6.3,847.2
1381,2023-09-04,33,10,0.0,34.2,0.0,93.1
1382,2023-02-20,106,21,359.6,466.9,4.8,322.2
1383,2025-03-17,37,19,1917.6,664.7,12.0,781.1
1384,2025-01-20,39,8,796.9,517.8,8.7,339.2
1385,2023-09-04,28,4,165.6,1912.3,0.8,1324.0
1386,2025-01-20,10,13,118.3,173.3,3.7,346.8
1387,2023-05-15,31,4,761.2,459.4,5.5,487.0
1388,2025-03-17,29,17,956.9,491.1,13.1,471.4
1389,2024-08-05,43,9,616.1,205.7,9.8,351.7
1390,2025-07-07,1,1,3023.4,1806.9,16.9,957.5
1391,2023-07-10,64,5,227.9,349.7,3.0,341.0
1392,2025-02-17,82,3,77.1,177.7,1.9,139.4
1393,2023-02-20,117,16,34.3,313.3,0.7,343.6
1394,2025-10-27,28,13,1501.2,699.4,13.6,287.1
1395,2025-08-04,22,9,1595.6,632.9,14.5,388.6
1396,2024-12-23,44,3,0.0,403.1,0.0,2039.8
1397,2024-11-25,72,2,2098.6,1419.0,16.1,684.2
1398,2023-03-20,99,15,728.9,238.1,9.0,374.7
1399,2023-11-27,43,9,0.0,205.7,0.0,1406.0
1400,2025-09-29,81,5,0.0,454.2,0.0,920.4
1401,2025-01-20,36,19,353.4,243.9,11.2,179.2
1402,2023-07-10,9,17,858.2,366.3,11.5,331.2
1403,2025-04-14,93,9,299.6,384.0,4.4,752.4
1404,2025-02-17,87,22,3050.0,941.8,9.8,1254.7
1405,2023-01-23,63,19,3284.5,875.5,23.9,391.9
1406,2023-09-04,36,6,577.4,320.6,21.8,94.5
1407,2023-01-01,49,11,1751.1,714.9,7.7,1134.5
1408,2023-09-04,78,17,1093.6,696.7,6.5,652.1
1409,2024-03-18,32,2,231.9,114.9,7.9,102.6
1410,2023-06-12,91,21,1663.7,969.8,16.6,403.6
1411,2025-03-17,29,7,629.9,727.9,8.6,377.6
1412,2024-09-30,13,15,154.2,263.7,6.3,288.1
1413,2024-06-10,87,22,1951.1,941.8,6.3,2353.6
1414,2023-09-04,80,18,752.1,413.2,11.1,222.7
1415,2024-05-13,31,21,2053.2,740.0,15.3,420.7
1416,2023-08-07,24,4,268.9,122.2,8.9,60.9
1417,2025-03-17,106,7,529.5,319.4,8.5,450.9
1418,2023-11-27,41,8,303.0,139.2,7.9,178.4
1419,2025-05-12,71,15,889.7,306.2,27.2,126.5
1420,2025-08-04,6,7,1645.7,555.5,9.4,471.0
1421,2025-07-07,106,1,497.8,285.9,6.5,631.3
1422,2023-12-25,66,18,0.0,135.4,0.0,284.2
1423,2025-04-14,67,2,0.0,762.4,0.0,976.8
1424,2025-04-14,100,4,37.9,87.1,1.8,72.3
1425,2023-09-04,106,17,675.2,415.2,10.3,442.9
1426,2024-10-28,45,5,535.9,396.7,7.0,506.5
1427,2023-12-25,118,15,178.9,433.3,4.6,462.7
1428,2023-05-15,111,22,897.4,1560.6,2.7,1344.5
1429,2025-09-29,6,7,606.8,555.5,3.5,1984.6
1430,2025-09-01,86,7,1759.9,706.6,11.0,642.6
1431,2023-11-27,45,9,413.0,399.5,3.6,851.6
1432,2024-05-13,64,19,407.8,773.5,3.0,1057.4
1433,2023-10-02,45,13,0.0,404.1,0.0,790.5
1434,2024-01-22,36,14,561.2,271.1,16.8,186.0
1435,2024-05-13,109,12,1882.9,561.6,13.5,352.8
1436,2023-10-02,4,7,718.8,259.3,9.4,406.4
1437,2025-09-01,4,10,1086.0,403.1,12.5,372.4
1438,2025-01-20,36,14,426.4,271.1,12.8,215.7
1439,2025-10-27,55,16,2071.9,687.4,10.8,539.9
1440,2023-01-01,102,10,988.4,505.5,15.8,197.4
1441,2023-10-30,87,12,0.0,1280.6,0.0,2499.1
1442,2024-09-02,9,16,356.8,331.5,6.0,420.2
1443,2023-01-01,33,21,32.2,44.9,3.6,77.4
1444,2023-03-20,88,17,704.9,384.0,6.5,1217.8
1445,2025-05-12,95,11,1343.0,1530.3,6.6,947.1
1446,2025-04-14,12,21,2512.3,1289.8,9.7,1150.2
1447,2023-01-23,40,2,4308.7,1732.1,28.4,526.0
1448,2023-10-02,16,20,1018.8,438.7,11.5,344.2
1449,2024-12-23,54,12,724.2,644.6,4.3,1271.2
1450,2024-01-22,74,18,2745.8,975.1,9.1,782.2
1451,2024-01-22,93,22,0.0,361.6,0.0,615.2
1452,2024-09-30,109,17,0.0,573.9,0.0,2407.2
1453,2023-07-10,84,12,53.2,304.8,0.7,955.7
1454,2024-08-05,52,2,461.0,269.0,10.1,354.3
1455,2023-11-27,120,6,244.2,270.0,3.8,364.3
1456,2023-01-23,75,6,1381.9,478.2,13.1,352.4
1457,2023-08-07,114,17,65.9,244.1,1.0,362.7
1458,2025-10-27,119,7,280.5,187.2,5.9,225.0
1459,2023-01-01,95,15,1019.7,1109.1,9.5,416.3
1460,2024-11-25,22,9,621.1,632.9,5.6,1110.8
1461,2023-01-01,118,5,490.7,403.0,12.3,137.8
1462,2025-08-04,43,18,655.8,271.1,10.7,227.7
1463,2024-11-25,17,19,412.8,339.3,11.0,180.3
1464,2025-11-24,86,10,1711.1,817.9,9.2,1611.1
1465,2023-01-01,60,6,806.7,284.3,12.9,426.7
1466,2025-06-09,95,13,1119.0,765.0,11.0,750.4
1467,2024-12-23,76,3,23.5,62.2,4.3,47.3
1468,2023-02-20,39,10,514.8,782.6,3.6,296.8
1469,2025-07-07,40,12,2061.9,1553.8,13.5,495.8
1470,2025-10-27,83,5,187.7,480.5,1.2,340.4
1471,2024-07-08,20,2,4626.0,1549.4,21.9,1190.7
1472,2024-12-23,73,17,878.4,586.1,10.6,379.0
1473,2025-01-20,33,19,0.0,34.3,0.0,59.5
1474,2025-03-17,104,13,0.0,141.2,0.0,166.7
1475,2023-09-04,58,21,1214.0,1007.7,4.2,1325.9
1476,2024-06-10,29,1,1175.1,830.6,13.9,549.1
1477,2025-12-22,109,17,854.3,573.9,7.5,882.6
1478,2023-02-20,9,13,54.8,183.0,1.3,211.8
1479,2023-04-17,10,8,534.5,284.0,10.5,267.2
1480,2023-12-25,103,12,372.8,190.5,8.2,200.6
1481,2023-12-25,44,6,733.8,748.1,11.6,244.1
1482,2024-11-25,80,5,321.5,179.0,6.6,346.2
1483,2024-09-02,93,17,0.0,275.5,0.0,452.0
1484,2025-12-22,45,12,818.6,776.7,5.4,1966.0
1485,2024-12-23,51,20,0.0,308.4,0.0,1063.4
1486,2025-04-14,72,15,1225.0,640.8,17.9,271.1
1487,2023-10-02,61,19,459.5,140.7,24.2,48.5
1488,2023-01-01,71,15,590.0,306.2,18.0,192.1
1489,2024-01-22,39,4,0.0,711.6,0.0,1654.4
1490,2023-02-20,50,15,1674.7,694.9,13.3,591.0
1491,2024-09-30,17,7,566.1,463.3,13.8,133.8
1492,2024-06-10,17,16,72.7,316.5,2.1,156.4
1493,2023-12-25,55,8,2227.0,1018.9,10.7,1857.3
1494,2024-10-28,86,13,759.3,501.9,7.8,649.7
1495,2025-01-20,61,22,584.6,234.9,25.2,95.9
1496,2023-10-02,71,13,314.7,310.5,9.4,76.5
1497,2025-01-20,51,20,682.1,308.4,17.6,113.3
1498,2023-03-20,110,5,95.7,135.6,5.5,157.4
1499,2023-09-04,93,2,357.9,522.4,4.2,891.0
1500,2024-07-08,19,19,334.6,292.9,6.1,362.0
1501,2025-09-29,63,1,3103.7,1056.9,19.0,744.3
1502,2024-02-19,101,3,97.9,40.3,11.3,40.0
1503,2024-09-30,53,20,0.0,813.5,0.0,2311.8
1504,2024-07-08,6,11,1718.9,608.4,8.7,733.1
1505,2023-10-30,70,13,22.5,264.0,1.0,245.3
1506,2023-01-01,106,1,642.1,285.9,8.4,758.0
1507,2023-04-17,3,19,0.0,474.2,0.0,524.2
1508,2023-11-27,77,19,356.8,455.8,9.1,500.5
1509,2024-06-10,2,14,1281.8,1629.8,6.0,1965.6
1510,2023-01-23,6,2,760.7,643.6,4.1,569.0
1511,2024-10-28,87,12,2683.2,1280.6,9.1,1536.6
1512,2025-03-17,84,7,435.1,355.2,7.3,492.4
1513,2025-06-09,84,11,510.1,394.2,7.9,304.9
1514,2025-02-17,88,17,118.7,384.0,1.1,691.6
1515,2023-02-20,74,9,4597.5,1692.3,14.4,1220.7
1516,2023-01-01,43,22,619.7,302.8,7.7,336.1
1517,2023-04-17,33,11,4.5,41.0,0.5,52.0
1518,2024-10-28,83,5,152.3,480.5,1.0,1324.1
1519,2025-09-01,6,14,452.9,709.1,2.5,478.0
1520,2025-04-14,6,22,511.7,1069.3,2.2,1288.4
1521,2023-11-27,19,5,233.7,159.0,7.2,262.8
1522,2023-10-02,106,16,480.7,204.2,8.8,417.8
1523,2024-08-05,82,3,114.8,177.7,2.8,167.4
1524,2024-06-10,116,11,2335.1,1144.2,22.0,312.1
1525,2025-09-01,88,16,515.3,500.6,6.5,784.2
1526,2025-06-09,62,2,206.1,684.2,1.3,720.1
1527,2025-06-09,32,11,62.1,126.0,2.1,108.9
1528,2025-04-14,4,4,0.0,346.1,0.0,921.2
1529,2024-03-18,24,17,211.2,91.8,6.9,74.1
1530,2023-08-07,15,2,3560.3,1277.7,19.9,570.6
1531,2024-08-05,66,13,44.0,73.2,2.6,129.5
1532,2025-09-01,74,2,0.0,1363.0,0.0,3265.6
1533,2024-11-25,42,16,472.5,369.8,5.3,445.8
1534,2023-12-25,114,19,104.0,196.6,1.5,759.1
1535,2024-07-08,62,22,1779.5,601.0,11.5,525.7
1536,2023-10-02,80,5,0.0,179.0,0.0,248.8
1537,2023-06-12,94,4,109.1,430.0,1.4,591.9
1538,2025-07-07,79,1,0.0,1101.9,0.0,529.3
1539,2025-11-24,56,4,2765.8,1786.3,11.9,2105.8
1540,2024-06-10,56,13,1890.9,1088.1,16.7,923.7
1541,2024-10-28,78,15,0.0,498.7,0.0,620.5
1542,2023-10-02,38,8,270.5,362.2,3.7,605.7
1543,2023-09-04,37,19,0.0,664.7,0.0,1092.5
1544,2025-10-27,61,7,264.9,135.8,14.0,176.0
1545,2023-10-30,37,16,1569.1,526.6,12.6,748.2
1546,2023-01-23,66,12,418.5,162.4,12.7,217.3
1547,2025-12-22,29,9,836.0,636.4,12.5,691.1
1548,2025-07-07,72,12,242.9,1202.3,1.6,1554.1
1549,2024-12-23,98,13,0.0,216.2,0.0,433.8
1550,2023-06-12,18,5,2287.8,696.6,12.4,703.2
1551,2023-12-25,103,1,276.3,201.6,6.9,349.5
1552,2024-09-30,98,20,512.1,541.1,5.6,500.7
1553,2024-08-05,120,12,594.7,349.9,6.3,533.0
1554,2023-09-04,61,12,572.4,246.1,25.4,98.9
1555,2024-01-22,37,19,968.7,664.7,6.1,1215.8
1556,2023-10-30,64,16,702.4,632.1,6.6,308.4
1557,2023-07-10,42,2,86.2,695.6,0.7,643.2
1558,2023-07-10,57,7,938.4,1060.7,10.1,208.2
1559,2023-10-02,112,16,0.0,416.6,0.0,656.3
1560,2024-01-22,94,9,309.2,262.3,4.7,544.9
1561,2024-03-18,56,19,904.2,1707.1,4.8,1964.4
1562,2023-01-23,32,6,145.3,62.7,7.6,109.4
1563,2023-10-30,82,4,1052.6,332.9,11.5,249.8
1564,2023-11-27,74,9,3342.5,1692.3,10.5,2118.8
1565,2025-01-20,29,7,565.7,727.9,7.7,445.4
1566,2023-06-12,92,2,1541.1,888.4,8.1,736.9
1567,2023-05-15,108,7,175.0,387.9,5.1,269.5
1568,2024-04-15,66,3,0.0,58.9,0.0,118.9
1569,2023-08-07,62,20,1157.1,806.3,7.0,1467.7
1570,2025-10-27,7,17,276.4,125.9,10.9,134.7
1571,2024-12-23,54,6,918.7,523.7,8.4,1109.1
1572,2024-07-08,26,10,437.1,419.3,4.2,511.3
1573,2025-07-07,28,19,2144.0,1650.5,12.9,639.9
1574,2023-06-12,97,14,159.8,182.5,5.7,122.3
1575,2023-10-30,20,2,0.0,1549.4,0.0,858.5
1576,2025-06-09,34,7,914.9,308.4,15.9,194.1
1577,2025-09-01,52,4,75.5,192.6,1.6,411.4
1578,2024-06-10,15,12,3281.4,1692.1,17.9,836.1
1579,2023-04-17,50,9,770.8,1127.9,4.2,1020.0
1580,2025-10-27,44,2,0.0,707.7,0.0,588.9
1581,2024-07-08,4,22,336.2,438.1,4.0,405.5
1582,2024-01-22,8,20,0.0,877.3,0.0,1543.5
1583,2023-08-07,79,15,250.0,783.3,3.4,519.1
1584,2023-01-01,51,14,544.2,302.3,13.5,220.5
1585,2023-11-27,12,16,0.0,1131.1,0.0,1985.8
1586,2024-08-05,41,13,145.3,157.4,5.5,108.9
1587,2023-01-01,52,11,255.5,249.7,5.6,267.3
1588,2024-09-30,1,21,0.0,1709.9,0.0,638.5
1589,2025-12-22,61,7,116.7,135.8,6.2,182.4
1590,2025-01-20,17,12,0.0,496.5,0.0,591.0
1591,2025-02-17,53,19,1051.0,889.9,4.7,711.3
1592,2025-07-07,46,12,381.2,217.0,13.9,120.8
1593,2025-06-09,104,13,304.1,141.2,19.0,73.6
1594,2023-03-20,80,18,56.3,413.2,0.8,984.7
1595,2023-10-02,109,12,0.0,561.6,0.0,2042.1
1596,2024-08-05,107,22,902.2,360.1,10.8,712.0
1597,2025-11-24,30,18,0.0,210.3,0.0,328.2
1598,2023-04-17,30,6,68.0,155.6,1.7,331.2
1599,2025-03-17,81,11,0.0,890.7,0.0,1242.9
1600,2024-11-25,37,15,620.4,420.1,6.4,727.6
1601,2025-04-14,17,1,1106.6,420.1,25.0,261.7
1602,2023-02-20,112,18,433.6,562.2,4.4,399.8
1603,2024-08-05,87,22,2288.1,941.8,7.3,2016.6
1604,2023-04-17,34,4,211.0,371.8,3.3,181.2
1605,2025-08-04,18,2,1408.0,1168.3,3.5,987.0
1606,2024-09-30,108,21,622.9,308.9,16.5,213.3
1607,2024-02-19,15,8,1763.2,1145.8,14.6,297.7
1608,2025-12-22,81,22,0.0,723.9,0.0,4022.0
1609,2024-09-02,34,6,417.9,284.3,9.3,301.8
1610,2025-08-04,111,17,3059.5,1696.4,10.6,1453.5
1611,2025-01-20,14,3,110.2,112.4,7.5,49.9
1612,2025-02-17,15,22,879.2,1475.2,5.7,476.3
1613,2023-06-12,44,22,830.3,613.7,9.1,654.1
1614,2025-02-17,52,2,205.2,269.0,4.5,119.8
1615,2025-08-04,35,1,1173.9,1465.1,2.8,1671.2
1616,2023-01-01,45,5,538.9,396.7,7.1,302.8
1617,2024-08-05,17,19,1427.2,339.3,38.1,161.6
1618,2023-01-23,98,6,478.1,282.2,7.0,420.8
1619,2024-06-10,45,3,845.5,225.7,11.1,276.7
1620,2025-05-12,104,9,638.8,296.0,23.3,113.8
1621,2024-09-02,85,19,0.0,443.0,0.0,569.1
1622,2024-07-08,67,6,0.0,460.8,0.0,727.4
1623,2023-09-04,28,19,2076.2,1650.5,12.5,1179.0
1624,2023-10-30,9,2,573.1,413.2,6.5,286.0
1625,2025-08-04,45,4,1691.1,506.2,12.3,539.8
1626,2023-02-20,80,5,297.2,179.0,6.1,139.0
1627,2025-10-27,73,17,0.0,586.1,0.0,748.4
1628,2024-02-19,50,9,1894.0,1127.9,10.2,666.7
1629,2023-08-07,25,18,18.7,133.2,0.6,174.6
1630,2023-05-15,17,7,752.7,463.3,18.4,131.8
1631,2023-10-02,10,3,446.6,197.3,14.2,174.3
1632,2024-04-15,117,3,0.0,119.3,0.0,347.4
1633,2024-04-15,36,14,968.2,271.1,29.0,173.3
1634,2023-03-20,119,16,14.5,178.9,0.4,246.9
1635,2025-08-04,117,3,334.7,119.3,9.5,212.0
1636,2025-05-12,1,13,1422.7,670.2,16.0,420.3
1637,2023-07-10,106,17,250.9,415.2,3.8,675.2
1638,2024-06-10,45,11,1105.3,663.7,7.5,447.4
1639,2025-03-17,104,12,0.0,282.7,0.0,266.4
1640,2025-09-29,84,5,162.8,203.2,4.8,138.7
1641,2025-01-20,92,2,122.9,888.4,0.6,814.6
1642,2025-12-22,109,21,1750.1,641.1,13.4,932.2
1643,2023-07-10,4,21,116.8,303.6,1.4,860.6
1644,2023-10-02,98,19,93.9,333.6,1.2,610.0
1645,2025-12-22,3,19,0.0,474.2,0.0,1044.5
1646,2024-09-02,76,6,137.8,89.5,17.2,31.2
1647,2025-12-22,35,9,2005.6,1702.5,5.6,2529.0
1648,2025-08-04,38,4,0.0,520.8,0.0,696.6
1649,2024-04-15,43,9,267.7,205.7,4.2,150.1
1650,2023-08-07,18,18,0.0,1145.8,0.0,2665.0
1651,2023-01-01,107,12,618.9,304.1,7.4,506.3
1652,2024-07-08,37,15,1252.2,420.1,12.9,461.1
1653,2025-06-09,22,18,175.4,568.2,1.8,394.8
1654,2025-05-12,108,21,0.0,308.9,0.0,454.6
1655,2023-10-30,32,3,11.4,47.1,0.8,76.7
1656,2025-03-17,44,1,824.6,777.2,10.1,320.2
1657,2025-04-14,42,2,1468.5,695.6,11.3,763.8
1658,2025-09-29,83,5,0.0,480.5,0.0,958.7
1659,2023-09-04,69,2,321.4,341.4,3.7,683.1
1660,2023-09-04,13,8,420.8,295.2,11.1,217.0
1661,2025-06-09,55,11,602.2,1351.3,2.3,1493.8
1662,2025-10-27,7,22,182.8,121.7,5.7,140.3
1663,2023-07-10,79,15,2318.1,783.3,31.4,208.2
1664,2023-01-01,61,5,136.3,84.0,13.4,24.9
1665,2024-06-10,3,5,1034.9,388.2,15.8,232.9
1666,2024-05-13,117,16,443.7,313.3,8.5,427.6
1667,2023-01-01,85,4,1115.9,495.3,11.9,452.5
1668,2024-09-30,86,10,744.3,817.9,4.0,796.5
1669,2025-11-24,115,8,955.2,1539.3,6.8,949.1
1670,2023-10-30,49,4,924.0,880.7,4.2,1971.1
1671,2025-01-20,76,6,189.3,89.5,23.6,31.3
1672,2025-03-17,2,8,0.0,976.7,0.0,2604.5
1673,2025-08-04,81,22,17.6,723.9,0.1,929.0
1674,2023-11-27,26,7,840.9,427.3,8.9,663.8
1675,2023-11-27,108,7,385.0,387.9,11.3,147.4
1676,2025-12-22,15,19,747.1,1489.0,6.3,1597.5
1677,2024-05-13,75,13,123.5,372.2,1.6,757.3
1678,2024-06-10,41,15,87.8,127.5,3.0,240.9
1679,2023-02-20,117,22,0.0,359.7,0.0,1107.7
1680,2024-01-22,36,9,190.7,270.4,6.4,144.8
1681,2023-03-20,53,1,0.0,1454.6,0.0,5620.1
1682,2023-12-25,16,22,1009.1,497.8,12.6,323.9
1683,2024-08-05,103,4,562.1,247.2,13.4,142.4
1684,2023-02-20,10,3,391.8,197.3,12.5,203.1
1685,2024-09-02,7,17,209.9,125.9,8.2,170.6
1686,2025-07-07,94,9,123.4,262.3,1.9,229.6
1687,2025-06-09,119,4,469.2,191.6,9.8,229.6
1688,2024-10-28,102,8,0.0,473.0,0.0,249.4
1689,2023-08-07,3,1,1106.8,436.8,9.2,652.7
1690,2024-11-25,19,5,0.0,159.0,0.0,505.7
1691,2025-06-09,64,19,0.0,773.5,0.0,988.1
1692,2024-04-15,14,1,238.6,208.3,8.8,140.6
1693,2023-01-01,94,18,57.5,250.0,0.9,714.6
1694,2023-04-17,71,7,150.7,579.4,2.6,374.0
1695,2024-02-19,76,7,58.6,79.9,5.8,74.9
1696,2023-01-23,10,8,0.0,284.0,0.0,646.8
1697,2024-08-05,47,18,1845.9,1163.9,8.8,1424.9
1698,2024-02-19,34,19,625.9,260.5,10.6,290.7
1699,2025-09-29,48,21,0.0,1867.9,0.0,4041.5
1700,2025-09-01,33,11,66.2,41.0,7.6,58.9
1701,2024-10-28,115,10,1626.5,1992.9,8.8,2075.0
1702,2023-05-15,79,1,0.0,1101.9,0.0,1415.2
1703,2023-02-20,111,7,224.1,1032.1,0.8,3625.4
1704,2023-10-30,41,18,348.9,151.0,8.8,272.1
1705,2023-10-02,45,16,0.0,506.6,0.0,1729.0
1706,2023-05-15,58,21,805.3,1007.7,2.8,2151.8
1707,2025-08-04,118,6,31.6,550.0,0.6,341.0
1708,2024-09-30,82,3,142.8,177.7,3.5,251.1
1709,2024-12-23,78,16,218.2,485.5,1.7,780.3
1710,2023-11-27,103,12,167.3,190.5,3.7,276.3
1711,2023-01-01,18,18,2465.8,1145.8,9.2,890.1
1712,2023-01-01,22,22,782.9,754.9,5.5,497.3
1713,2023-10-02,93,8,413.2,288.5,6.8,345.4
1714,2025-06-09,56,8,0.0,1837.9,0.0,1677.0
1715,2023-10-30,31,17,0.0,406.8,0.0,2196.3
1716,2025-09-29,118,6,607.5,550.0,11.5,154.6
1717,2024-05-13,29,17,548.1,491.1,7.5,262.2
1718,2024-08-05,52,5,0.0,76.8,0.0,246.7
1719,2025-06-09,120,6,283.7,270.0,4.4,63.8
1720,2023-06-12,102,14,732.4,773.4,11.7,198.5
1721,2023-06-12,31,9,187.3,597.6,1.4,1347.1
1722,2023-07-10,89,1,0.0,772.4,0.0,1749.6
1723,2023-10-02,47,18,0.0,1163.9,0.0,2744.9
1724,2024-05-13,2,16,0.0,1349.1,0.0,1120.3
1725,2024-01-22,102,11,1269.7,431.6,20.3,463.4
1726,2023-07-10,26,11,451.1,350.4,4.6,896.8
1727,2023-01-23,32,14,76.4,149.2,2.8,85.2
1728,2025-11-24,30,6,556.7,155.6,13.9,244.3
1729,2024-06-10,78,9,214.8,682.1,1.4,798.5
1730,2023-01-01,36,13,231.1,197.4,13.5,106.8
1731,2025-02-17,73,10,1811.9,964.2,19.9,441.8
1732,2024-11-25,29,8,786.2,595.2,13.5,224.9
1733,2025-11-24,106,4,0.0,447.1,0.0,568.7
1734,2023-08-07,76,13,61.7,56.1,11.9,33.8
1735,2023-06-12,37,15,1271.4,420.1,13.1,441.8
1736,2025-06-09,46,12,263.8,217.0,9.6,163.5
1737,2025-06-09,84,4,715.8,367.9,11.7,400.6
1738,2023-07-10,32,17,0.0,80.0,0.0,480.7
1739,2023-05-15,99,15,768.2,238.1,9.5,335.3
1740,2025-12-22,113,2,29.5,532.0,0.3,1053.3
1741,2025-10-27,28,4,0.0,1912.3,0.0,2521.5
1742,2025-06-09,35,16,2303.0,1269.1,8.5,1654.1
1743,2025-06-09,54,12,0.0,644.6,0.0,1504.0
1744,2025-05-12,4,10,80.8,403.1,0.9,1217.3
1745,2023-08-07,9,16,210.8,331.5,3.6,266.1
1746,2024-01-22,40,4,2042.5,1219.2,14.0,556.1
1747,2025-12-22,55,19,1014.5,1101.4,4.1,3086.0
1748,2023-01-23,66,18,189.0,135.4,7.3,79.5
1749,2023-05-15,81,5,0.0,454.2,0.0,630.4
1750,2024-11-25,39,3,322.9,214.7,4.6,669.8
1751,2025-10-27,9,1,0.0,314.2,0.0,1249.7
1752,2025-03-17,32,19,121.3,89.0,5.2,189.8
1753,2025-04-14,72,3,687.8,644.7,10.5,620.5
1754,2023-11-27,16,7,707.5,407.6,10.5,350.6
1755,2025-09-29,94,14,454.3,425.2,5.6,409.2
1756,2025-12-22,72,15,720.3,640.8,10.5,597.7
1757,2023-04-17,7,17,0.0,125.9,0.0,235.1
1758,2023-10-02,56,6,2426.2,1535.4,16.5,1040.0
1759,2024-09-30,72,15,279.6,640.8,4.1,436.8
1760,2025-12-22,94,20,0.0,362.3,0.0,736.8
1761,2024-08-05,47,4,1439.2,1113.1,5.5,1676.7
1762,2023-10-30,114,21,63.4,379.9,0.8,745.0
1763,2023-02-20,55,21,2320.2,1049.0,8.5,1408.8
1764,2023-09-04,35,1,5045.9,1465.1,12.2,2280.3
1765,2023-05-15,22,18,378.3,568.2,3.8,612.8
1766,2024-02-19,64,16,0.0,632.1,0.0,1255.3
1767,2023-10-30,12,5,12.2,554.1,0.1,1570.3
1768,2023-04-17,53,3,1177.8,601.7,9.0,650.6
1769,2023-08-07,82,7,172.4,330.4,2.4,836.1
1770,2023-11-27,84,10,751.1,438.0,10.9,176.6
1771,2023-03-20,116,11,2275.6,1144.2,21.4,646.9
1772,2025-08-04,51,14,359.1,302.3,8.9,437.7
1773,2024-12-23,23,17,2471.3,1172.0,13.0,1146.4
1774,2023-08-07,34,16,373.3,189.8,8.6,166.2
1775,2023-11-27,63,7,557.0,1557.6,3.6,1585.3
1776,2024-09-02,34,19,0.0,260.5,0.0,497.9
1777,2023-08-07,47,18,974.5,1163.9,4.6,712.8
1778,2023-12-25,68,10,720.2,1023.2,2.7,1125.2
1779,2025-02-17,50,11,1286.9,940.7,5.5,1318.2
1780,2023-11-27,56,1,775.9,1470.0,3.2,2685.3
1781,2024-03-18,71,7,291.8,579.4,5.0,459.4
1782,2025-03-17,117,18,0.0,198.3,0.0,439.3
1783,2024-07-08,9,16,19.1,331.5,0.3,464.0
1784,2024-10-28,2,6,0.0,1255.7,0.0,2295.8
1785,2023-09-04,119,16,0.0,178.9,0.0,454.4
1786,2025-10-27,7,5,0.0,69.1,0.0,108.2
1787,2024-01-22,93,3,416.8,166.2,10.0,452.6
1788,2024-11-25,7,5,38.6,69.1,2.2,72.8
1789,2024-09-30,9,9,295.5,289.9,4.3,330.8
1790,2023-12-25,7,17,0.0,125.9,0.0,220.8
1791,2024-05-13,6,14,1326.7,709.1,7.3,973.2
1792,2024-09-02,55,16,2437.3,687.4,12.7,735.4
1793,2025-07-07,102,17,838.7,692.9,15.2,247.4
1794,2023-01-01,30,6,346.9,155.6,8.7,326.2
1795,2024-06-10,89,19,373.3,690.0,2.8,725.4
1796,2024-09-02,87,13,590.2,695.9,4.4,1014.5
1797,2025-10-27,94,9,343.6,262.3,5.2,347.1
1798,2023-04-17,11,9,3550.6,1138.3,13.9,843.9
1799,2024-06-10,117,16,672.4,313.3,12.8,234.1
1800,2025-08-04,12,14,632.9,1407.4,2.4,3349.8
1801,2023-04-17,53,5,276.0,550.8,2.0,600.3
1802,2025-03-17,65,11,0.0,1060.4,0.0,1696.3
1803,2024-06-10,88,17,947.9,384.0,8.8,677.2
1804,2025-11-24,69,18,361.5,313.7,6.1,396.7
1805,2025-05-12,41,18,0.0,151.0,0.0,283.8
1806,2024-08-05,30,17,433.3,245.2,8.6,358.6
1807,2023-07-10,34,12,100.7,298.3,1.4,451.6
1808,2025-07-07,104,10,604.2,353.2,18.8,169.4
1809,2023-10-02,15,1,2180.2,1624.2,13.7,1168.8
1810,2023-07-10,33,15,37.0,28.9,7.3,32.6
1811,2025-05-12,45,4,1227.6,506.2,8.9,306.6
1812,2024-10-28,33,21,0.0,44.9,0.0,90.6
1813,2023-03-20,16,12,815.9,371.0,10.7,427.9
1814,2025-02-17,1,1,2405.2,1806.9,13.4,510.0
1815,2025-03-17,51,20,1269.2,308.4,32.7,103.3
1816,2024-06-10,111,10,848.2,1092.1,2.6,3112.1
1817,2025-06-09,58,16,2076.1,985.6,10.1,1258.8
1818,2025-02-17,99,15,855.1,238.1,10.6,429.1
1819,2025-02-17,64,17,1391.7,673.3,10.3,300.0
1820,2025-06-09,85,5,380.5,214.1,7.9,290.8
1821,2024-06-10,68,18,845.6,1111.6,4.6,1980.0
1822,2024-04-15,18,2,3631.6,1168.3,8.9,1546.0
1823,2025-05-12,19,5,230.2,159.0,7.1,158.8
1824,2024-09-30,11,13,2218.7,792.0,15.5,1061.6
1825,2023-10-30,6,11,773.9,608.4,3.9,1482.6
1826,2025-10-27,98,20,687.0,541.1,7.5,749.1
1827,2024-10-28,16,20,896.0,438.7,10.1,355.9
1828,2025-02-17,69,13,307.6,176.0,7.5,199.7
1829,2023-04-17,30,19,397.9,187.4,8.6,387.6
1830,2024-07-08,19,2,594.4,347.5,8.7,455.0
1831,2025-04-14,81,22,1732.7,723.9,9.4,1011.6
1832,2024-07-08,51,13,125.8,227.6,6.4,118.3
1833,2023-04-17,74,4,3368.3,1932.6,8.4,1410.1
1834,2023-02-20,110,7,168.9,206.1,6.1,278.7
1835,2024-12-23,5,7,1424.3,662.3,10.6,441.8
1836,2024-02-19,34,16,449.8,189.8,10.3,150.5
1837,2023-02-20,33,16,39.0,28.5,5.7,30.8
1838,2024-05-13,14,5,96.5,165.3,6.9,150.4
1839,2023-01-01,42,18,1473.1,594.8,15.3,289.6
1840,2023-04-17,28,13,1618.3,699.4,14.6,342.3
1841,2025-09-01,8,13,1110.2,596.3,9.0,805.2
1842,2023-11-27,39,4,0.0,711.6,0.0,1451.9
1843,2025-06-09,35,9,1946.1,1702.5,5.5,1491.1
1844,2024-12-23,67,2,707.8,762.4,5.4,1120.6
1845,2024-11-25,74,2,2653.1,1363.0,6.0,4597.7
1846,2023-04-17,97,14,405.6,182.5,14.6,88.8
1847,2025-04-14,3,6,319.4,363.7,4.0,408.9
1848,2025-02-17,99,9,1084.1,583.3,8.2,821.3
1849,2025-03-17,10,13,0.0,173.3,0.0,406.0
1850,2024-09-30,15,4,4096.9,1135.1,26.9,434.8
1851,2024-02-19,85,1,1101.4,311.7,11.8,289.9
1852,2025-05-12,120,7,0.0,389.7,0.0,867.2
1853,2024-08-05,24,13,0.0,52.9,0.0,93.4
1854,2024-09-02,100,2,122.2,120.3,5.4,69.4
1855,2025-10-27,50,20,3358.9,1395.6,13.6,1579.3
1856,2024-09-02,72,18,2057.8,847.3,19.6,541.9
1857,2023-04-17,32,11,174.0,126.0,6.0,74.7
1858,2023-06-12,88,22,0.0,541.5,0.0,832.1
1859,2023-01-01,100,2,188.4,120.3,8.3,67.8
1860,2023-03-20,93,2,0.0,522.4,0.0,1253.3
1861,2025-04-14,90,12,53.3,36.6,8.6,21.0
1862,2023-10-02,43,1,254.8,346.8,3.3,796.4
1863,2023-10-30,48,8,17.3,1240.6,0.1,1254.1
1864,2025-03-17,107,6,374.0,194.7,7.2,397.9
1865,2024-06-10,45,9,694.0,399.5,6.0,942.9
1866,2023-08-07,44,2,849.8,707.7,9.3,614.0
1867,2024-10-28,119,9,285.3,205.1,6.7,248.1
1868,2023-01-01,26,11,966.3,350.4,9.7,339.7
1869,2025-01-20,52,5,0.0,76.8,0.0,290.2
1870,2025-01-20,17,6,853.2,281.8,25.4,93.4
1871,2024-06-10,3,15,466.7,321.4,7.5,254.5
1872,2025-02-17,9,9,17.1,289.9,0.2,517.4
1873,2025-07-07,63,1,1082.5,1056.9,6.6,841.5
1874,2025-06-09,38,9,0.0,352.5,0.0,746.6
1875,2023-12-25,60,6,724.2,284.3,11.6,621.6
1876,2024-06-10,41,20,0.0,199.2,0.0,414.0
1877,2025-03-17,20,12,2442.8,2053.9,11.2,616.3
1878,2025-07-07,93,17,0.0,275.5,0.0,880.1
1879,2023-12-25,28,19,0.0,1650.5,0.0,1866.1
1880,2024-04-15,84,17,501.5,238.8,7.9,444.2
1881,2024-09-02,33,13,27.3,18.6,5.7,25.9
1882,2023-08-07,28,5,0.0,1116.1,0.0,367.4
1883,2023-07-10,37,2,1846.9,866.2,9.0,1407.9
1884,2023-11-27,93,3,429.3,166.2,10.3,278.6
1885,2023-02-20,25,18,341.8,133.2,11.2,128.8
1886,2025-09-01,71,16,1135.9,373.4,24.1,145.8
1887,2024-02-19,58,7,350.4,907.6,1.4,1504.4
1888,2023-08-07,116,18,194.2,618.5,2.4,649.1
1889,2023-01-01,3,18,546.8,503.4,6.3,612.9
1890,2025-04-14,13,11,19.9,411.6,0.4,535.3
1891,2023-10-30,88,16,618.9,500.6,7.8,533.3
1892,2024-09-02,104,9,976.6,296.0,35.6,84.8
1893,2023-10-02,74,9,0.0,1692.3,0.0,3039.9
1894,2024-03-18,108,15,2.5,206.8,0.1,264.6
1895,2024-07-08,94,11,998.6,278.3,13.2,255.3
1896,2023-07-10,58,5,459.8,718.7,3.2,705.1
1897,2023-03-20,82,21,1062.4,381.3,12.1,739.0
1898,2023-04-17,119,4,40.7,191.6,0.8,155.6
1899,2025-06-09,23,14,1340.1,1006.0,6.3,2126.6
1900,2025-01-20,36,9,0.0,270.4,0.0,171.6
1901,2024-09-02,17,19,945.5,339.3,25.2,118.2
1902,2024-09-02,84,4,801.7,367.9,13.1,331.7
1903,2024-01-22,19,16,204.3,193.4,4.5,195.4
1904,2025-04-14,40,4,1563.0,1219.2,10.8,780.6
1905,2025-05-12,100,11,129.6,68.2,5.9,109.7
1906,2024-06-10,29,18,847.8,410.7,14.5,586.3
1907,2023-02-20,93,17,946.6,275.5,12.7,322.6
1908,2025-11-24,58,16,1640.1,985.6,8.0,938.6
1909,2025-10-27,69,18,472.6,313.7,8.0,230.2
1910,2023-02-20,28,5,1724.8,1116.1,17.1,396.0
1911,2024-02-19,112,15,561.5,392.9,7.1,241.5
1912,2023-01-01,70,10,191.2,397.9,4.1,298.2
1913,2023-01-01,31,17,779.8,406.8,6.4,525.2
1914,2023-06-12,28,8,1410.2,1678.8,9.2,1142.8
1915,2024-03-18,58,7,0.0,907.6,0.0,2840.5
1916,2025-08-04,9,17,903.2,366.3,12.1,589.2
1917,2025-11-24,21,7,195.7,356.7,2.9,745.5
1918,2025-09-29,66,16,151.6,92.0,6.7,98.3
1919,2023-08-07,23,3,509.0,445.3,4.3,1461.1
1920,2023-04-17,29,9,700.3,636.4,10.5,317.5
1921,2025-01-20,5,12,0.0,736.1,0.0,1296.1
1922,2024-01-22,104,10,0.0,353.2,0.0,1106.6
1923,2025-12-22,10,10,35.7,247.5,0.6,381.6
1924,2024-11-25,2,6,166.6,1255.7,1.0,1931.1
1925,2025-09-29,3,5,336.5,388.2,5.1,476.9
1926,2025-06-09,96,9,672.5,561.7,5.7,290.5
1927,2025-07-07,116,3,560.6,463.0,9.9,419.8
1928,2025-06-09,38,1,601.4,493.6,6.5,235.8
1929,2023-05-15,96,3,274.7,325.2,4.2,269.8
1930,2023-11-27,96,3,444.1,325.2,6.7,376.3
1931,2025-08-04,88,16,290.5,500.6,3.7,482.9
1932,2025-08-04,29,5,382.6,475.8,9.1,117.6
1933,2024-08-05,104,12,0.0,282.7,0.0,318.2
1934,2024-07-08,21,15,204.8,227.9,4.8,409.1
1935,2024-02-19,64,10,1763.6,690.5,11.4,744.4
1936,2023-10-02,65,11,2004.8,1060.4,13.3,410.7
1937,2023-06-12,1,14,4540.7,1472.3,25.1,1272.2
1938,2023-10-02,95,20,4127.3,1835.3,18.9,861.2
1939,2024-11-25,46,7,201.7,169.1,8.7,310.2
1940,2024-03-18,86,13,596.4,501.9,6.1,521.8
1941,2024-03-18,10,8,497.6,284.0,9.8,362.4
1942,2024-01-22,76,9,192.6,109.4,21.8,36.5
1943,2024-03-18,80,12,534.0,524.7,5.7,669.2
1944,2025-12-22,94,3,75.0,158.9,1.9,273.3
1945,2023-06-12,86,22,886.0,631.2,4.2,1252.0
1946,2025-07-07,96,5,309.9,246.9,4.3,276.2
1947,2023-01-23,54,12,1293.0,644.6,7.7,321.3
1948,2025-07-07,76,12,207.6,97.3,19.5,47.4
1949,2023-08-07,6,11,207.3,608.4,1.1,636.4
1950,2024-09-30,98,10,330.3,360.3,3.4,563.2
1951,2024-10-28,43,10,835.3,340.5,10.5,605.7
1952,2024-12-23,35,16,3939.2,1269.1,14.5,1820.0
1953,2023-10-02,45,15,915.5,400.3,11.4,261.8
1954,2025-09-01,48,17,3621.7,1622.8,13.0,1202.3
1955,2025-08-04,17,19,401.3,339.3,10.7,119.6
1956,2024-05-13,116,3,738.1,463.0,13.0,237.2
1957,2024-04-15,72,18,2732.2,847.3,26.0,635.4
1958,2023-11-27,9,5,0.0,241.1,0.0,306.3
1959,2025-07-07,98,12,0.0,368.3,0.0,658.7
1960,2023-04-17,9,9,156.9,289.9,2.3,742.1
1961,2023-03-20,91,21,996.6,969.8,9.9,1046.7
1962,2025-08-04,10,6,77.6,272.0,1.7,226.3
1963,2023-07-10,52,5,216.4,76.8,8.0,131.3
1964,2025-01-20,28,17,2766.6,2125.5,14.1,496.8
1965,2024-04-15,49,4,2278.1,880.7,10.4,966.1
1966,2025-01-20,65,17,1599.3,1451.4,11.4,1154.5
1967,2023-06-12,58,1,1292.9,1659.8,4.4,865.5
1968,2024-10-28,57,6,1340.7,681.7,18.0,934.4
1969,2023-04-17,67,2,197.6,762.4,1.5,592.7
1970,2024-10-28,10,10,0.0,247.5,0.0,563.1
1971,2023-04-17,86,8,665.1,651.1,4.3,430.3
1972,2025-04-14,89,19,1253.3,690.0,9.3,642.7
1973,2025-02-17,41,16,132.5,193.7,3.3,207.4
1974,2024-08-05,108,7,523.0,387.9,15.3,139.9
1975,2025-09-01,30,17,287.3,245.2,5.7,338.0
1976,2025-10-27,47,18,160.5,1163.9,0.8,2162.3
1977,2025-04-14,44,7,1199.9,799.7,14.5,664.5
1978,2024-08-05,110,21,478.5,397.8,15.7,233.6
1979,2023-06-12,116,14,1057.6,858.2,9.9,280.2
1980,2025-03-17,34,4,806.7,371.8,12.6,378.0
1981,2024-01-22,108,3,515.8,211.8,27.2,87.9
1982,2023-06-12,37,10,577.9,853.1,3.2,1530.7
1983,2023-10-30,14,1,283.7,208.3,10.5,256.8
1984,2024-11-25,88,14,1068.4,673.4,9.2,589.4
1985,2023-10-30,90,14,41.8,22.9,7.5,16.0
1986,2023-12-25,48,4,4182.6,1351.2,12.3,1408.2
1987,2025-01-20,118,21,402.4,869.1,5.6,374.3
1988,2024-09-30,97,14,505.0,182.5,18.2,108.4
1989,2025-03-17,42,18,1143.1,594.8,11.9,341.2
1990,2025-01-20,73,17,1866.9,586.1,22.4,298.3
1991,2024-11-25,106,17,563.4,415.2,8.6,493.2
1992,2023-07-10,18,18,575.7,1145.8,2.1,2435.4
1993,2024-05-13,72,10,1627.7,1523.0,11.7,719.4
1994,2024-07-08,32,17,0.0,80.0,0.0,162.5
1995,2023-04-17,51,22,70.4,319.1,1.7,160.3
1996,2023-04-17,41,8,0.0,139.2,0.0,274.1
1997,2025-07-07,58,5,1542.6,718.7,10.8,702.9
1998,2025-05-12,41,20,300.1,199.2,5.2,353.3
1999,2025-09-29,1,11,0.0,1092.9,0.0,689.1
2000,2025-05-12,12,20,2395.8,1476.3,8.1,948.0
2001,2025-11-24,99,19,0.0,648.5,0.0,1393.6
2002,2024-10-28,75,21,526.5,716.5,3.5,1119.7
2003,2024-11-25,20,2,2230.8,1549.4,10.6,1760.5
2004,2023-01-23,13,21,1020.4,514.3,23.3,169.0
2005,2024-05-13,89,19,1272.9,690.0,9.4,804.5
2006,2024-12-23,86,22,2229.2,631.2,10.7,1342.8
2007,2024-02-19,29,8,1310.9,595.2,22.5,297.8
2008,2025-03-17,28,5,0.0,1116.1,0.0,962.6
2009,2024-08-05,69,14,582.1,421.4,7.1,751.5
2010,2024-10-28,112,13,0.0,363.7,0.0,669.1
2011,2024-03-18,50,13,328.2,543.5,2.8,1037.7
2012,2025-05-12,45,9,271.5,399.5,2.3,613.9
2013,2023-03-20,90,11,91.7,35.8,16.3,22.4
2014,2023-10-02,6,22,659.6,1069.3,2.9,1364.0
2015,2023-05-15,6,22,51.9,1069.3,0.2,1179.9
2016,2025-12-22,47,22,1352.2,1657.6,4.4,1682.9
2017,2024-04-15,33,16,0.0,28.5,0.0,132.7
2018,2024-09-02,88,17,249.6,384.0,2.3,286.1
2019,2023-06-12,8,20,810.9,877.3,3.3,1090.9
2020,2025-07-07,45,15,931.7,400.3,11.6,482.9
2021,2025-01-20,40,8,1365.0,1169.4,12.2,440.8
2022,2025-01-20,78,6,301.6,641.5,2.3,505.8
2023,2025-04-14,73,17,429.2,586.1,5.2,744.4
2024,2024-10-28,10,18,0.0,263.1,0.0,498.8
2025,2023-10-02,31,17,0.0,406.8,0.0,1183.2
2026,2025-03-17,58,18,3203.4,860.6,13.9,674.2
2027,2024-06-10,75,10,0.0,496.1,0.0,1076.4
2028,2023-05-15,115,14,1629.2,1435.7,8.6,1875.8
2029,2023-09-04,77,21,0.0,329.0,0.0,761.8
2030,2024-02-19,63,4,0.0,1340.9,0.0,855.6
2031,2023-12-25,13,5,0.0,266.9,0.0,375.5
2032,2025-01-20,97,14,441.0,182.5,15.9,34.1
2033,2023-09-04,15,8,416.4,1145.8,3.5,853.4
2034,2025-08-04,31,16,732.1,540.3,7.6,406.8
2035,2023-01-01,6,9,1808.4,728.8,11.2,492.2
2036,2023-06-12,67,3,0.0,284.2,0.0,669.5
2037,2024-06-10,19,17,445.1,265.6,8.0,205.0
2038,2023-07-10,6,2,58.1,643.6,0.3,1040.0
2039,2024-03-18,110,7,188.2,206.1,6.8,259.4
2040,2025-05-12,20,9,1087.3,1276.9,6.3,1561.9
2041,2023-07-10,15,13,819.9,881.9,10.4,157.5
2042,2023-02-20,54,4,934.9,624.3,6.0,737.7
2043,2025-06-09,70,10,384.9,397.9,8.3,146.8
2044,2024-10-28,47,18,178.5,1163.9,0.8,1491.6
2045,2023-11-27,114,2,0.0,459.6,0.0,1330.6
2046,2023-09-04,99,2,855.8,851.3,5.5,1687.5
2047,2023-03-20,41,20,85.5,199.2,1.5,284.2
2048,2023-04-17,61,12,289.0,246.1,12.8,167.6
2049,2025-02-17,13,2,238.8,627.9,4.6,219.3
2050,2023-01-23,108,21,147.2,308.9,3.9,402.3
2051,2025-12-22,70,10,43.6,397.9,0.9,488.0
2052,2023-09-04,1,12,3051.9,1754.4,15.8,1182.0
2053,2023-01-23,6,7,1806.1,555.5,10.4,1011.6
2054,2025-09-01,67,4,599.4,650.5,5.2,462.2
2055,2023-12-25,64,14,2118.0,631.4,13.9,797.8
2056,2023-06-12,91,9,1812.5,527.9,22.8,996.1
2057,2025-02-17,41,13,114.7,157.4,4.4,160.5
2058,2024-01-22,46,7,337.8,169.1,14.6,149.8
2059,2025-05-12,11,1,3369.1,1354.0,11.2,2576.9
2060,2024-12-23,18,21,723.2,1229.4,2.0,2283.5
2061,2024-09-02,103,12,200.0,190.5,4.4,272.3
2062,2024-11-25,8,9,1884.3,1215.1,8.7,1022.3
2063,2023-12-25,24,17,0.0,91.8,0.0,307.7
2064,2023-10-30,97,11,213.1,196.6,7.8,72.3
2065,2024-09-30,95,11,0.0,1530.3,0.0,853.0
2066,2024-11-25,73,11,559.6,949.4,6.5,1058.0
2067,2023-10-30,1,10,0.0,1165.0,0.0,3039.1
2068,2024-10-28,87,14,1198.3,1610.4,4.3,3429.8
2069,2025-07-07,49,11,50.3,714.9,0.2,937.1
2070,2025-10-27,3,15,328.4,321.4,5.3,431.1
2071,2024-09-30,91,11,1094.5,780.6,12.9,568.9
2072,2025-08-04,106,20,147.1,394.7,1.9,908.7
2073,2023-03-20,4,10,980.1,403.1,11.3,503.2
2074,2023-01-23,86,14,2115.8,919.5,10.2,947.7
2075,2024-06-10,84,13,93.3,145.4,3.1,231.7
2076,2025-03-17,21,14,1064.8,421.2,12.8,381.4
2077,2023-09-04,13,21,479.6,514.3,11.0,208.8
2078,2023-10-30,114,13,37.7,135.0,1.0,559.8
2079,2023-02-20,58,22,1948.9,1225.6,6.5,1190.0
2080,2025-12-22,17,7,254.3,463.3,6.2,420.6
2081,2023-02-20,12,5,1032.9,554.1,6.9,733.6
2082,2025-06-09,19,8,320.2,148.6,6.8,210.1
2083,2023-01-01,4,7,707.7,259.3,9.3,607.4
2084,2025-01-20,80,12,512.4,524.7,5.5,676.3
2085,2025-08-04,120,7,616.6,389.7,7.2,306.2
2086,2024-03-18,96,5,668.8,246.9,9.2,339.8
2087,2024-02-19,3,4,100.4,401.0,0.8,604.9
2088,2025-09-29,110,21,200.3,397.8,6.6,139.1
2089,2023-03-20,44,17,744.5,929.8,9.6,690.9
2090,2024-01-22,76,16,126.3,86.2,17.5,34.8
2091,2025-10-27,107,21,215.9,411.7,3.0,641.8
2092,2025-05-12,47,20,706.4,1025.6,2.6,1067.0
2093,2025-09-29,22,21,102.9,484.3,0.8,828.7
2094,2023-03-20,14,3,178.6,112.4,12.1,102.0
2095,2024-09-30,86,20,99.6,1014.6,0.5,3641.0
2096,2025-11-24,20,20,0.0,2225.0,0.0,2280.1
2097,2025-09-29,119,14,419.8,279.0,7.8,269.8
2098,2025-12-22,12,5,0.0,554.1,0.0,1983.1
2099,2023-10-30,72,12,1467.4,1202.3,9.9,943.1
2100,2023-03-20,1,11,2207.4,1092.9,11.9,826.0
2101,2023-01-23,21,5,413.9,191.8,10.6,317.9
2102,2023-08-07,38,4,1326.1,520.8,13.8,212.9
2103,2025-05-12,2,20,1237.4,1676.9,5.6,1350.3
2104,2025-06-09,115,22,2158.2,2457.1,10.5,1583.5
2105,2023-10-30,107,12,445.4,304.1,5.3,480.9
2106,2024-02-19,56,1,2909.9,1470.0,11.9,2101.5
2107,2024-12-23,75,4,0.0,649.5,0.0,2505.7
2108,2024-09-02,7,22,134.4,121.7,4.2,303.7
2109,2023-09-04,9,17,94.6,366.3,1.3,602.7
2110,2025-10-27,44,22,351.2,613.7,3.8,247.8
2111,2023-04-17,68,8,1525.3,751.4,8.3,729.8
2112,2025-05-12,61,22,19.8,234.9,0.9,99.3
2113,2025-10-27,23,17,2924.3,1172.0,15.3,1155.8
2114,2023-10-02,117,22,134.5,359.7,1.7,580.4
2115,2024-01-22,42,8,323.2,544.7,3.2,881.4
2116,2024-06-10,1,2,2032.8,1612.9,10.0,962.1
2117,2024-05-13,22,20,187.3,538.9,1.4,775.5
2118,2023-10-30,44,13,916.2,355.5,21.9,399.9
2119,2023-01-01,78,16,1039.9,485.5,8.2,436.0
2120,2024-01-22,84,14,0.0,400.2,0.0,920.6
2121,2024-03-18,1,12,3595.7,1754.4,18.7,648.7
2122,2024-11-25,43,21,0.0,333.6,0.0,1356.4
2123,2024-08-05,61,16,157.9,145.5,10.1,85.7
2124,2023-04-17,58,1,0.0,1659.8,0.0,2743.5
2125,2024-01-22,84,12,352.2,304.8,4.8,468.8
2126,2024-03-18,81,13,1036.2,329.8,12.5,381.9
2127,2025-05-12,89,1,1357.0,772.4,8.1,930.3
2128,2025-11-24,54,7,701.9,549.5,5.0,714.9
2129,2025-07-07,49,17,1546.9,824.9,8.3,1069.7
2130,2024-10-28,32,17,114.4,80.0,4.3,219.0
2131,2025-10-27,56,19,731.7,1707.1,3.9,1574.9
2132,2025-04-14,103,10,234.5,222.8,5.6,426.4
2133,2025-02-17,58,1,1965.5,1659.8,6.7,2074.1
2134,2024-12-23,106,4,265.8,447.1,3.5,414.6
2135,2025-03-17,88,22,0.0,541.5,0.0,580.2
2136,2023-03-20,2,13,2417.2,1169.0,20.6,523.9
2137,2023-05-15,64,14,2050.8,631.4,13.4,785.1
2138,2024-06-10,120,19,778.4,256.9,10.4,207.1
2139,2024-03-18,51,20,539.8,308.4,13.9,127.7
2140,2024-07-08,33,21,58.9,44.9,6.6,54.4
2141,2024-10-28,6,9,843.1,728.8,5.2,1272.2
2142,2024-07-08,66,16,225.8,92.0,10.0,119.3
2143,2023-01-23,23,22,2172.6,1490.3,9.6,1430.8
2144,2024-01-22,9,17,481.1,366.3,6.4,279.7
2145,2023-04-17,34,7,584.3,308.4,10.2,326.8
2146,2023-02-20,111,17,396.8,1696.4,1.4,1646.8
2147,2025-11-24,34,6,915.3,284.3,20.3,202.7
2148,2023-11-27,84,14,966.2,400.2,15.5,301.7
2149,2025-01-20,33,15,32.1,28.9,6.3,27.4
2150,2025-09-29,14,5,111.8,165.3,8.0,102.1
2151,2024-12-23,20,2,0.0,1549.4,0.0,3836.1
2152,2024-06-10,44,17,1757.2,929.8,22.6,304.5
2153,2025-07-07,47,4,2266.9,1113.1,8.7,826.7
2154,2024-09-02,93,15,432.4,148.8,9.6,156.3
2155,2023-04-17,94,11,159.9,278.3,2.1,909.2
2156,2024-10-28,81,4,0.0,812.9,0.0,2346.2
2157,2024-04-15,31,16,446.8,540.3,4.7,605.1
2158,2023-01-23,69,14,1174.6,421.4,14.3,292.4
2159,2024-08-05,90,12,48.9,36.6,7.9,45.9
2160,2025-09-01,120,8,0.0,262.3,0.0,682.5
2161,2023-01-01,5,7,720.2,662.3,5.4,805.1
2162,2025-03-17,94,20,807.6,362.3,10.2,596.3
2163,2024-12-23,34,12,38.7,298.3,0.5,345.7
2164,2024-04-15,73,17,0.0,586.1,0.0,767.3
2165,2024-01-22,80,12,1140.5,524.7,12.2,507.4
2166,2025-02-17,61,12,311.3,246.1,13.8,183.2
2167,2023-07-10,19,3,305.9,113.3,10.1,193.3
2168,2025-09-29,79,6,1472.5,924.1,15.1,816.8
2169,2025-05-12,82,7,391.2,330.4,5.4,817.3
2170,2023-04-17,75,8,964.5,394.7,8.4,435.0
2171,2023-06-12,13,8,326.4,295.2,8.6,389.9
2172,2023-10-30,26,10,638.2,419.3,6.1,1155.2
2173,2024-02-19,89,19,502.0,690.0,3.7,875.0
2174,2023-01-23,45,21,1390.9,674.0,9.7,389.4
2175,2025-10-27,114,21,1254.3,379.9,16.0,310.2
2176,2024-08-05,116,11,1505.4,1144.2,14.2,567.6
2177,2024-04-15,1,12,2619.3,1754.4,13.6,330.6
2178,2025-11-24,103,12,1.9,190.5,0.0,271.8
2179,2023-06-12,58,6,2895.0,699.0,14.9,513.9
2180,2024-01-22,108,15,325.0,206.8,15.5,216.4
2181,2024-08-05,21,14,0.0,421.2,0.0,1041.7
2182,2024-09-30,94,22,1023.6,407.6,12.3,348.5
2183,2023-05-15,9,2,481.3,413.2,5.5,538.6
2184,2023-11-27,41,7,332.3,310.0,6.7,158.3
2185,2023-12-25,119,12,616.1,260.6,12.1,325.9
2186,2024-09-30,30,18,556.3,210.3,12.9,214.1
2187,2023-01-01,109,15,727.3,265.1,10.0,393.7
2188,2025-02-17,87,11,444.2,971.1,1.6,967.5
2189,2023-06-12,38,8,28.3,362.2,0.4,344.7
2190,2023-09-04,71,16,762.5,373.4,16.2,412.3
2191,2023-02-20,58,1,2963.6,1659.8,10.0,788.1
2192,2025-08-04,82,4,0.0,332.9,0.0,740.5
2193,2024-02-19,92,13,472.3,482.0,4.8,588.8
2194,2024-09-02,20,12,0.0,2053.9,0.0,999.8
2195,2023-11-27,11,1,2414.0,1354.0,8.0,2789.2
2196,2024-05-13,10,6,300.0,272.0,6.6,217.4
2197,2024-05-13,53,8,1490.3,821.2,7.9,871.2
2198,2024-08-05,6,14,0.0,709.1,0.0,910.7
2199,2024-09-02,9,15,307.4,144.0,7.9,174.2
2200,2023-12-25,58,20,2790.7,1604.8,9.2,2532.0
2201,2025-03-17,6,22,1083.9,1069.3,4.7,1588.1
2202,2025-07-07,20,15,405.9,824.7,3.7,551.4
2203,2025-11-24,42,18,472.8,594.8,4.9,637.1
2204,2024-12-23,88,1,0.0,412.1,0.0,1394.1
2205,2023-11-27,31,15,0.0,242.5,0.0,484.1
2206,2025-10-27,86,22,1195.5,631.2,5.7,1924.6
2207,2024-06-10,110,19,418.2,181.8,16.7,104.1
2208,2023-08-07,112,3,154.8,363.3,2.5,422.7
2209,2023-01-23,110,11,241.0,374.7,7.9,193.2
2210,2025-10-27,12,13,748.9,636.2,5.3,1322.0
2211,2025-09-29,18,15,1125.3,662.8,5.4,1162.6
2212,2024-03-18,71,1,1602.3,526.2,22.3,276.4
2213,2023-10-30,118,1,1082.2,799.9,14.3,295.2
2214,2025-09-29,17,11,139.4,411.7,3.2,172.0
2215,2023-12-25,45,13,717.6,404.1,10.4,426.4
2216,2024-11-25,63,7,0.0,1557.6,0.0,3564.0
2217,2025-03-17,75,21,227.2,716.5,1.5,1438.3
2218,2023-10-02,26,14,307.5,346.3,2.9,806.9
2219,2023-09-04,25,5,255.9,116.9,12.5,180.3
2220,2025-01-20,80,22,548.4,496.4,5.8,1034.9
2221,2023-03-20,37,17,366.1,941.6,2.2,782.6
2222,2024-09-30,9,14,998.6,411.4,12.0,357.9
2223,2023-09-04,9,2,932.8,413.2,10.6,663.3
2224,2025-10-27,4,22,1119.4,438.1,13.2,452.8
2225,2024-05-13,117,22,704.8,359.7,9.1,478.6
2226,2025-12-22,102,9,454.3,564.5,9.1,531.9
2227,2023-12-25,32,22,58.6,170.0,2.0,303.0
2228,2024-04-15,24,12,159.3,174.5,4.6,137.5
2229,2024-09-02,102,14,493.1,773.4,7.9,179.8
2230,2023-09-04,94,18,355.3,250.0,5.7,495.6
2231,2024-04-15,42,16,0.0,369.8,0.0,1122.4
2232,2025-10-27,24,1,0.0,153.0,0.0,402.0
2233,2024-07-08,76,3,64.5,62.2,11.9,69.8
2234,2024-11-25,12,5,1677.1,554.1,11.2,791.9
2235,2024-04-15,105,4,133.3,988.5,1.2,706.3
2236,2024-03-18,112,22,574.5,785.6,4.1,566.6
2237,2025-10-27,80,18,603.5,413.2,8.9,371.2
2238,2025-04-14,4,22,273.0,438.1,3.2,537.2
2239,2025-08-04,4,22,1514.9,438.1,17.8,356.0
2240,2025-07-07,70,10,228.0,397.9,4.9,555.9
2241,2023-02-20,88,10,697.0,635.5,5.8,838.4
2242,2024-08-05,66,12,672.2,162.4,20.4,222.2
2243,2024-10-28,12,20,411.7,1476.3,1.4,2538.2
2244,2025-09-29,78,15,961.4,498.7,10.5,411.0
2245,2024-01-22,69,2,0.0,341.4,0.0,592.7
2246,2024-06-10,13,21,275.0,514.3,6.3,499.6
2247,2023-08-07,102,14,352.3,773.4,5.6,315.2
2248,2024-08-05,23,3,1257.1,445.3,10.6,387.4
2249,2023-02-20,34,7,850.1,308.4,14.8,301.7
2250,2025-04-14,84,13,0.0,145.4,0.0,238.6
2251,2024-04-15,56,4,3483.6,1786.3,15.0,1941.0
2252,2024-10-28,94,22,570.3,407.6,6.9,448.2
2253,2025-02-17,36,6,447.3,320.6,16.9,90.7
2254,2024-04-15,10,2,198.0,363.6,2.9,546.1
2255,2025-11-24,67,2,346.7,762.4,2.7,553.8
2256,2024-10-28,4,21,0.0,303.6,0.0,588.2
2257,2025-07-07,7,22,392.2,121.7,12.1,134.1
2258,2025-12-22,10,9,0.0,280.7,0.0,435.5
2259,2023-06-12,3,13,638.5,366.6,11.2,302.4
2260,2023-10-30,107,19,715.4,307.3,11.8,330.6
2261,2024-12-23,115,1,4469.2,1637.3,25.7,1189.3
2262,2023-01-23,33,21,57.9,44.9,6.5,32.8
2263,2023-10-30,4,7,8.9,259.3,0.1,447.7
2264,2024-06-10,22,20,1364.5,538.9,10.5,385.8
2265,2023-10-30,72,22,2531.4,1068.9,17.6,1181.0
2266,2023-10-02,19,6,197.8,250.3,4.6,303.3
2267,2024-12-23,112,18,365.2,562.2,3.7,757.5
2268,2025-09-29,82,9,688.8,289.0,9.6,396.7
2269,2025-06-09,118,5,284.1,403.0,7.1,294.4
2270,2023-01-01,15,4,949.9,1135.1,6.2,1115.5
2271,2023-06-12,4,4,273.9,346.1,3.5,991.7
2272,2023-01-23,85,5,425.0,214.1,8.9,112.0
2273,2023-01-01,4,19,541.9,301.3,8.7,696.4
2274,2024-08-05,32,2,216.3,114.9,7.3,118.2
2275,2024-01-22,44,15,93.0,330.6,2.0,360.4
2276,2023-01-01,94,14,335.7,425.2,4.2,410.8
2277,2023-05-15,70,10,151.0,397.9,3.3,380.7
2278,2025-09-01,99,2,264.7,851.3,1.7,615.7
2279,2023-10-02,32,3,150.6,47.1,10.9,73.3
2280,2023-11-27,25,18,116.4,133.2,3.8,110.7
2281,2024-11-25,53,19,0.0,889.9,0.0,10686.1
2282,2024-02-19,20,12,1699.1,2053.9,7.8,996.9
2283,2023-05-15,31,8,230.8,533.9,2.3,334.7
2284,2023-09-04,90,12,0.0,36.6,0.0,46.9
2285,2023-03-20,20,15,2284.0,824.7,20.7,770.9
2286,2025-07-07,58,16,3674.6,985.6,17.9,579.6
2287,2025-01-20,120,19,421.2,256.9,5.6,700.0
2288,2023-02-20,102,11,0.0,431.6,0.0,309.9
2289,2023-02-20,74,10,845.3,2326.5,2.2,1675.5
2290,2023-10-30,93,15,0.0,148.8,0.0,294.3
2291,2023-02-20,112,15,417.6,392.9,5.3,157.3
2292,2025-07-07,99,2,1642.3,851.3,10.6,640.0
2293,2023-01-23,23,3,0.0,445.3,0.0,844.9
2294,2023-11-27,58,22,3049.0,1225.6,10.2,904.3
2295,2025-10-27,80,4,948.8,423.6,9.8,457.7
2296,2025-04-14,75,13,460.8,372.2,6.0,376.6
2297,2023-03-20,118,15,551.4,433.3,14.3,135.5
2298,2024-01-22,84,5,0.0,203.2,0.0,926.3
2299,2023-12-25,40,4,1150.0,1219.2,7.9,1332.2
2300,2024-04-15,42,9,1093.9,629.4,10.3,651.1
2301,2024-01-22,7,22,385.6,121.7,11.9,140.7
2302,2023-03-20,14,6,19.9,223.6,1.0,140.1
2303,2024-04-15,56,5,1353.9,1463.1,11.1,989.1
2304,2023-09-04,23,22,2764.1,1490.3,12.2,1411.0
2305,2025-01-20,58,3,2100.3,814.0,14.9,498.3
2306,2023-07-10,36,12,919.8,418.3,26.0,217.5
2307,2024-04-15,73,20,1763.6,986.3,20.4,406.0
2308,2025-09-29,32,11,318.4,126.0,10.9,73.5
2309,2024-02-19,9,16,516.7,331.5,8.7,282.1
2310,2025-07-07,110,21,628.4,397.8,20.6,89.7
2311,2025-12-22,13,8,868.3,295.2,23.0,330.8
2312,2025-10-27,49,5,200.0,445.2,1.8,1175.0
2313,2023-02-20,60,6,0.0,284.3,0.0,615.2
2314,2023-03-20,94,2,241.1,421.7,2.9,546.8
2315,2024-08-05,31,15,69.6,242.5,0.9,698.2
2316,2024-01-22,112,16,1051.6,416.6,10.5,287.3
2317,2023-06-12,2,8,0.0,976.7,0.0,2527.8
2318,2024-11-25,8,8,1108.2,1123.0,6.4,1218.0
2319,2025-05-12,36,6,420.6,320.6,15.9,103.6
2320,2025-07-07,98,13,115.3,216.2,2.5,199.1
2321,2023-03-20,48,21,4966.2,1867.9,15.5,1699.7
2322,2024-04-15,52,4,0.0,192.6,0.0,324.9
2323,2023-09-04,13,11,980.3,411.6,21.6,231.3
2324,2023-01-01,53,14,3211.0,1347.8,12.0,827.9
2325,2025-05-12,50,20,3817.4,1395.6,15.5,1476.1
2326,2025-05-12,11,19,3557.5,1502.0,14.3,1311.6
2327,2025-05-12,40,6,2286.6,951.5,23.3,361.9
2328,2023-06-12,42,10,1426.5,730.0,10.7,624.3
2329,2024-09-30,23,14,2706.9,1006.0,12.7,1413.5
2330,2024-01-22,5,12,1006.9,736.1,6.7,1360.6
2331,2025-02-17,16,20,1108.9,438.7,12.5,505.1
2332,2024-01-22,6,19,850.9,707.7,5.5,982.0
2333,2025-05-12,10,13,124.7,173.3,3.9,308.1
2334,2025-09-29,7,17,22.8,125.9,0.9,120.8
2335,2025-09-01,67,1,505.1,619.4,4.3,953.0
2336,2024-03-18,116,20,731.5,829.5,7.1,334.3
2337,2025-09-01,24,17,183.2,91.8,6.0,162.0
2338,2025-09-01,56,6,2190.1,1535.4,14.9,1469.7
2339,2024-09-02,72,12,1481.0,1202.3,10.0,410.1
2340,2024-06-10,15,1,2616.2,1624.2,16.4,580.0
2341,2024-10-28,94,14,206.6,425.2,2.6,671.7
2342,2023-09-04,109,15,129.4,265.1,1.8,360.3
2343,2023-06-12,103,1,290.0,201.6,7.2,209.3
2344,2023-11-27,106,1,0.0,285.9,0.0,816.6
2345,2025-04-14,71,7,545.6,579.4,9.4,285.1
2346,2024-02-19,34,12,115.1,298.3,1.6,368.6
2347,2025-08-04,107,15,290.0,228.6,7.3,182.8
2348,2023-04-17,74,2,4631.9,1363.0,10.6,1585.9
2349,2023-08-07,18,5,1794.6,696.6,9.7,1445.8
2350,2025-01-20,22,20,1378.5,538.9,10.6,730.2
2351,2023-04-17,70,10,640.1,397.9,13.9,361.6
2352,2023-07-10,87,21,0.0,1095.0,0.0,3419.3
2353,2023-10-30,37,2,0.0,866.2,0.0,1775.1
2354,2025-10-27,71,6,727.8,580.0,15.3,571.2
2355,2025-08-04,81,5,231.8,454.2,2.7,368.1
2356,2025-09-29,17,19,4.7,339.3,0.1,509.3
2357,2025-01-20,118,19,124.5,519.9,2.2,553.7
2358,2023-06-12,39,12,0.0,773.3,0.0,1196.1
2359,2024-08-05,43,1,0.0,346.8,0.0,914.7
2360,2023-01-23,44,8,422.6,659.5,6.1,576.3
2361,2023-06-12,41,7,3.4,310.0,0.1,339.4
2362,2025-03-17,111,13,598.0,557.6,3.7,1045.5
2363,2023-10-30,29,9,453.1,636.4,6.8,438.4
2364,2025-04-14,45,12,14.9,776.7,0.1,877.5
2365,2024-05-13,120,3,469.7,199.1,10.2,339.6
2366,2025-02-17,86,7,1752.5,706.6,11.0,871.0
2367,2025-12-22,15,12,588.6,1692.1,3.2,1125.5
2368,2024-09-02,26,10,528.5,419.3,5.1,325.8
2369,2024-10-28,15,2,1999.1,1277.7,11.2,994.9
2370,2023-01-23,52,7,413.0,241.7,10.3,116.2
2371,2025-08-04,81,12,826.7,817.2,4.6,1263.1
2372,2024-12-23,112,15,22.8,392.9,0.3,983.6
2373,2025-08-04,40,4,1480.9,1219.2,10.2,1074.7
2374,2025-03-17,74,2,397.4,1363.0,0.9,2498.8
2375,2025-02-17,43,10,1134.3,340.5,14.3,465.1
2376,2024-09-30,88,10,0.0,635.5,0.0,1014.4
2377,2025-10-27,120,19,527.6,256.9,7.0,493.9
2378,2023-04-17,9,7,0.0,431.3,0.0,1073.1
2379,2023-01-23,24,11,106.4,143.6,3.4,265.0
2380,2024-02-19,59,18,2763.6,1016.9,12.9,679.1
2381,2025-10-27,91,21,551.7,969.8,5.5,811.5
2382,2025-01-20,95,11,1319.7,1530.3,6.4,1258.8
2383,2023-06-12,112,16,178.8,416.6,1.8,266.4
2384,2024-06-10,14,3,191.0,112.4,12.9,85.7
2385,2023-10-30,119,21,458.0,224.9,8.9,449.4
2386,2024-05-13,45,16,514.8,506.6,5.3,543.0
2387,2024-11-25,15,10,0.0,1178.6,0.0,1250.6
2388,2025-07-07,50,20,2354.9,1395.6,9.5,2068.9
2389,2024-06-10,82,6,212.7,276.4,3.6,601.2
2390,2024-07-08,9,14,458.7,411.4,5.5,430.6
2391,2023-07-10,103,12,136.2,190.5,3.0,214.6
2392,2023-04-17,35,9,125.1,1702.5,0.4,4409.5
2393,2025-10-27,20,15,2450.3,824.7,22.2,741.7
2394,2023-02-20,1,13,1295.9,670.2,14.6,431.2
2395,2025-09-01,56,4,2963.3,1786.3,12.7,710.1
2396,2024-09-30,100,11,0.0,68.2,0.0,99.0
2397,2023-09-04,3,13,149.8,366.6,2.6,340.1
2398,2025-09-01,66,20,93.7,155.0,2.7,260.9
2399,2025-01-20,33,20,71.1,48.2,7.4,118.0
2400,2023-09-04,14,3,0.0,112.4,0.0,245.3
2401,2023-10-02,76,16,130.3,86.2,18.0,72.8
2402,2025-11-24,12,16,490.7,1131.1,2.6,2261.9
2403,2025-02-17,8,19,594.5,1069.6,3.0,1060.1
2404,2025-07-07,74,3,1119.8,1072.7,5.6,493.6
2405,2023-12-25,47,22,0.0,1657.6,0.0,3663.4
2406,2025-02-17,98,20,289.2,541.1,3.1,262.5
2407,2024-08-05,3,5,779.1,388.2,11.9,442.9
2408,2024-09-02,65,12,1954.6,1115.7,10.7,1294.7
2409,2024-12-23,97,2,0.0,302.8,0.0,463.9
2410,2024-09-30,94,14,812.7,425.2,10.1,349.5
2411,2024-09-30,23,22,1632.8,1490.3,7.2,1743.5
2412,2025-07-07,32,6,169.0,62.7,8.9,138.1
2413,2024-09-30,30,17,458.2,245.2,9.1,132.7
2414,2025-03-17,84,4,784.8,367.9,12.8,202.1
2415,2023-10-30,45,16,0.0,506.6,0.0,1523.9
2416,2025-02-17,76,16,78.0,86.2,10.8,96.3
2417,2023-01-23,34,7,1004.8,308.4,17.5,259.6
2418,2025-08-04,113,2,0.0,532.0,0.0,1123.5
2419,2025-04-14,76,3,52.2,62.2,9.6,27.6
2420,2023-01-23,43,1,467.7,346.8,6.1,228.1
2421,2025-09-29,69,18,209.3,313.7,3.5,548.9
2422,2023-11-27,22,5,201.9,287.1,3.0,740.2
2423,2025-06-09,100,20,180.9,89.6,8.2,142.6
2424,2023-07-10,81,13,745.6,329.8,9.0,425.8
2425,2025-02-17,81,22,1169.8,723.9,6.4,757.1
2426,2023-12-25,34,18,601.1,250.9,12.5,270.2
2427,2023-09-04,74,21,1689.6,1789.6,4.4,1680.9
2428,2024-08-05,37,15,25.4,420.1,0.3,781.7
2429,2024-06-10,26,17,722.1,309.1,8.5,485.8
2430,2023-12-25,10,2,664.0,363.6,9.8,608.0
2431,2023-09-04,30,9,302.3,181.7,5.8,259.8
2432,2025-06-09,81,12,790.1,817.2,4.4,850.3
2433,2023-07-10,65,11,3822.3,1060.4,25.4,616.6
2434,2024-05-13,106,17,901.6,415.2,13.8,573.4
2435,2023-07-10,99,12,845.5,590.7,5.5,940.1
2436,2024-01-22,20,21,841.1,2100.4,4.0,1019.6
2437,2025-04-14,110,21,371.7,397.8,12.2,240.7
2438,2023-05-15,51,1,304.9,305.1,8.4,167.9
2439,2023-11-27,33,16,66.4,28.5,9.7,15.4
2440,2025-10-27,9,5,0.0,241.1,0.0,300.0
2441,2023-09-04,26,7,1159.2,427.3,12.3,345.6
2442,2023-05-15,72,2,4262.0,1419.0,32.7,659.5
2443,2023-05-15,91,6,1517.2,540.4,22.7,421.0
2444,2023-06-12,57,2,1490.2,1113.8,12.1,313.5
2445,2023-03-20,100,20,68.7,89.6,3.1,137.1
2446,2024-10-28,102,3,0.0,355.5,0.0,181.9
2447,2024-02-19,74,9,1156.5,1692.3,3.6,2233.7
2448,2025-08-04,6,4,300.1,858.1,1.5,726.4
2449,2023-09-04,1,11,1995.6,1092.9,10.7,1030.8
2450,2025-03-17,116,3,675.4,463.0,11.9,246.2
2451,2025-09-29,54,4,585.4,624.3,3.8,936.3
2452,2023-12-25,77,19,0.0,455.8,0.0,295.8
2453,2025-02-17,54,16,320.1,350.3,3.0,873.8
2454,2024-08-05,119,7,0.0,187.2,0.0,386.6
2455,2023-10-30,19,17,451.4,265.6,8.1,413.7
2456,2024-01-22,34,18,198.3,250.9,4.1,147.4
2457,2023-07-10,78,17,421.9,696.7,2.5,1205.1
2458,2024-01-22,51,1,599.8,305.1,16.5,138.0
2459,2023-02-20,35,2,2777.1,1653.1,6.8,1477.1
2460,2023-02-20,25,13,60.8,87.9,3.1,218.6
2461,2023-04-17,73,16,580.6,651.9,8.9,198.6
2462,2025-03-17,38,9,614.7,352.5,7.5,318.2
2463,2025-11-24,17,14,375.6,502.5,8.2,290.0
2464,2023-08-07,111,21,3623.7,1672.3,12.2,2093.9
2465,2025-10-27,36,6,305.6,320.6,11.5,140.4
2466,2024-09-30,69,13,0.0,176.0,0.0,541.7
2467,2025-12-22,25,4,0.0,127.9,0.0,408.1
2468,2025-06-09,71,15,244.2,306.2,7.5,140.3
2469,2024-04-15,74,18,1238.4,975.1,4.1,2289.6
2470,2023-10-30,101,3,4.7,40.3,0.5,121.9
2471,2025-09-29,35,16,3733.9,1269.1,13.7,1203.1
2472,2024-04-15,48,13,2556.2,817.7,14.8,444.1
2473,2025-01-20,34,22,421.7,370.0,6.2,938.1
2474,2025-10-27,34,18,0.0,250.9,0.0,792.2
2475,2024-05-13,35,2,4372.6,1653.1,10.7,1497.0
2476,2024-08-05,18,21,1512.5,1229.4,4.2,2141.5
2477,2023-10-30,107,6,0.0,194.7,0.0,785.6
2478,2025-12-22,7,3,127.3,78.7,8.3,65.2
2479,2023-10-02,82,6,455.5,276.4,7.8,379.1
2480,2025-09-29,23,17,742.8,1172.0,3.9,2868.1
2481,2025-03-17,57,16,581.3,622.9,8.0,615.9
2482,2024-11-25,34,7,514.8,308.4,9.0,360.1
2483,2024-10-28,99,19,191.4,648.5,1.6,1012.1
2484,2023-03-20,72,12,1494.2,1202.3,10.1,914.5
2485,2024-01-22,23,5,0.0,555.2,0.0,1801.3
2486,2025-07-07,3,4,42.7,401.0,0.3,655.7
2487,2024-09-02,40,2,3275.0,1732.1,21.5,1315.7
2488,2023-10-30,13,17,298.4,472.0,7.3,227.6
2489,2023-07-10,11,12,190.3,1526.5,0.6,3331.9
2490,2025-07-07,25,13,47.4,87.9,2.4,84.4
2491,2025-11-24,30,9,187.7,181.7,3.6,257.5
2492,2024-01-22,49,16,308.1,574.6,2.1,1275.1
2493,2025-10-27,24,13,104.4,52.9,7.0,127.3
2494,2024-09-02,34,18,251.0,250.9,5.2,316.1
2495,2023-11-27,111,20,874.4,1396.0,2.9,1325.7
2496,2025-09-01,113,10,781.7,373.6,8.3,417.5
2497,2024-10-28,95,19,0.0,1190.0,0.0,1678.2
2498,2024-05-13,78,9,1515.3,682.1,10.2,515.4
2499,2023-09-04,86,8,369.0,651.1,2.4,586.4
2500,2025-10-27,18,15,6.7,662.8,0.0,2107.7
2501,2025-04-14,119,14,524.7,279.0,9.8,257.1
2502,2024-02-19,34,4,222.7,371.8,3.5,1042.1
2503,2025-12-22,20,20,7004.7,2225.0,33.7,1505.5
2504,2023-01-23,43,20,1242.3,294.4,16.1,200.0
2505,2023-02-20,41,15,37.3,127.5,1.3,189.3
2506,2023-09-04,44,13,505.5,355.5,12.1,415.6
2507,2025-11-24,17,12,314.9,496.5,6.5,269.2
2508,2024-12-23,85,19,0.0,443.0,0.0,922.1
2509,2025-03-17,76,18,257.8,65.3,34.9,22.8
2510,2025-07-07,102,11,121.8,431.6,2.0,500.2
2511,2025-12-22,68,8,1537.2,751.4,8.3,1076.6
2512,2024-09-30,80,12,320.3,524.7,3.4,431.7
2513,2025-09-29,54,6,1406.5,523.7,12.8,420.8
2514,2023-10-30,56,13,1053.1,1088.1,9.3,354.2
2515,2023-06-12,119,21,0.0,224.9,0.0,744.5
2516,2024-12-23,58,5,857.5,718.7,6.0,899.4
2517,2024-06-10,87,13,858.9,695.9,6.4,745.9
2518,2025-09-29,17,12,152.0,496.5,3.1,440.2
2519,2023-05-15,20,12,3341.6,2053.9,15.4,1764.8
2520,2025-05-12,4,3,343.2,207.6,8.8,388.7
2521,2024-12-23,104,17,251.4,253.7,9.1,198.9
2522,2023-01-01,119,15,339.2,113.0,12.4,119.3
2523,2025-11-24,4,21,0.0,303.6,0.0,721.7
2524,2025-01-20,14,5,414.4,165.3,29.7,38.5
2525,2023-01-01,32,22,316.2,170.0,10.9,56.8
2526,2024-12-23,22,22,0.0,754.9,0.0,1560.1
2527,2025-02-17,90,14,45.4,22.9,8.1,40.4
2528,2025-03-17,9,16,747.5,331.5,12.6,179.1
2529,2024-06-10,80,18,613.9,413.2,9.0,320.2
2530,2024-11-25,120,6,489.3,270.0,7.6,384.4
2531,2025-04-14,55,19,449.5,1101.4,1.8,2214.2
2532,2023-05-15,86,14,1540.3,919.5,7.5,794.7
2533,2024-11-25,16,11,1058.2,388.3,14.6,463.4
2534,2025-02-17,37,19,1056.8,664.7,6.6,1132.3
2535,2024-08-05,17,12,523.8,496.5,10.8,301.2
2536,2023-10-02,91,11,496.6,780.6,5.8,1360.9
2537,2024-12-23,16,20,919.9,438.7,10.4,427.6
2538,2023-03-20,15,18,2320.8,931.0,18.4,340.8
2539,2025-08-04,53,8,189.9,821.2,1.0,1862.3
2540,2024-03-18,19,6,547.0,250.3,12.7,95.8
2541,2024-08-05,51,14,826.1,302.3,20.5,168.6
2542,2025-11-24,120,7,302.6,389.7,3.6,344.6
2543,2023-10-02,105,17,631.5,907.8,5.8,916.0
2544,2024-09-30,28,5,1525.8,1116.1,15.1,456.6
2545,2025-03-17,35,2,0.0,1653.1,0.0,4321.9
2546,2023-10-02,110,19,373.2,181.8,14.9,201.9
2547,2024-05-13,74,2,158.5,1363.0,0.4,2930.2
2548,2025-01-20,32,5,35.2,58.9,2.3,66.7
2549,2024-11-25,67,4,256.8,650.5,2.2,722.6
2550,2024-06-10,37,4,1145.1,1042.2,6.6,2264.2
2551,2024-04-15,54,2,1634.6,565.7,10.2,464.5
2552,2023-07-10,47,22,1546.2,1657.6,5.0,1488.9
2553,2023-11-27,52,9,239.0,208.0,6.5,178.8
2554,2024-12-23,34,19,0.0,260.5,0.0,791.5
2555,2023-09-04,66,13,0.0,73.2,0.0,208.0
2556,2024-11-25,34,22,125.1,370.0,1.8,716.7
2557,2024-04-15,74,6,730.5,857.7,2.5,1110.0
2558,2024-04-15,73,10,1767.1,964.2,19.4,216.4
2559,2023-06-12,72,14,2594.9,1042.0,17.4,693.2
2560,2023-10-02,46,7,168.8,169.1,7.3,283.5
2561,2023-12-25,87,3,44.5,669.2,0.3,1451.8
2562,2024-07-08,9,17,0.0,366.3,0.0,615.6
2563,2023-07-10,84,5,7.1,203.2,0.2,204.8
2564,2025-06-09,32,2,56.7,114.9,1.9,277.9
2565,2023-10-30,1,2,0.0,1612.9,0.0,1442.2
2566,2025-09-01,41,1,737.9,282.5,13.7,224.9
2567,2024-09-30,1,1,2847.2,1806.9,15.9,1222.3
2568,2024-05-13,29,9,394.5,636.4,5.9,353.4
2569,2025-12-22,62,22,0.0,601.0,0.0,2038.3
2570,2024-11-25,72,5,1091.3,533.9,15.4,333.2
2571,2023-01-01,9,9,173.0,289.9,2.5,995.5
2572,2024-01-22,6,11,1307.8,608.4,6.6,766.8
2573,2025-04-14,76,16,102.2,86.2,14.2,37.7
2574,2023-11-27,10,6,143.0,272.0,3.1,301.8
2575,2023-11-27,4,3,77.4,207.6,2.0,221.5
2576,2023-06-12,112,13,1010.7,363.7,15.8,252.3
2577,2025-11-24,45,11,1703.0,663.7,11.6,1056.7
2578,2025-05-12,52,9,427.0,208.0,11.6,321.7
2579,2023-06-12,1,20,4253.2,1975.1,21.9,571.5
2580,2025-06-09,98,7,721.9,266.7,7.8,446.6
2581,2025-10-27,52,9,286.1,208.0,7.7,323.1
2582,2024-09-30,54,10,186.1,557.4,1.1,987.1
2583,2025-02-17,9,18,869.8,364.8,14.2,171.5
2584,2023-02-20,74,22,4455.6,1630.4,10.4,1339.6
2585,2025-04-14,53,5,1178.9,550.8,8.4,576.6
2586,2025-09-29,63,9,1154.1,1062.3,8.2,1222.5
2587,2024-05-13,9,1,582.8,314.2,6.1,676.6
2588,2023-10-02,50,11,2834.0,940.7,12.1,1637.2
2589,2025-08-04,29,7,0.0,727.9,0.0,270.9
2590,2023-12-25,37,15,925.8,420.1,9.5,787.4
2591,2024-08-05,67,1,2916.3,619.4,25.0,384.0
2592,2025-05-12,10,9,745.5,280.7,13.9,292.9
2593,2025-09-29,60,19,745.3,461.7,9.7,538.8
2594,2025-06-09,88,1,437.9,412.1,3.8,1417.2
2595,2025-01-20,6,14,1452.3,709.1,8.0,1054.1
2596,2023-04-17,60,19,0.0,461.7,0.0,1204.5
2597,2025-09-01,118,1,670.8,799.9,8.8,679.1
2598,2023-01-23,92,11,1399.8,1000.0,8.0,364.4
2599,2023-06-12,38,1,286.2,493.6,3.1,533.6
2600,2023-11-27,41,15,223.7,127.5,7.7,191.1
2601,2025-03-17,96,5,0.0,246.9,0.0,781.3
2602,2024-04-15,38,18,34.8,228.1,0.5,378.7
2603,2024-01-22,26,17,1015.7,309.1,12.0,500.1
2604,2024-10-28,3,13,782.7,366.6,13.8,332.6
2605,2024-09-30,47,4,2546.8,1113.1,9.8,1471.2
2606,2023-05-15,111,8,2035.1,1000.4,8.6,420.3
2607,2025-11-24,99,1,1142.0,676.8,8.1,891.9
2608,2023-04-17,12,21,319.2,1289.8,1.2,2140.4
2609,2024-11-25,21,7,156.9,356.7,2.3,620.0
2610,2023-04-17,44,22,0.0,613.7,0.0,559.5
2611,2024-09-30,69,2,559.9,341.4,6.4,444.6
2612,2024-06-10,87,14,1627.6,1610.4,5.9,2896.7
2613,2025-03-17,67,3,776.8,284.2,12.9,291.4
2614,2025-09-29,110,11,446.3,374.7,14.6,182.5
2615,2023-10-02,52,9,0.0,208.0,0.0,507.5
2616,2024-05-13,1,12,1162.2,1754.4,6.0,1928.2
2617,2024-05-13,17,12,819.2,496.5,16.9,327.9
2618,2023-01-23,15,18,1564.1,931.0,12.4,816.5
2619,2025-02-17,10,13,102.6,173.3,3.2,242.0
2620,2024-09-02,116,15,552.7,533.8,10.1,208.8
2621,2025-09-01,33,13,20.4,18.6,4.3,35.0
2622,2025-12-22,119,14,0.7,279.0,0.0,706.4
2623,2025-10-27,45,3,214.5,225.7,2.8,622.2
2624,2023-10-30,32,6,184.5,62.7,9.7,149.3
2625,2024-02-19,113,2,395.5,532.0,4.2,514.7
2626,2023-10-02,66,18,210.5,135.4,8.1,58.1
2627,2025-04-14,13,20,222.7,389.2,4.8,312.8
2628,2024-02-19,82,21,0.0,381.3,0.0,655.0
2629,2023-10-02,78,6,122.3,641.5,0.9,569.8
2630,2023-10-30,82,9,912.6,289.0,12.7,375.1
2631,2024-12-23,25,4,200.3,127.9,5.1,350.9
2632,2023-11-27,102,11,617.2,431.6,9.9,402.7
2633,2023-01-01,76,12,181.8,97.3,17.1,58.5
2634,2025-07-07,52,2,390.4,269.0,8.6,115.1
2635,2025-09-29,16,12,305.1,371.0,4.0,394.1
2636,2023-03-20,107,12,265.2,304.1,3.2,444.7
2637,2023-04-17,47,10,2282.3,1429.1,7.7,1595.3
2638,2025-08-04,34,11,0.0,349.7,0.0,754.4
2639,2024-10-28,59,20,1089.3,896.5,3.7,2027.3
2640,2024-10-28,18,15,671.1,662.8,3.2,2403.4
2641,2023-08-07,55,15,969.0,925.5,6.8,1262.1
2642,2023-11-27,1,14,339.1,1472.3,1.9,847.5
2643,2023-03-20,56,6,3280.4,1535.4,22.3,643.8
2644,2024-04-15,20,2,806.9,1549.4,3.8,749.9
2645,2023-10-02,30,8,435.4,257.1,9.8,286.7
2646,2025-01-20,60,1,579.6,503.4,6.0,338.2
2647,2024-05-13,118,1,467.3,799.9,6.2,319.9
2648,2024-01-22,31,17,554.7,406.8,4.6,266.8
2649,2025-07-07,10,9,75.2,280.7,1.4,228.3
2650,2025-08-04,23,5,410.1,555.2,3.2,774.6
2651,2025-11-24,4,4,318.6,346.1,4.0,649.1
2652,2024-04-15,98,9,794.2,305.0,10.2,499.5
2653,2024-12-23,94,2,808.9,421.7,9.7,408.5
2654,2025-02-17,30,9,231.8,181.7,4.5,181.9
2655,2023-06-12,21,7,244.4,356.7,3.6,474.3
2656,2025-10-27,42,2,759.4,695.6,5.8,393.2
2657,2023-05-15,99,1,1375.5,676.8,9.7,594.5
2658,2025-09-01,80,12,1432.7,524.7,15.3,629.8
2659,2023-05-15,58,18,335.3,860.6,1.5,2598.9
2660,2024-05-13,19,19,389.7,292.9,7.1,145.6
2661,2024-02-19,104,8,728.9,225.9,32.0,175.0
2662,2024-01-22,84,10,726.5,438.0,10.6,365.0
2663,2023-10-02,63,9,1129.9,1062.3,8.0,1174.6
2664,2023-10-02,81,22,312.8,723.9,1.7,1247.6
2665,2023-01-23,119,15,195.0,113.0,7.1,220.4
2666,2025-11-24,105,2,957.8,1354.8,7.3,909.7
2667,2025-08-04,49,4,265.9,880.7,1.2,2219.7
2668,2025-09-01,52,7,195.3,241.7,4.8,298.1
2669,2025-04-14,111,20,1330.5,1396.0,4.4,3291.5
2670,2024-03-18,105,20,2015.4,953.2,15.2,1165.0
2671,2025-07-07,108,3,344.4,211.8,18.1,106.2
2672,2025-12-22,32,12,163.8,134.1,5.5,277.5
2673,2025-11-24,31,4,1331.2,459.4,9.6,648.8
2674,2025-04-14,52,5,0.0,76.8,0.0,155.1
2675,2025-06-09,61,5,331.2,84.0,32.5,42.5
2676,2024-09-30,38,12,100.8,406.0,1.0,359.7
2677,2025-09-01,1,11,3125.5,1092.9,16.8,1003.8
2678,2025-03-17,94,9,149.1,262.3,2.3,186.4
2679,2025-09-01,116,15,1229.8,533.8,22.4,293.3
2680,2025-09-29,3,4,1460.1,401.0,11.6,607.0
2681,2024-05-13,74,21,6560.4,1789.6,16.9,942.5
2682,2024-05-13,52,19,75.3,139.9,1.9,384.1
2683,2023-12-25,74,3,724.0,1072.7,3.7,1623.5
2684,2024-09-30,41,7,473.1,310.0,9.6,286.9
2685,2023-05-15,44,1,517.5,777.2,6.4,330.9
2686,2023-03-20,76,9,152.5,109.4,17.3,47.7
2687,2024-11-25,88,16,358.7,500.6,4.5,307.8
2688,2025-10-27,68,8,0.0,751.4,0.0,2470.2
2689,2024-08-05,26,11,0.0,350.4,0.0,781.1
2690,2024-06-10,48,9,1861.6,1585.0,6.7,1113.5
2691,2023-08-07,72,22,3170.8,1068.9,22.0,1565.6
2692,2024-05-13,38,7,0.0,306.2,0.0,754.9
2693,2024-08-05,104,18,0.0,207.5,0.0,194.9
2694,2024-01-22,18,5,440.5,696.6,2.4,769.5
2695,2024-08-05,62,9,171.5,547.8,1.3,1740.5
2696,2025-12-22,45,13,836.8,404.1,12.1,267.4
2697,2024-11-25,114,19,368.6,196.6,5.5,668.4
2698,2025-03-17,24,3,172.6,58.6,10.8,61.5
2699,2023-02-20,117,18,475.8,198.3,9.4,388.8
2700,2025-01-20,41,7,222.4,310.0,4.5,484.2
2701,2023-09-04,56,3,0.0,1209.0,0.0,538.4
2702,2024-04-15,25,5,213.5,116.9,10.4,170.1
2703,2025-01-20,67,1,1337.7,619.4,11.5,880.4
2704,2025-12-22,52,22,89.4,273.7,1.9,524.7
2705,2023-03-20,44,22,1964.1,613.7,21.5,426.4
2706,2025-08-04,55,11,0.0,1351.3,0.0,2116.1
2707,2024-11-25,58,16,1961.7,985.6,9.6,1373.2
2708,2023-05-15,39,4,0.0,711.6,0.0,1393.9
2709,2023-09-04,112,3,496.9,363.3,8.1,240.0
2710,2023-03-20,31,15,539.1,242.5,7.3,492.2
2711,2023-09-04,20,17,2976.6,2103.7,15.4,682.8
2712,2025-06-09,116,15,191.9,533.8,3.5,578.4
2713,2025-11-24,120,6,405.1,270.0,6.3,159.9
2714,2024-07-08,48,13,789.8,817.7,4.6,794.5
2715,2024-06-10,12,21,1909.8,1289.8,7.4,1734.7
2716,2024-07-08,6,7,1913.9,555.5,11.0,1180.9
2717,2023-01-01,13,2,436.3,627.9,8.5,183.7
2718,2025-10-27,86,7,0.0,706.6,0.0,2488.0
2719,2023-05-15,87,8,860.0,975.6,3.9,1273.9
2720,2024-03-18,106,1,180.1,285.9,2.4,539.3
2721,2024-06-10,91,21,2109.8,969.8,21.0,445.6
2722,2024-03-18,86,10,774.1,817.9,4.2,895.0
2723,2023-05-15,104,19,785.9,240.4,29.3,146.4
2724,2023-08-07,17,19,0.0,339.3,0.0,469.1
2725,2023-10-02,7,22,301.8,121.7,9.3,224.5
2726,2024-09-30,21,5,80.1,191.8,2.1,139.2
2727,2023-12-25,94,18,182.3,250.0,2.9,541.4
2728,2024-08-05,74,6,0.0,857.7,0.0,1654.7
2729,2023-07-10,73,17,44.0,586.1,0.5,438.4
2730,2024-07-08,119,12,112.4,260.6,2.2,920.3
2731,2024-12-23,13,17,115.9,472.0,2.8,359.0
2732,2023-07-10,93,6,481.9,309.3,8.2,462.9
2733,2023-01-23,91,9,1222.0,527.9,15.3,351.8
2734,2025-04-14,76,4,0.0,129.4,0.0,107.9
2735,2024-04-15,13,7,503.9,352.4,12.5,162.1
2736,2024-08-05,91,9,0.0,527.9,0.0,829.0
2737,2023-08-07,118,6,0.0,550.0,0.0,248.1
2738,2024-09-30,99,6,599.5,434.8,6.0,950.1
2739,2024-05-13,15,22,2331.1,1475.2,15.0,946.4
2740,2024-05-13,1,1,2549.5,1806.9,14.2,1295.0
2741,2025-10-27,90,11,10.1,35.8,1.8,45.7
2742,2023-10-02,69,13,541.8,176.0,13.2,98.4
2743,2025-07-07,29,15,316.7,510.7,7.1,294.5
2744,2025-06-09,44,6,1171.9,748.1,18.5,438.8
2745,2024-08-05,12,16,1146.1,1131.1,6.0,1562.7
2746,2024-09-30,81,20,0.0,989.5,0.0,3784.4
2747,2025-01-20,108,7,778.0,387.9,22.8,164.5
2748,2024-01-22,58,6,0.0,699.0,0.0,4210.3
2749,2023-01-23,9,15,285.1,144.0,7.3,196.5
2750,2023-09-04,48,8,0.0,1240.6,0.0,3105.4
2751,2025-06-09,22,21,0.4,484.3,0.0,536.4
2752,2023-01-01,15,17,1398.0,1219.8,9.2,575.7
2753,2023-11-27,88,1,0.0,412.1,0.0,1384.1
2754,2025-08-04,115,10,2792.6,1992.9,15.1,1322.2
2755,2024-08-05,16,20,335.4,438.7,3.8,360.3
2756,2023-07-10,109,20,650.8,790.0,4.7,764.0
2757,2024-06-10,15,19,3735.3,1489.0,31.4,340.8
2758,2024-06-10,5,11,2031.7,692.2,13.7,537.1
2759,2025-01-20,9,16,845.6,331.5,14.3,195.8
2760,2023-01-23,72,3,706.0,644.7,10.8,465.3
2761,2023-06-12,110,21,248.0,397.8,8.1,143.6
2762,2023-07-10,78,6,1284.6,641.5,9.8,688.9
2763,2024-01-22,86,13,581.2,501.9,6.0,346.8
2764,2024-11-25,43,10,37.7,340.5,0.5,828.5
2765,2024-07-08,80,5,0.0,179.0,0.0,713.1
2766,2025-08-04,72,18,605.5,847.3,5.8,666.5
2767,2023-04-17,120,19,479.7,256.9,6.4,469.6
2768,2025-09-01,111,17,2544.3,1696.4,8.8,1784.1
2769,2024-10-28,9,7,1153.7,431.3,17.0,329.6
2770,2025-10-27,81,16,1143.5,521.6,10.3,516.7
2771,2024-03-18,52,19,425.5,139.9,10.5,125.5
2772,2024-01-22,119,15,378.8,113.0,13.9,152.9
2773,2023-11-27,48,1,2243.3,1089.4,7.1,980.3
2774,2025-10-27,3,19,781.0,474.2,7.8,433.4
2775,2023-01-01,33,13,55.7,18.6,11.6,42.2
2776,2023-02-20,35,19,2523.6,1516.6,7.2,1568.7
2777,2025-04-14,53,8,1013.3,821.2,5.4,1076.3
2778,2023-01-23,11,9,395.4,1138.3,1.5,951.8
2779,2023-12-25,73,16,897.2,651.9,13.7,647.8
2780,2023-07-10,101,6,0.0,53.1,0.0,101.6
2781,2023-08-07,22,9,0.0,632.9,0.0,1002.3
2782,2023-12-25,15,8,1521.0,1145.8,12.6,575.7
2783,2025-01-20,33,21,0.0,44.9,0.0,191.6
2784,2023-10-30,15,19,1620.0,1489.0,13.6,1029.5
2785,2023-01-23,88,1,0.0,412.1,0.0,737.2
2786,2025-08-04,37,19,1396.8,664.7,8.7,787.7
2787,2023-03-20,97,2,346.9,302.8,11.7,190.8
2788,2025-07-07,64,17,853.3,673.3,6.3,821.0
2789,2025-12-22,44,7,2978.4,799.7,36.0,433.1
2790,2025-08-04,31,5,656.0,320.3,8.7,474.6
2791,2024-12-23,4,21,308.4,303.6,3.8,774.7
2792,2023-03-20,107,15,555.6,228.6,14.0,120.9
2793,2024-08-05,32,1,354.5,137.0,12.7,116.6
2794,2024-08-05,112,16,311.3,416.6,3.1,630.2
2795,2024-05-13,85,5,173.0,214.1,3.6,393.7
2796,2023-09-04,118,5,383.9,403.0,9.6,331.4
2797,2023-06-12,80,12,789.5,524.7,8.4,306.1
2798,2025-11-24,75,8,500.4,394.7,4.3,899.1
2799,2024-12-23,24,12,9.2,174.5,0.3,361.8
2800,2024-09-02,98,13,461.5,216.2,9.8,442.5
2801,2023-06-12,32,3,73.5,47.1,5.3,72.8
2802,2023-02-20,51,13,343.5,227.6,17.6,60.5
2803,2025-03-17,17,16,464.6,316.5,13.7,225.2
2804,2023-06-12,48,4,0.0,1351.2,0.0,2682.4
2805,2023-05-15,66,20,186.1,155.0,5.3,132.8
2806,2024-04-15,72,12,1004.5,1202.3,6.8,701.9
2807,2025-05-12,74,2,0.0,1363.0,0.0,4098.1
2808,2024-04-15,97,2,192.7,302.8,6.5,161.5
2809,2023-04-17,75,18,199.2,390.6,1.7,467.6
2810,2024-10-28,67,6,872.2,460.8,9.7,803.6
2811,2023-12-25,37,13,781.3,388.9,8.9,668.2
2812,2025-09-29,116,17,1374.6,654.8,15.3,408.8
2813,2025-06-09,94,18,362.6,250.0,5.9,243.0
2814,2024-11-25,20,17,1851.1,2103.7,9.6,1913.7
2815,2025-01-20,50,11,2546.3,940.7,10.8,1202.7
2816,2025-10-27,104,13,82.1,141.2,5.1,142.2
2817,2024-10-28,15,13,1121.9,881.9,14.2,904.7
2818,2024-08-05,54,12,1777.6,644.6,10.6,723.9
2819,2023-12-25,71,15,1206.7,306.2,36.9,212.9
2820,2024-07-08,86,22,1031.3,631.2,4.9,1466.7
2821,2024-08-05,72,9,0.0,945.9,0.0,643.4
2822,2023-10-30,84,5,166.2,203.2,4.9,363.5
2823,2025-12-22,77,19,190.5,455.8,4.9,289.7
2824,2024-07-08,33,11,47.7,41.0,5.5,77.5
2825,2023-01-01,50,15,1323.3,694.9,10.5,1195.6
2826,2025-03-17,22,22,504.3,754.9,3.6,1065.2
2827,2023-01-23,2,16,2567.6,1349.1,17.0,695.7
2828,2024-10-28,33,16,0.0,28.5,0.0,49.1
2829,2024-08-05,10,13,284.9,173.3,8.9,245.6
2830,2023-03-20,85,4,625.3,495.3,6.7,395.1
2831,2023-03-20,42,18,293.5,594.8,3.0,755.6
2832,2024-11-25,18,5,0.0,696.6,0.0,1523.1
2833,2023-12-25,55,11,554.8,1351.3,2.2,2409.2
2834,2023-02-20,71,15,711.2,306.2,21.8,222.8
2835,2024-03-18,28,17,1233.4,2125.5,6.3,2024.9
2836,2023-08-07,113,15,501.4,215.0,10.9,220.1
2837,2025-12-22,64,17,1389.2,673.3,10.3,842.8
2838,2024-09-02,114,14,198.4,285.4,2.8,409.7
2839,2024-09-02,118,6,0.0,550.0,0.0,218.3
2840,2024-04-15,3,18,1146.8,503.4,13.2,244.5
2841,2025-09-01,84,10,856.1,438.0,12.4,410.5
2842,2025-12-22,86,22,0.0,631.2,0.0,5186.5
2843,2025-04-14,74,3,1083.3,1072.7,5.5,1124.5
2844,2023-10-02,89,18,0.0,392.0,0.0,1711.9
2845,2024-08-05,119,9,463.6,205.1,10.9,224.2
2846,2024-06-10,20,21,3472.0,2100.4,16.5,827.5
2847,2023-10-02,79,6,1775.5,924.1,18.2,699.4
2848,2025-09-29,112,9,445.2,562.7,3.5,742.4
2849,2025-04-14,6,2,733.3,643.6,3.9,1510.7
2850,2025-01-20,9,18,304.1,364.8,5.0,225.0
2851,2025-05-12,102,22,2997.8,828.9,47.9,618.3
2852,2024-04-15,51,14,145.9,302.3,3.6,199.6
2853,2025-05-12,89,19,0.0,690.0,0.0,1425.4
2854,2024-05-13,31,1,2143.6,582.6,16.2,506.9
2855,2024-09-30,56,18,771.8,1360.0,4.5,1122.0
2856,2023-02-20,106,1,183.1,285.9,2.4,211.7
2857,2025-09-29,11,9,94.3,1138.3,0.4,1130.8
2858,2023-11-27,89,1,0.0,772.4,0.0,2375.6
2859,2023-08-07,49,5,811.6,445.2,7.3,563.4
2860,2023-06-12,3,6,433.5,363.7,5.4,444.9
2861,2024-02-19,26,17,676.7,309.1,8.0,301.9
2862,2025-01-20,37,4,1586.3,1042.2,9.1,1076.4
2863,2023-08-07,67,1,788.6,619.4,6.8,611.1
2864,2025-11-24,105,20,1513.1,953.2,11.4,612.0
2865,2025-06-09,15,17,2505.2,1219.8,16.4,1194.7
2866,2025-05-12,109,17,752.6,573.9,6.6,482.3
2867,2025-09-01,90,14,58.6,22.9,10.5,27.2
2868,2023-01-23,38,7,716.7,306.2,8.3,232.7
2869,2024-02-19,104,12,521.2,282.7,15.7,168.2
2870,2023-08-07,101,9,82.3,48.6,5.7,212.4
2871,2025-11-24,112,15,639.5,392.9,8.1,571.1
2872,2023-10-02,7,6,80.4,76.4,3.9,165.7
2873,2025-05-12,49,11,1482.2,714.9,6.5,918.7
2874,2023-10-30,45,15,255.5,400.3,3.2,921.9
2875,2024-01-22,50,13,76.3,543.5,0.7,984.0
2876,2023-03-20,102,14,128.2,773.4,2.0,390.6
2877,2024-05-13,110,6,392.7,224.4,19.1,63.2
2878,2024-09-02,69,13,358.4,176.0,8.7,138.4
2879,2025-09-01,68,10,2549.0,1023.2,9.5,799.9
2880,2024-04-15,118,5,389.0,403.0,9.8,118.9
2881,2023-10-30,21,5,0.0,191.8,0.0,368.5
2882,2025-03-17,58,1,0.0,1659.8,0.0,6944.9
2883,2025-10-27,44,7,2246.9,799.7,27.2,490.9
2884,2025-11-24,93,6,685.5,309.3,11.7,447.5
2885,2023-10-02,24,4,33.5,122.2,1.1,350.6
2886,2024-02-19,90,17,56.4,27.8,11.1,23.4
2887,2024-08-05,58,1,0.0,1659.8,0.0,2943.2
2888,2025-09-01,34,16,176.9,189.8,4.1,266.3
2889,2024-12-23,52,5,0.0,76.8,0.0,262.1
2890,2024-02-19,71,6,245.0,580.0,5.2,435.1
2891,2025-02-17,67,4,1672.7,650.5,14.5,602.9
2892,2023-10-02,91,6,0.0,540.4,0.0,923.9
2893,2023-07-10,17,6,328.0,281.8,9.8,155.0
2894,2023-12-25,91,9,264.2,527.9,3.3,761.2
2895,2025-09-29,29,7,0.0,727.9,0.0,409.2
2896,2025-06-09,73,11,101.6,949.4,1.2,396.3
2897,2023-01-23,29,8,865.4,595.2,14.8,227.2
2898,2023-04-17,34,19,356.4,260.5,6.0,459.0
2899,2023-12-25,34,4,481.1,371.8,7.5,517.7
2900,2023-08-07,111,17,0.0,1696.4,0.0,6286.0
2901,2023-04-17,89,19,409.6,690.0,3.0,769.8
2902,2025-12-22,88,1,1129.2,412.1,9.9,383.2
2903,2024-08-05,58,5,1023.0,718.7,7.1,485.0
2904,2024-05-13,108,17,674.2,306.5,19.2,141.0
2905,2025-03-17,15,17,1623.4,1219.8,10.6,1008.7
2906,2024-02-19,1,12,1185.5,1754.4,6.2,999.8
2907,2023-04-17,81,20,680.9,989.5,3.7,671.5
2908,2025-07-07,52,4,80.5,192.6,1.7,118.0
2909,2024-07-08,44,7,0.0,799.7,0.0,2566.6
2910,2023-06-12,19,4,631.8,209.1,10.0,157.1
2911,2023-11-27,14,1,0.0,208.3,0.0,309.4
2912,2023-08-07,95,20,602.5,1835.3,2.8,1687.5
2913,2025-11-24,107,12,693.8,304.1,8.2,534.0
2914,2023-10-02,51,22,149.7,319.1,3.6,199.0
2915,2025-05-12,84,10,88.1,438.0,1.3,1142.6
2916,2023-10-02,31,8,175.9,533.9,1.7,1167.3
2917,2024-01-22,42,22,0.0,716.8,0.0,1333.1
2918,2024-03-18,76,3,88.1,62.2,16.2,40.7
2919,2025-03-17,60,19,739.8,461.7,9.7,242.5
2920,2023-10-02,109,21,371.4,641.1,2.8,943.5
2921,2025-07-07,74,18,1691.0,975.1,5.6,1259.0
2922,2023-01-01,119,9,523.9,205.1,12.3,269.5
2923,2024-12-23,72,22,2669.8,1068.9,18.6,570.4
2924,2024-03-18,37,22,1735.7,981.1,8.6,882.2
2925,2024-03-18,78,3,457.6,517.1,5.5,484.2
2926,2023-01-23,79,9,1712.3,1022.0,14.4,477.4
2927,2024-03-18,82,6,564.7,276.4,9.7,486.0
2928,2025-11-24,111,8,1936.4,1000.4,8.2,1886.3
2929,2023-10-30,115,8,1580.5,1539.3,11.2,1375.0
2930,2025-08-04,86,7,2364.5,706.6,14.8,493.3
2931,2025-09-29,41,7,304.4,310.0,6.2,254.5
2932,2024-01-22,56,1,0.0,1470.0,0.0,684.4
2933,2023-08-07,81,20,1782.1,989.5,9.8,940.4
2934,2025-06-09,6,14,1714.4,709.1,9.4,635.7
2935,2025-12-22,43,22,0.0,302.8,0.0,1592.2
2936,2025-12-22,42,4,1655.6,709.3,12.1,717.8
2937,2025-07-07,36,19,482.3,243.9,15.3,152.4
2938,2025-01-20,78,9,568.9,682.1,3.8,1133.6
2939,2023-03-20,74,9,3046.3,1692.3,9.5,2470.7
2940,2024-09-30,34,22,47.8,370.0,0.7,685.2
2941,2025-02-17,72,14,0.0,1042.0,0.0,1456.2
2942,2024-06-10,67,4,670.1,650.5,5.8,1065.1
2943,2025-02-17,19,6,237.7,250.3,5.5,190.7
2944,2023-11-27,80,18,232.0,413.2,3.4,303.7
2945,2025-09-01,110,19,255.5,181.8,10.2,451.9
2946,2023-04-17,56,5,1017.0,1463.1,8.3,1677.2
2947,2025-10-27,17,14,148.4,502.5,3.2,874.2
2948,2023-10-30,109,12,0.0,561.6,0.0,1395.4
2949,2024-02-19,9,5,445.4,241.1,10.0,175.8
2950,2025-11-24,3,19,0.0,474.2,0.0,693.3
2951,2024-09-02,63,2,0.0,1144.2,0.0,1518.7
2952,2023-07-10,52,7,200.6,241.7,5.0,305.2
2953,2023-08-07,16,12,390.5,371.0,5.1,256.0
2954,2024-12-23,98,7,66.8,266.7,0.7,1101.7
2955,2025-10-27,1,13,303.3,670.2,3.4,808.0
2956,2025-02-17,73,17,409.5,586.1,4.9,329.5
2957,2024-11-25,116,3,262.9,463.0,4.6,321.5
2958,2025-02-17,34,11,654.1,349.7,10.7,383.1
2959,2024-08-05,114,21,739.8,379.9,9.4,237.6
2960,2024-05-13,11,19,1110.8,1502.0,4.5,1813.5
2961,2024-12-23,48,13,0.0,817.7,0.0,1231.2
2962,2025-07-07,111,8,2233.8,1000.4,9.4,1884.2
2963,2023-01-23,19,3,174.1,113.3,5.7,88.1
2964,2025-10-27,70,10,27.5,397.9,0.6,508.3
2965,2024-06-10,46,14,158.1,276.7,6.8,156.6
2966,2023-03-20,35,12,5741.6,2577.0,13.5,2189.8
2967,2024-05-13,56,3,1676.0,1209.0,15.3,443.0
2968,2025-11-24,63,2,1644.0,1144.2,9.6,2194.8
2969,2023-10-02,117,3,196.1,119.3,5.6,241.7
2970,2024-02-19,9,9,630.0,289.9,9.2,469.7
2971,2025-08-04,82,6,437.7,276.4,7.5,466.5
2972,2025-04-14,40,20,227.0,1523.1,1.5,1161.4
2973,2024-08-05,29,17,0.0,491.1,0.0,650.2
2974,2024-02-19,37,15,650.1,420.1,6.7,1035.3
2975,2025-11-24,29,18,514.3,410.7,8.8,304.4
2976,2025-01-20,39,14,828.2,483.0,6.5,439.8
2977,2025-03-17,101,6,117.6,53.1,9.5,53.0
2978,2023-10-02,67,2,0.0,762.4,0.0,2043.6
2979,2023-03-20,76,7,160.9,79.9,16.0,39.8
2980,2025-07-07,116,15,1330.9,533.8,24.2,257.3
2981,2024-03-18,72,22,2381.5,1068.9,16.6,958.5
2982,2025-04-14,74,22,1758.8,1630.4,4.1,2959.0
2983,2023-10-30,50,13,0.0,543.5,0.0,1841.2
2984,2024-01-22,52,2,680.8,269.0,15.0,95.8
2985,2025-12-22,93,22,842.4,361.6,9.2,546.5
2986,2023-07-10,115,14,4536.7,1435.7,23.9,1035.2
2987,2023-10-30,10,10,54.0,247.5,0.8,507.6
2988,2023-01-23,61,7,194.1,135.8,10.3,81.9
2989,2023-07-10,71,1,20.7,526.2,0.3,989.1
2990,2023-11-27,61,12,411.2,246.1,18.2,81.6
2991,2025-10-27,1,21,1304.3,1709.9,7.7,804.0
2992,2024-09-02,60,9,480.0,399.4,6.5,681.8
2993,2023-12-25,52,22,0.0,273.7,0.0,392.6
2994,2024-10-28,84,17,976.5,238.8,15.5,243.6
2995,2024-11-25,95,11,3064.3,1530.3,15.0,1381.6
2996,2023-10-30,104,12,2.8,282.7,0.1,444.7
2997,2025-09-01,74,21,3691.4,1789.6,9.5,2040.4
2998,2025-09-01,74,4,2728.6,1932.6,6.8,1685.7
2999,2024-05-13,18,15,1424.0,662.8,6.9,1069.5
3000,2023-01-01,105,17,1275.9,907.8,11.8,683.6
3001,2024-05-13,108,3,247.2,211.8,13.0,47.8
3002,2025-11-24,36,6,422.3,320.6,15.9,345.6
3003,2024-03-18,29,1,2537.2,830.6,30.0,448.3
3004,2023-03-20,94,9,293.7,262.3,4.4,422.3
3005,2024-09-30,28,13,0.0,699.4,0.0,665.0
3006,2025-10-27,76,3,113.9,62.2,21.0,62.5
3007,2023-04-17,81,22,361.4,723.9,2.0,575.4
3008,2024-11-25,6,4,0.0,858.1,0.0,3075.1
3009,2025-02-17,54,7,976.6,549.5,6.9,886.9
3010,2025-09-01,29,17,373.4,491.1,5.1,294.3
3011,2025-11-24,29,15,374.3,510.7,8.4,289.6
3012,2025-03-17,14,5,378.2,165.3,27.1,98.6
3013,2025-03-17,10,3,118.7,197.3,3.8,173.3
3014,2023-02-20,119,8,217.0,157.7,5.6,222.3
3015,2025-07-07,61,17,320.5,231.1,16.2,107.6
3016,2024-04-15,2,18,1170.4,1219.4,7.5,1362.6
3017,2024-09-30,76,9,36.8,109.4,4.2,36.9
3018,2025-07-07,7,5,14.0,69.1,0.8,143.5
3019,2024-09-30,90,12,71.5,36.6,11.6,35.3
3020,2024-05-13,19,5,137.0,159.0,4.2,233.8
3021,2025-06-09,13,20,673.9,389.2,14.5,193.5
3022,2023-01-23,78,15,755.1,498.7,8.3,245.5
3023,2024-08-05,104,9,274.2,296.0,10.0,175.3
3024,2023-04-17,2,7,2983.5,2044.2,14.4,1139.4
3025,2025-12-22,120,22,1135.8,460.1,12.0,609.5
3026,2025-03-17,116,11,1601.4,1144.2,15.1,514.5
3027,2025-06-09,26,4,465.4,567.2,4.6,841.9
3028,2024-07-08,118,1,0.0,799.9,0.0,1038.8
3029,2025-05-12,33,10,67.0,34.2,7.0,43.4
3030,2023-04-17,32,22,8.9,170.0,0.3,170.0
3031,2023-02-20,40,5,685.8,700.9,9.6,244.7
3032,2024-03-18,90,17,35.7,27.8,7.0,33.6
3033,2023-08-07,103,10,209.8,222.8,5.0,179.3
3034,2024-11-25,33,21,82.0,44.9,9.2,67.8
3035,2024-11-25,64,14,0.0,631.4,0.0,1789.9
3036,2025-04-14,34,7,394.1,308.4,6.9,407.9
3037,2023-01-23,41,16,213.0,193.7,5.4,271.0
3038,2023-02-20,119,12,541.7,260.6,10.6,315.6
3039,2023-06-12,111,3,0.0,899.1,0.0,2097.8
3040,2024-02-19,44,22,510.8,613.7,5.6,417.8
3041,2023-01-01,106,7,551.4,319.4,8.9,443.8
3042,2023-10-02,47,22,0.0,1657.6,0.0,5469.3
3043,2025-05-12,37,10,1094.1,853.1,6.1,612.7
3044,2024-05-13,107,19,0.0,307.3,0.0,806.3
3045,2025-04-14,6,11,1236.7,608.4,6.3,1019.8
3046,2025-10-27,48,8,290.1,1240.6,1.2,2757.7
3047,2024-10-28,7,17,135.2,125.9,5.3,76.5
3048,2024-11-25,20,12,4001.5,2053.9,18.4,1146.9
3049,2024-08-05,48,13,1903.1,817.7,11.0,1281.3
3050,2023-07-10,5,7,0.0,662.3,0.0,1428.5
3051,2023-10-02,15,4,174.0,1135.1,1.1,1302.6
3052,2024-09-02,57,2,525.4,1113.8,4.3,1390.3
3053,2024-07-08,32,14,52.2,149.2,1.9,164.9
3054,2024-02-19,48,13,1007.8,817.7,5.8,1954.3
3055,2024-12-23,97,4,0.0,284.1,0.0,222.4
3056,2024-09-02,110,19,290.9,181.8,11.6,113.9
3057,2023-08-07,68,10,0.0,1023.2,0.0,1493.8
3058,2023-12-25,96,9,0.0,561.7,0.0,2751.5
3059,2025-03-17,95,15,519.5,1109.1,4.8,1017.1
3060,2025-08-04,17,15,499.5,276.1,19.9,156.2
3061,2023-05-15,5,14,0.0,635.6,0.0,1534.6
3062,2025-09-29,82,7,293.3,330.4,4.1,915.3
3063,2025-09-01,59,18,479.6,1016.9,2.2,835.3
3064,2025-02-17,6,22,1800.6,1069.3,7.8,805.1
3065,2024-09-30,30,13,173.1,154.4,6.1,171.5
3066,2025-05-12,41,16,141.3,193.7,3.6,234.4
3067,2025-02-17,27,14,685.0,593.7,6.7,531.7
3068,2023-01-01,18,21,3538.4,1229.4,9.8,1629.8
3069,2024-06-10,25,13,79.8,87.9,4.0,94.3
3070,2023-09-04,2,18,764.7,1219.4,4.9,930.8
3071,2023-01-23,94,3,530.0,158.9,13.2,95.8
3072,2025-03-17,2,20,2548.1,1676.9,11.6,1228.9
3073,2025-09-01,22,18,804.3,568.2,8.1,890.0
3074,2023-10-30,64,5,560.2,349.7,7.5,368.8
3075,2024-04-15,37,2,580.0,866.2,2.8,755.5
3076,2025-05-12,88,14,1203.8,673.4,10.4,1012.0
3077,2023-02-20,81,11,1029.1,890.7,5.8,1629.5
3078,2024-11-25,2,13,447.4,1169.0,3.8,890.3
3079,2024-01-22,24,13,221.7,52.9,14.9,48.8
3080,2023-02-20,120,12,705.1,349.9,7.4,422.7
3081,2023-05-15,43,21,878.0,333.6,11.2,515.4
3082,2024-10-28,40,12,1967.3,1553.8,12.8,858.9
3083,2023-01-01,107,9,592.4,356.1,9.8,344.1
3084,2025-03-17,29,9,602.6,636.4,9.0,603.9
3085,2024-11-25,65,17,1404.4,1451.4,10.0,403.4
3086,2023-12-25,24,12,224.4,174.5,6.5,146.7
3087,2023-08-07,88,14,327.9,673.4,2.8,717.4
3088,2024-12-23,69,2,252.4,341.4,2.9,364.5
3089,2023-09-04,19,19,547.1,292.9,9.9,194.8
3090,2023-12-25,44,17,1074.4,929.8,13.8,334.5
3091,2025-09-01,49,16,1645.7,574.6,11.4,1029.3
3092,2025-12-22,7,22,290.0,121.7,9.0,175.1
3093,2023-01-23,95,15,1979.5,1109.1,18.4,527.5
3094,2023-11-27,31,5,27.1,320.3,0.4,473.6
3095,2023-05-15,74,22,712.0,1630.4,1.7,3344.6
3096,2023-02-20,110,5,112.8,135.6,6.5,102.7
3097,2025-05-12,112,19,1408.0,595.7,11.4,545.4
3098,2024-10-28,71,7,1426.6,579.4,24.5,182.3
3099,2025-06-09,71,22,711.6,490.0,9.6,789.7
3100,2024-10-28,55,8,0.0,1018.9,0.0,2458.2
3101,2023-01-23,91,21,2566.4,969.8,25.6,186.9
3102,2023-10-02,23,17,707.7,1172.0,3.7,560.7
3103,2024-03-18,54,12,460.9,644.6,2.8,909.5
3104,2024-06-10,81,5,0.0,454.2,0.0,1442.0
3105,2023-11-27,54,17,967.6,707.3,7.1,831.8
3106,2023-06-12,119,12,543.9,260.6,10.7,274.9
3107,2024-05-13,113,10,471.4,373.6,5.0,515.0
3108,2023-04-17,18,4,2512.6,1910.1,7.6,1813.0
3109,2023-11-27,84,15,149.9,196.3,4.4,231.1
3110,2024-05-13,86,14,2300.7,919.5,11.1,762.8
3111,2024-05-13,30,6,198.2,155.6,5.0,451.4
3112,2023-07-10,3,18,0.0,503.4,0.0,1199.4
3113,2025-07-07,45,11,660.4,663.7,4.5,415.1
3114,2024-09-02,30,8,52.5,257.1,1.2,467.1
3115,2024-03-18,101,3,8.5,40.3,1.0,59.2
3116,2025-10-27,12,14,1142.5,1407.4,4.3,863.3
3117,2023-12-25,31,16,297.6,540.3,3.1,535.0
3118,2024-08-05,59,1,1384.5,1199.3,5.0,1394.5
3119,2025-07-07,87,22,0.0,941.8,0.0,1964.1
3120,2025-07-07,55,19,1873.5,1101.4,7.6,1254.3
3121,2024-09-02,87,14,1975.9,1610.4,7.1,1679.5
3122,2025-05-12,112,9,59.5,562.7,0.5,776.0
3123,2023-01-01,1,11,2229.0,1092.9,12.0,927.4
3124,2025-12-22,43,9,483.4,205.7,7.7,484.3
3125,2025-12-22,108,7,853.7,387.9,25.0,271.0
3126,2024-05-13,95,12,2388.0,1800.7,11.4,601.1
3127,2025-09-29,102,16,600.5,515.3,13.6,426.5
3128,2025-12-22,72,18,163.4,847.3,1.6,858.2
3129,2025-04-14,54,13,0.0,325.4,0.0,524.5
3130,2023-11-27,47,22,0.0,1657.6,0.0,2768.9
3131,2024-07-08,49,11,719.5,714.9,3.2,1678.1
3132,2024-09-30,8,9,451.7,1215.1,2.1,846.7
3133,2024-01-22,30,13,173.8,154.4,6.1,170.8
3134,2024-04-15,88,10,393.6,635.5,3.3,547.0
3135,2024-09-02,5,12,852.1,736.1,5.7,925.1
3136,2024-05-13,55,21,0.0,1049.0,0.0,2444.6
3137,2025-03-17,108,7,651.0,387.9,19.1,283.3
3138,2023-12-25,119,8,0.0,157.7,0.0,907.0
3139,2024-09-30,23,5,221.6,555.2,1.7,738.9
3140,2025-11-24,102,14,1258.0,773.4,20.0,194.1
3141,2025-09-01,2,13,1410.3,1169.0,12.0,289.8
3142,2023-05-15,76,16,97.4,86.2,13.5,37.2
3143,2024-05-13,4,10,385.3,403.1,4.4,598.7
3144,2023-01-23,88,15,0.0,266.1,0.0,716.1
3145,2024-05-13,119,9,683.0,205.1,16.0,200.6
3146,2023-11-27,13,15,287.5,263.7,11.7,125.7
3147,2024-06-10,88,1,267.0,412.1,2.3,1283.4
3148,2025-04-14,53,20,647.7,813.5,2.6,955.6
3149,2024-01-22,118,21,2255.4,869.1,31.6,318.5
3150,2025-05-12,118,6,563.7,550.0,10.7,721.3
3151,2025-07-07,2,14,1211.5,1629.8,5.7,1313.3
3152,2023-07-10,24,12,109.7,174.5,3.2,261.4
3153,2024-04-15,13,8,704.5,295.2,18.6,242.4
3154,2024-09-02,76,18,0.0,65.3,0.0,69.8
3155,2023-02-20,75,19,1901.8,501.0,15.2,322.1
3156,2024-12-23,38,1,0.0,493.6,0.0,1939.9
3157,2023-09-04,47,18,1241.3,1163.9,5.9,511.4
3158,2023-06-12,45,20,803.0,587.0,5.5,618.8
3159,2024-09-02,56,8,4321.3,1837.9,26.7,1913.9
3160,2023-01-01,37,13,1333.1,388.9,15.2,389.8
3161,2023-09-04,43,12,0.0,359.1,0.0,1167.5
3162,2024-12-23,95,12,2072.6,1800.7,9.9,916.5
3163,2024-08-05,31,17,627.5,406.8,5.2,806.2
3164,2024-06-10,87,3,1275.9,669.2,9.3,821.5
3165,2023-10-02,95,13,82.0,765.0,0.8,852.4
3166,2024-12-23,76,6,9.0,89.5,1.1,90.7
3167,2024-05-13,9,7,660.3,431.3,9.8,668.5
3168,2023-03-20,89,1,475.5,772.4,2.9,2010.3
3169,2025-05-12,22,21,529.3,484.3,4.1,1058.7
3170,2023-04-17,61,16,0.0,145.5,0.0,110.7
3171,2024-05-13,15,10,1079.5,1178.6,6.6,1257.2
3172,2023-12-25,64,10,2695.4,690.5,17.5,624.1
3173,2023-02-20,33,20,130.1,48.2,13.5,69.9
3174,2025-08-04,107,12,128.8,304.1,1.5,236.8
3175,2023-07-10,117,8,291.7,199.2,5.7,223.2
3176,2025-02-17,79,2,1603.3,1301.2,11.0,369.6
3177,2023-02-20,2,22,4388.0,2547.9,20.4,1560.2
3178,2025-11-24,31,15,0.0,242.5,0.0,499.5
3179,2025-03-17,43,22,78.4,302.8,1.0,780.7
3180,2025-05-12,28,13,1030.5,699.4,9.3,645.8
3181,2024-05-13,84,17,0.0,238.8,0.0,769.5
3182,2025-01-20,23,2,2157.5,855.4,9.2,1483.9
3183,2023-10-02,76,9,163.8,109.4,18.6,42.7
3184,2024-03-18,61,7,0.0,135.8,0.0,110.5
3185,2023-07-10,7,17,235.9,125.9,9.3,184.7
3186,2024-08-05,21,15,360.7,227.9,8.5,238.5
3187,2023-04-17,9,2,0.0,413.2,0.0,611.4
3188,2024-09-30,71,7,820.7,579.4,14.1,393.0
3189,2023-11-27,2,20,0.0,1676.9,0.0,1791.3
3190,2025-07-07,75,18,899.4,390.6,7.7,375.8
3191,2023-03-20,111,21,1871.4,1672.3,6.3,1542.9
3192,2025-12-22,111,15,0.0,690.0,0.0,1183.4
3193,2023-05-15,116,15,1538.3,533.8,28.0,333.4
3194,2025-12-22,112,19,0.0,595.7,0.0,1155.5
3195,2025-02-17,17,6,432.4,281.8,12.9,106.6
3196,2023-10-30,81,5,442.5,454.2,5.1,959.9
3197,2024-11-25,1,14,1683.8,1472.3,9.3,2041.9
3198,2024-07-08,36,12,821.1,418.3,23.2,279.1
3199,2024-02-19,50,11,988.7,940.7,4.2,1199.0
3200,2024-03-18,87,8,318.0,975.6,1.4,1698.3
3201,2024-05-13,14,6,50.2,223.6,2.6,111.9
3202,2025-11-24,112,18,903.0,562.2,9.2,582.6
3203,2024-08-05,90,17,7.3,27.8,1.4,44.7
3204,2025-12-22,61,18,156.7,181.8,10.0,130.5
3205,2023-10-30,34,11,917.2,349.7,15.1,248.6
3206,2023-04-17,15,19,3168.8,1489.0,26.6,538.8
3207,2024-04-15,93,8,0.0,288.5,0.0,565.6
3208,2025-02-17,74,11,4013.8,2195.6,9.7,1217.9
3209,2025-09-01,57,2,887.6,1113.8,7.2,459.0
3210,2023-10-30,114,14,399.5,285.4,5.6,549.3
3211,2024-07-08,113,6,307.4,284.2,4.8,517.9
3212,2024-07-08,45,16,0.0,506.6,0.0,1324.1
3213,2024-12-23,15,13,898.0,881.9,11.4,778.5
3214,2023-12-25,10,9,110.0,280.7,2.1,682.9
3215,2024-12-23,22,5,0.0,287.1,0.0,1355.8
3216,2024-02-19,107,19,261.6,307.3,4.3,179.9
3217,2025-11-24,106,10,248.2,383.7,3.3,538.7
3218,2024-06-10,83,13,943.3,747.8,6.1,618.6
3219,2024-12-23,50,11,2392.0,940.7,10.2,1356.9
3220,2025-08-04,114,10,48.5,300.5,0.6,408.7
3221,2025-01-20,117,8,144.1,199.2,2.8,310.5
3222,2023-04-17,47,20,0.0,1025.6,0.0,1432.0
3223,2023-10-30,85,6,334.7,312.7,5.1,414.2
3224,2023-02-20,113,2,772.3,532.0,8.2,321.0
3225,2024-03-18,4,22,1032.3,438.1,12.2,434.2
3226,2025-10-27,3,18,823.9,503.4,9.5,568.7
3227,2023-08-07,100,20,0.0,89.6,0.0,121.1
3228,2025-06-09,102,14,42.3,773.4,0.7,411.9
3229,2024-07-08,106,10,0.0,383.7,0.0,1955.2
3230,2025-03-17,2,9,1171.9,2010.4,7.0,772.2
3231,2025-03-17,72,14,2119.6,1042.0,14.2,927.1
3232,2025-01-20,37,16,555.8,526.6,4.5,1025.1
3233,2023-01-01,62,9,1648.3,547.8,12.6,798.6
3234,2024-01-22,29,10,1811.1,898.5,22.3,642.8
3235,2024-12-23,50,20,748.4,1395.6,3.0,1504.0
3236,2024-08-05,90,14,63.9,22.9,11.4,21.9
3237,2025-03-17,98,19,1230.7,333.6,15.2,197.8
3238,2023-08-07,73,10,1389.8,964.2,15.3,585.7
3239,2025-09-01,11,9,1461.4,1138.3,5.7,1386.9
3240,2025-01-20,10,9,590.4,280.7,11.0,450.7
3241,2025-03-17,73,17,1363.5,586.1,16.4,516.4
3242,2024-07-08,95,20,4276.5,1835.3,19.6,695.4
3243,2025-01-20,9,17,598.7,366.3,8.0,396.4
3244,2023-08-07,67,3,0.0,284.2,0.0,701.7
3245,2024-08-05,92,2,733.1,888.4,3.9,1281.5
3246,2023-02-20,98,14,499.7,353.3,5.4,220.2
3247,2023-12-25,47,4,2075.0,1113.1,8.0,1943.0
3248,2024-07-08,82,3,0.0,177.7,0.0,513.0
3249,2024-01-22,58,22,1760.4,1225.6,5.9,2192.9
3250,2023-01-01,78,9,1316.4,682.1,8.9,555.4
3251,2024-08-05,94,14,422.9,425.2,5.2,448.9
3252,2024-06-10,102,17,280.2,692.9,5.1,189.9
3253,2023-05-15,53,8,1064.4,821.2,5.6,486.9
3254,2024-03-18,63,1,0.0,1056.9,0.0,400.5
3255,2025-06-09,4,21,543.0,303.6,6.7,434.3
3256,2025-11-24,37,13,401.0,388.9,4.6,221.6
3257,2025-10-27,32,6,0.0,62.7,0.0,163.8
3258,2023-05-15,7,22,293.4,121.7,9.1,232.8
3259,2025-08-04,14,5,1.8,165.3,0.1,50.1
3260,2025-05-12,40,5,3091.3,700.9,43.1,227.8
3261,2024-10-28,86,20,1583.9,1014.6,7.8,1510.9
3262,2025-09-01,31,5,394.4,320.3,5.2,294.2
3263,2025-10-27,1,10,0.0,1165.0,0.0,3448.4
3264,2024-01-22,33,1,72.2,32.1,7.4,51.5
3265,2023-02-20,71,7,0.0,579.4,0.0,687.7
3266,2023-01-01,26,10,1142.3,419.3,11.0,411.7
3267,2023-05-15,82,9,0.0,289.0,0.0,532.4
3268,2025-05-12,116,15,1622.4,533.8,29.5,323.4
3269,2025-12-22,113,15,294.5,215.0,6.4,416.5
3270,2025-09-01,118,15,87.3,433.3,2.3,276.4
3271,2025-03-17,28,4,1231.9,1912.3,5.8,791.6
3272,2024-08-05,63,7,0.0,1557.6,0.0,705.2
3273,2023-12-25,44,15,487.7,330.6,10.4,248.6
3274,2024-04-15,30,18,53.1,210.3,1.2,340.2
3275,2024-07-08,9,5,0.0,241.1,0.0,386.8
3276,2025-09-01,102,16,363.2,515.3,8.2,344.9
3277,2024-09-02,84,7,598.8,355.2,10.0,332.3
3278,2025-01-20,90,14,0.0,22.9,0.0,61.3
3279,2025-10-27,84,4,295.6,367.9,4.8,176.1
3280,2025-01-20,42,8,1341.5,544.7,13.4,522.0
3281,2025-01-20,26,7,1204.1,427.3,12.7,397.2
3282,2024-05-13,6,7,1978.8,555.5,11.3,678.7
3283,2025-08-04,11,9,3743.0,1138.3,14.7,939.3
3284,2024-04-15,48,9,1569.1,1585.0,5.7,1483.8
3285,2023-04-17,6,2,1206.3,643.6,6.5,1381.9
3286,2024-04-15,114,21,942.8,379.9,12.0,441.8
3287,2025-09-29,55,10,1944.0,1421.7,6.5,1266.7
3288,2023-10-02,76,3,115.6,62.2,21.3,35.8
3289,2023-10-30,12,21,0.0,1289.8,0.0,2590.4
3290,2024-08-05,45,5,512.8,396.7,6.7,373.6
3291,2024-10-28,112,22,307.8,785.6,2.2,888.1
3292,2023-04-17,87,22,602.1,941.8,1.9,2753.7
3293,2023-04-17,10,13,0.0,173.3,0.0,245.3
3294,2023-06-12,6,19,1537.3,707.7,9.9,821.0
3295,2023-10-02,119,16,439.7,178.9,12.0,164.9
3296,2025-06-09,16,12,21.0,371.0,0.3,364.0
3297,2024-02-19,61,12,144.1,246.1,6.4,186.3
3298,2024-11-25,3,13,575.0,366.6,10.1,606.4
3299,2025-10-27,111,21,207.5,1672.3,0.7,1486.6
3300,2025-01-20,20,2,2652.7,1549.4,12.6,1048.0
3301,2023-06-12,54,7,277.4,549.5,2.0,675.7
3302,2025-05-12,29,10,1159.9,898.5,14.3,349.1
3303,2024-10-28,29,8,1446.1,595.2,24.8,486.5
3304,2023-02-20,72,3,151.4,644.7,2.3,193.2
3305,2024-02-19,37,2,1513.5,866.2,7.3,932.4
3306,2023-07-10,105,20,1632.3,953.2,12.3,488.3
3307,2023-10-30,119,8,328.8,157.7,8.4,110.5
3308,2023-06-12,117,3,212.9,119.3,6.0,192.5
3309,2025-05-12,39,8,788.9,517.8,8.6,311.4
3310,2024-04-15,10,13,177.0,173.3,5.5,131.6
3311,2023-08-07,48,5,2249.2,879.0,13.3,668.2
3312,2025-02-17,25,4,237.3,127.9,6.1,257.4
3313,2023-12-25,73,17,258.5,586.1,3.1,915.1
3314,2025-01-20,32,12,262.7,134.1,8.8,94.8
3315,2024-06-10,16,12,0.0,371.0,0.0,619.3
3316,2024-09-30,34,6,363.4,284.3,8.1,219.3
3317,2025-07-07,34,16,399.9,189.8,9.2,215.3
3318,2023-01-01,111,20,2937.4,1396.0,9.7,2149.0
3319,2023-04-17,105,17,2795.1,907.8,25.9,314.9
3320,2023-11-27,102,10,637.2,505.5,10.2,685.6
3321,2023-01-23,53,8,1639.5,821.2,8.7,1104.0
3322,2025-03-17,107,22,544.0,360.1,6.5,960.4
3323,2023-02-20,104,10,0.0,353.2,0.0,399.6
3324,2024-01-22,34,6,502.0,284.3,11.1,215.4
3325,2023-08-07,106,21,561.9,466.9,7.5,340.0
3326,2023-03-20,47,18,2174.4,1163.9,10.3,1055.9
3327,2023-06-12,36,12,347.0,418.3,9.8,145.4
3328,2024-03-18,32,19,122.7,89.0,5.3,111.1
3329,2024-07-08,75,6,1029.1,478.2,9.8,532.0
3330,2025-08-04,28,17,2569.8,2125.5,13.1,1268.5
3331,2025-08-04,108,3,137.3,211.8,7.2,128.5
3332,2023-10-30,9,1,88.4,314.2,0.9,459.5
3333,2025-01-20,103,4,83.4,247.2,2.0,461.7
3334,2023-11-27,119,21,608.6,224.9,11.9,224.4
3335,2024-11-25,43,20,1.3,294.4,0.0,567.2
3336,2023-10-30,113,15,162.0,215.0,3.5,701.2
3337,2024-04-15,42,8,0.0,544.7,0.0,1511.8
3338,2024-11-25,44,6,1728.9,748.1,27.3,454.8
3339,2024-07-08,112,9,594.9,562.7,4.7,448.9
3340,2023-02-20,8,19,1574.1,1069.6,7.8,1056.0
3341,2023-01-23,32,22,130.0,170.0,4.5,98.6
3342,2024-11-25,62,22,401.4,601.0,2.6,1264.6
3343,2024-09-30,107,12,741.5,304.1,8.8,553.5
3344,2025-02-17,21,7,471.3,356.7,6.9,487.7
3345,2024-02-19,31,8,231.8,533.9,2.3,340.2
3346,2025-05-12,87,8,3267.0,975.6,14.7,900.7
3347,2023-10-02,21,7,0.0,356.7,0.0,757.0
3348,2023-04-17,11,12,1695.4,1526.5,4.9,1826.8
3349,2025-08-04,92,2,561.4,888.4,3.0,1887.8
3350,2025-09-29,29,1,1028.9,830.6,12.2,274.7
3351,2025-03-17,73,10,1085.2,964.2,11.9,427.8
3352,2025-06-09,18,19,1227.9,994.5,4.0,2765.5
3353,2024-05-13,54,2,754.3,565.7,4.7,1847.3
3354,2023-11-27,118,15,0.0,433.3,0.0,250.6
3355,2024-11-25,26,17,680.7,309.1,8.0,693.7
3356,2025-08-04,98,9,694.0,305.0,8.9,387.8
3357,2024-09-02,107,15,480.5,228.6,12.1,195.7
3358,2024-10-28,40,20,1440.1,1523.1,9.5,995.5
3359,2023-09-04,116,20,459.1,829.5,4.4,606.7
3360,2025-07-07,109,15,185.6,265.1,2.6,225.1
3361,2025-02-17,111,22,2535.9,1560.6,7.7,2490.1
3362,2024-09-30,55,11,2468.8,1351.3,9.6,1069.8
3363,2023-10-02,67,4,0.0,650.5,0.0,930.3
3364,2025-01-20,38,7,0.0,306.2,0.0,912.6
3365,2025-04-14,107,6,141.0,194.7,2.7,570.1
3366,2025-04-14,9,5,417.5,241.1,9.4,173.9
3367,2023-12-25,34,19,593.0,260.5,10.0,356.5
3368,2025-01-20,30,19,461.2,187.4,9.9,496.8
3369,2024-01-22,6,9,1300.9,728.8,8.1,1251.8
3370,2023-10-30,30,9,91.0,181.7,1.8,471.0
3371,2023-03-20,15,2,0.0,1277.7,0.0,842.6
3372,2025-11-24,54,13,0.0,325.4,0.0,1237.4
3373,2023-11-27,41,1,518.4,282.5,9.6,312.7
3374,2025-12-22,22,22,503.8,754.9,3.5,1122.6
3375,2025-12-22,103,1,440.6,201.6,10.9,106.5
3376,2025-01-20,38,8,314.1,362.2,4.2,221.8
3377,2023-08-07,64,14,1656.8,631.4,10.9,935.3
3378,2024-11-25,110,7,0.0,206.1,0.0,381.2
3379,2025-02-17,37,16,0.0,526.6,0.0,1450.1
3380,2024-02-19,74,21,2138.0,1789.6,5.5,2499.0
3381,2023-01-01,3,21,722.4,747.4,6.3,1042.6
3382,2023-02-20,36,9,252.7,270.4,8.5,157.7
3383,2025-11-24,71,16,1072.5,373.4,22.7,179.9
3384,2025-03-17,91,9,360.0,527.9,4.5,918.6
3385,2023-12-25,87,22,1282.9,941.8,4.1,3021.8
3386,2024-02-19,41,13,181.7,157.4,6.9,225.5
3387,2024-12-23,82,4,0.0,332.9,0.0,1267.7
3388,2024-03-18,13,11,522.2,411.6,11.5,318.9
3389,2023-07-10,42,16,0.0,369.8,0.0,955.5
3390,2025-06-09,6,22,2055.3,1069.3,8.9,1111.8
3391,2023-02-20,44,8,0.0,659.5,0.0,1719.2
3392,2025-10-27,76,9,181.5,109.4,20.6,71.5
3393,2024-10-28,22,22,0.0,754.9,0.0,2839.9
3394,2024-07-08,104,17,299.8,253.7,10.9,207.5
3395,2024-04-15,49,11,0.0,714.9,0.0,2815.0
3396,2025-07-07,109,17,1508.9,573.9,13.2,277.9
3397,2025-07-07,117,22,455.3,359.7,5.9,328.6
3398,2023-04-17,111,20,1446.8,1396.0,4.8,2130.9
3399,2024-05-13,98,14,281.0,353.3,3.0,394.9
3400,2023-04-17,67,10,0.0,486.0,0.0,693.2
3401,2024-09-02,43,22,86.0,302.8,1.1,505.7
3402,2023-06-12,58,22,0.0,1225.6,0.0,2783.5
3403,2025-06-09,37,3,1548.0,423.3,16.1,367.4
3404,2025-03-17,71,2,912.7,797.9,12.7,314.9
3405,2023-01-23,29,15,831.3,510.7,18.6,193.7
3406,2024-08-05,76,16,144.0,86.2,20.0,27.5
3407,2024-04-15,33,11,53.7,41.0,6.1,50.0
3408,2024-02-19,116,18,2606.7,618.5,31.8,364.2
3409,2023-06-12,61,19,177.3,140.7,9.3,111.4
3410,2024-09-02,55,21,2342.4,1049.0,8.6,1515.1
3411,2024-05-13,91,6,1172.0,540.4,17.6,310.1
3412,2023-12-25,3,21,154.2,747.4,1.4,778.1
3413,2023-05-15,73,20,1290.0,986.3,15.0,874.9
3414,2024-04-15,111,21,433.1,1672.3,1.5,1624.1
3415,2024-03-18,89,1,125.6,772.4,0.8,701.7
3416,2023-07-10,24,3,68.2,58.6,4.3,76.3
3417,2024-04-15,49,5,0.0,445.2,0.0,1376.6
3418,2023-01-01,118,21,1092.3,869.1,15.3,374.3
3419,2023-08-07,94,2,257.0,421.7,3.1,654.5
3420,2024-09-30,9,16,589.9,331.5,9.9,387.2
3421,2025-03-17,32,6,70.0,62.7,3.7,163.3
3422,2024-04-15,45,13,646.0,404.1,9.4,373.2
3423,2025-06-09,15,1,3018.4,1624.2,19.0,2252.9
3424,2023-04-17,54,16,0.0,350.3,0.0,1028.5
3425,2025-01-20,16,13,11.9,213.0,0.3,241.3
3426,2023-10-02,99,12,220.9,590.7,1.4,1692.0
3427,2023-06-12,48,17,2527.3,1622.8,9.1,1137.1
3428,2023-10-02,49,5,354.7,445.2,3.2,1020.3
3429,2025-03-17,62,22,2184.2,601.0,14.1,612.9
3430,2024-07-08,72,3,0.0,644.7,0.0,746.1
3431,2024-08-05,52,10,162.1,151.9,3.3,92.5
3432,2024-12-23,75,11,755.7,732.1,5.2,1430.4
3433,2025-05-12,53,14,1768.1,1347.8,6.6,2008.0
3434,2024-11-25,73,10,1857.6,964.2,20.4,543.3
3435,2024-07-08,27,19,348.6,436.0,4.4,418.6
3436,2023-03-20,20,17,1520.6,2103.7,7.9,1262.7
3437,2023-02-20,69,14,765.6,421.4,9.3,685.5
3438,2025-08-04,16,20,974.8,438.7,11.0,277.0
3439,2025-01-20,106,1,0.0,285.9,0.0,489.6
3440,2023-11-27,37,8,1805.2,582.6,14.0,273.6
3441,2023-05-15,34,11,1148.0,349.7,18.8,182.6
3442,2024-12-23,83,13,0.0,747.8,0.0,2241.6
3443,2023-12-25,2,7,1985.8,2044.2,9.6,1004.6
3444,2024-02-19,18,21,1217.6,1229.4,3.4,2008.0
3445,2024-09-02,12,16,2604.2,1131.1,13.5,619.9
3446,2023-03-20,73,10,2057.3,964.2,22.6,300.9
3447,2023-01-01,3,19,1092.1,474.2,11.0,543.1
3448,2023-10-30,9,18,0.0,364.8,0.0,706.7
3449,2025-03-17,47,10,2199.0,1429.1,7.5,1459.2
3450,2023-11-27,6,14,183.8,709.1,1.0,1700.7
3451,2024-10-28,58,16,861.5,985.6,4.2,2473.4
3452,2024-09-30,3,15,201.0,321.4,3.2,656.1
3453,2025-07-07,5,7,587.1,662.3,4.4,1098.9
3454,2023-09-04,102,22,465.1,828.9,7.4,781.3
3455,2023-02-20,52,10,0.6,151.9,0.0,250.9
3456,2025-09-01,12,13,615.9,636.2,4.3,1296.5
3457,2025-12-22,66,20,342.9,155.0,9.8,295.7
3458,2025-08-04,74,11,2547.5,2195.6,6.1,1274.8
3459,2025-09-01,82,21,0.0,381.3,0.0,492.1
3460,2025-08-04,55,15,1320.2,925.5,9.2,1017.6
3461,2024-11-25,106,4,1128.8,447.1,15.0,443.6
3462,2025-01-20,37,17,1106.1,941.6,6.6,1126.1
3463,2025-03-17,53,3,393.6,601.7,3.0,1254.6
3464,2025-09-01,41,8,28.4,139.2,0.7,156.7
3465,2023-10-30,29,7,885.9,727.9,12.0,849.8
3466,2025-07-07,50,12,0.0,1260.0,0.0,1749.2
3467,2024-11-25,54,16,642.0,350.3,6.0,552.0
3468,2023-10-30,18,19,705.1,994.5,2.3,2495.3
3469,2023-11-27,12,14,2164.9,1407.4,8.1,2728.3
3470,2024-12-23,29,18,1215.2,410.7,20.7,239.8
3471,2023-10-30,80,6,474.0,333.1,7.5,691.4
3472,2024-12-23,34,4,139.9,371.8,2.2,388.3
3473,2023-05-15,6,14,142.8,709.1,0.8,2024.2
3474,2024-02-19,8,13,1455.9,596.3,11.8,772.9
3475,2025-09-01,93,3,442.7,166.2,10.6,265.3
3476,2024-06-10,26,7,1504.4,427.3,15.9,407.6
3477,2023-12-25,61,12,0.0,246.1,0.0,98.2
3478,2023-08-07,18,15,164.9,662.8,0.8,2312.9
3479,2023-05-15,118,17,671.7,595.7,10.2,382.4
3480,2023-01-23,103,4,0.0,247.2,0.0,1464.1
3481,2025-02-17,42,14,451.9,590.3,3.7,1099.0
3482,2024-06-10,58,1,0.0,1659.8,0.0,4661.6
3483,2025-08-04,103,12,389.7,190.5,8.5,335.4
3484,2024-10-28,52,11,112.8,249.7,2.5,376.6
3485,2024-11-25,94,20,303.4,362.3,3.8,966.8
3486,2023-05-15,111,15,1039.7,690.0,5.9,1304.1
3487,2025-09-01,106,16,0.0,204.2,0.0,369.1
3488,2024-03-18,95,19,935.4,1190.0,6.0,776.3
3489,2024-07-08,6,14,793.3,709.1,4.4,1091.2
3490,2025-01-20,69,18,524.0,313.7,8.9,327.1
3491,2025-06-09,15,13,1697.8,881.9,21.6,681.6
3492,2025-04-14,87,21,2494.7,1095.0,9.0,1484.2
3493,2024-08-05,41,15,386.6,127.5,13.2,88.7
3494,2023-08-07,72,14,0.0,1042.0,0.0,874.9
3495,2025-09-29,13,7,887.0,352.4,22.0,149.7
3496,2023-06-12,70,13,578.2,264.0,25.6,259.6
3497,2024-06-10,120,3,657.5,199.1,14.3,279.3
3498,2024-04-15,100,4,173.4,87.1,8.3,80.3
3499,2023-10-02,68,18,1945.9,1111.6,10.6,1104.4
3500,2023-03-20,104,11,605.9,329.9,19.4,196.7
3501,2024-11-25,58,1,2928.7,1659.8,9.9,1892.4
3502,2024-10-28,62,20,673.1,806.3,4.1,1471.1
3503,2023-05-15,87,22,3105.6,941.8,9.9,1199.1
3504,2023-06-12,98,20,1019.8,541.1,11.1,275.5
3505,2024-07-08,2,8,731.3,976.7,4.2,1562.4
3506,2025-08-04,97,11,159.2,196.6,5.8,148.8
3507,2024-07-08,69,18,617.3,313.7,10.4,379.3
3508,2024-02-19,26,7,1000.9,427.3,10.6,483.7
3509,2025-11-24,85,4,0.0,495.3,0.0,703.8
3510,2024-11-25,51,14,0.0,302.3,0.0,451.5
3511,2024-12-23,95,13,14.3,765.0,0.1,622.8
3512,2023-01-23,41,22,489.9,306.6,9.4,564.3
3513,2024-08-05,17,16,0.0,316.5,0.0,1111.6
3514,2024-08-05,25,18,80.6,133.2,2.6,357.3
3515,2023-10-02,119,7,224.4,187.2,4.8,297.4
3516,2023-10-02,102,9,163.2,564.5,3.3,540.9
3517,2023-06-12,31,16,491.0,540.3,5.1,409.8
3518,2024-02-19,13,17,662.6,472.0,16.2,318.3
3519,2025-02-17,45,20,1481.9,587.0,10.1,544.4
3520,2024-10-28,9,1,540.8,314.2,5.7,975.4
3521,2024-10-28,39,8,41.9,517.8,0.5,533.7
3522,2024-05-13,15,2,2744.0,1277.7,15.3,1388.7
3523,2023-10-30,76,16,11.9,86.2,1.6,43.5
3524,2025-09-01,46,7,180.4,169.1,7.8,246.1
3525,2023-08-07,40,5,0.0,700.9,0.0,633.1
3526,2025-06-09,8,20,3520.0,877.3,14.2,1358.1
3527,2025-02-17,86,15,325.8,319.2,3.2,195.0
3528,2024-11-25,88,22,66.7,541.5,0.5,1422.3
3529,2024-03-18,20,12,883.8,2053.9,4.1,865.5
3530,2023-07-10,53,9,568.8,1160.7,2.7,1491.3
3531,2025-10-27,56,13,2979.6,1088.1,26.3,370.2
3532,2025-01-20,37,15,1461.9,420.1,15.0,498.3
3533,2023-03-20,48,13,279.4,817.7,1.6,775.0
3534,2025-09-29,88,1,622.2,412.1,5.5,890.2
3535,2024-09-02,30,6,493.1,155.6,12.3,156.5
3536,2025-03-17,69,14,456.5,421.4,5.5,503.2
3537,2025-09-29,88,16,53.0,500.6,0.7,469.8
3538,2025-11-24,55,19,1789.4,1101.4,7.3,2295.2
3539,2024-11-25,116,20,0.0,829.5,0.0,1531.3
3540,2024-11-25,97,11,0.0,196.6,0.0,221.4
3541,2025-08-04,9,15,153.9,144.0,3.9,192.4
3542,2023-05-15,41,13,257.9,157.4,9.8,147.7
3543,2023-10-30,82,3,233.7,177.7,5.7,230.8
3544,2023-07-10,88,15,0.0,266.1,0.0,670.7
3545,2025-05-12,94,11,0.0,278.3,0.0,423.7
3546,2025-11-24,3,18,0.0,503.4,0.0,865.5
3547,2025-11-24,23,2,1056.1,855.4,4.5,2907.5
3548,2024-07-08,119,7,435.4,187.2,9.2,255.9
3549,2023-01-01,31,8,876.4,533.9,8.7,698.4
3550,2024-03-18,28,5,0.0,1116.1,0.0,2131.0
3551,2023-10-30,69,2,438.7,341.4,5.0,565.9
3552,2023-06-12,79,2,598.8,1301.2,4.1,835.9
3553,2025-03-17,35,1,6087.3,1465.1,14.7,1803.6
3554,2023-07-10,112,9,1408.6,562.7,11.2,644.7
3555,2025-06-09,7,5,0.0,69.1,0.0,134.0
3556,2023-06-12,40,20,3739.3,1523.1,24.8,1131.8
3557,2024-11-25,10,10,317.8,247.5,4.9,414.2
3558,2023-07-10,44,2,122.6,707.7,1.3,449.0
3559,2025-01-20,112,12,300.4,592.0,2.1,377.4
3560,2023-01-23,98,19,930.1,333.6,11.5,130.5
3561,2025-08-04,100,20,211.8,89.6,9.6,187.8
3562,2024-07-08,120,6,270.3,270.0,4.2,634.0
3563,2025-02-17,32,12,115.7,134.1,3.9,141.1
3564,2023-10-02,33,19,126.0,34.3,16.4,26.8
3565,2023-03-20,61,19,36.3,140.7,1.9,113.7
3566,2023-04-17,20,20,1946.4,2225.0,9.4,1268.1
3567,2024-04-15,26,7,931.9,427.3,9.9,813.6
3568,2025-01-20,8,20,1806.1,877.3,7.3,1403.3
3569,2023-06-12,54,13,503.0,325.4,6.1,403.9
3570,2023-04-17,29,19,450.3,733.4,6.3,719.1
3571,2025-12-22,72,2,2772.8,1419.0,21.3,840.8
3572,2023-05-15,39,12,388.0,773.3,3.0,1317.1
3573,2024-01-22,13,5,0.0,266.9,0.0,533.6
3574,2025-12-22,29,19,609.0,733.4,8.6,602.1
3575,2024-02-19,36,13,12.0,197.4,0.7,232.4
3576,2025-09-29,96,9,785.1,561.7,6.6,708.5
3577,2025-01-20,34,6,0.0,284.3,0.0,396.2
3578,2023-06-12,72,15,219.0,640.8,3.2,228.1
3579,2024-06-10,99,1,579.1,676.8,4.1,1377.4
3580,2025-06-09,31,5,597.9,320.3,7.9,532.8
3581,2023-11-27,101,9,41.8,48.6,2.9,60.8
3582,2024-03-18,6,2,697.5,643.6,3.7,1890.7
3583,2024-10-28,104,18,285.7,207.5,11.5,163.2
3584,2023-01-23,52,4,271.7,192.6,5.9,157.8
3585,2023-10-02,32,5,114.3,58.9,7.5,84.7
3586,2023-12-25,78,9,258.5,682.1,1.7,1061.8
3587,2025-06-09,25,5,244.6,116.9,11.9,98.1
3588,2025-04-14,85,6,100.4,312.7,1.5,430.6
3589,2023-10-02,107,12,813.7,304.1,9.7,517.5
3590,2023-10-02,120,12,419.2,349.9,4.4,364.2
3591,2023-03-20,103,10,25.2,222.8,0.6,385.1
3592,2023-12-25,17,15,136.8,276.1,5.5,372.5
3593,2025-10-27,60,9,16.2,399.4,0.2,648.7
3594,2023-01-23,99,9,652.2,583.3,4.9,804.8
3595,2023-10-30,36,9,177.7,270.4,6.0,123.1
3596,2025-02-17,105,20,2995.5,953.2,22.6,603.1
3597,2024-09-30,66,6,379.0,80.9,16.8,128.3
3598,2024-01-22,65,11,3059.2,1060.4,20.3,831.6
3599,2023-01-01,73,16,367.4,651.9,5.6,339.7
3600,2025-01-20,94,14,58.1,425.2,0.7,514.4
3601,2023-06-12,113,2,1342.6,532.0,14.2,284.9
3602,2024-12-23,84,12,0.0,304.8,0.0,415.6
3603,2025-06-09,40,2,1779.4,1732.1,11.7,773.8
3604,2024-04-15,36,19,335.6,243.9,10.7,205.0
3605,2025-01-20,79,9,1112.2,1022.0,9.4,461.9
3606,2023-11-27,67,2,229.9,762.4,1.8,1290.8
3607,2024-06-10,44,3,771.8,403.1,16.9,405.6
3608,2023-12-25,71,16,606.8,373.4,12.9,366.7
3609,2024-09-02,56,6,3851.0,1535.4,26.2,713.5
3610,2024-05-13,79,15,1808.7,783.3,24.5,302.4
3611,2025-04-14,40,5,0.0,700.9,0.0,414.0
3612,2023-08-07,65,12,2608.6,1115.7,14.3,995.0
3613,2024-10-28,101,6,72.4,53.1,5.8,82.0
3614,2024-09-02,71,1,1070.6,526.2,14.9,400.6
3615,2023-12-25,29,19,0.0,733.4,0.0,487.2
3616,2024-09-30,75,6,47.3,478.2,0.4,791.4
3617,2024-05-13,120,22,398.8,460.1,4.2,458.6
3618,2023-01-01,117,22,1111.7,359.7,14.4,151.5
3619,2023-02-20,33,1,0.7,32.1,0.1,44.2
3620,2024-04-15,85,5,99.7,214.1,2.1,465.2
3621,2023-05-15,48,13,2615.6,817.7,15.2,609.1
3622,2025-09-29,42,8,1280.0,544.7,12.8,621.0
3623,2023-12-25,36,9,409.8,270.4,13.8,209.7
3624,2025-05-12,3,6,0.0,363.7,0.0,546.9
3625,2025-12-22,119,16,288.3,178.9,7.9,255.8
3626,2025-06-09,78,3,856.3,517.1,10.2,408.2
3627,2023-12-25,64,5,605.4,349.7,8.1,366.9
3628,2024-05-13,84,13,260.4,145.4,8.5,237.4
3629,2024-12-23,90,12,85.4,36.6,13.8,27.2
3630,2025-02-17,63,1,3530.0,1056.9,21.7,662.0
3631,2025-09-29,52,10,0.0,151.9,0.0,180.5
3632,2024-09-02,15,13,519.2,881.9,6.6,343.2
3633,2025-12-22,24,11,137.9,143.6,4.4,200.7
3634,2023-12-25,71,6,423.6,580.0,8.9,644.9
3635,2024-03-18,88,8,0.0,365.8,0.0,819.9
3636,2023-10-02,63,1,3352.8,1056.9,20.6,837.2
3637,2025-12-22,32,3,109.4,47.1,7.9,148.0
3638,2025-09-29,54,13,0.0,325.4,0.0,626.4
3639,2025-03-17,40,20,3952.6,1523.1,26.2,345.1
3640,2023-04-17,16,12,83.5,371.0,1.1,358.0
3641,2025-10-27,31,22,0.0,540.7,0.0,1318.4
3642,2023-12-25,61,4,412.9,183.4,18.2,107.0
3643,2024-06-10,107,12,873.9,304.1,10.4,353.9
3644,2023-12-25,20,21,5490.8,2100.4,26.1,656.5
3645,2023-10-30,43,18,344.1,271.1,5.6,393.5
3646,2023-01-01,45,3,652.5,225.7,8.6,354.0
3647,2023-11-27,11,13,2359.8,792.0,16.5,853.8
3648,2023-12-25,41,18,322.3,151.0,8.1,162.3
3649,2023-03-20,94,11,320.4,278.3,4.2,153.9
3650,2023-05-15,23,9,750.9,727.0,4.1,1194.9
3651,2023-03-20,104,6,339.3,203.9,15.5,173.8
3652,2023-10-30,111,20,2765.7,1396.0,9.1,3042.5
3653,2024-09-30,72,9,759.2,945.9,6.9,2065.7
3654,2023-05-15,120,21,925.1,339.5,10.4,525.6
3655,2024-11-25,48,9,0.0,1585.0,0.0,4645.3
3656,2025-08-04,77,5,293.8,171.9,11.3,221.3
3657,2024-06-10,24,3,97.1,58.6,6.1,115.7
3658,2023-05-15,105,2,5216.9,1354.8,39.6,261.9
3659,2024-10-28,16,13,0.0,213.0,0.0,1269.8
3660,2023-01-23,65,19,2224.0,1189.3,18.5,729.2
3661,2023-09-04,45,5,125.3,396.7,1.6,467.1
3662,2023-05-15,56,8,4621.6,1837.9,28.6,964.2
3663,2023-04-17,43,20,403.8,294.4,5.2,729.9
3664,2023-03-20,20,20,3863.1,2225.0,18.6,1045.8
3665,2023-08-07,54,7,912.1,549.5,6.5,504.7
3666,2025-07-07,13,21,371.8,514.3,8.5,419.6
3667,2024-06-10,98,14,202.6,353.3,2.2,504.1
3668,2023-02-20,35,1,5177.3,1465.1,12.5,1314.2
3669,2024-08-05,21,7,545.2,356.7,8.0,238.2
3670,2025-12-22,82,3,0.0,177.7,0.0,666.7
3671,2025-05-12,65,11,2243.0,1060.4,14.9,1671.3
3672,2025-01-20,52,2,213.3,269.0,4.7,139.9
3673,2024-07-08,57,15,1039.2,488.0,19.2,241.3
3674,2025-04-14,67,6,1057.8,460.8,11.8,658.8
3675,2025-09-01,10,9,712.7,280.7,13.3,128.7
3676,2023-02-20,43,9,550.1,205.7,8.7,474.0
3677,2023-06-12,25,4,0.0,127.9,0.0,373.2
3678,2024-09-02,61,4,0.0,183.4,0.0,468.9
3679,2024-09-30,74,3,702.7,1072.7,3.5,1019.1
3680,2025-02-17,76,12,196.5,97.3,18.4,52.7
3681,2023-06-12,33,15,73.8,28.9,14.5,29.1
3682,2024-03-18,50,12,215.9,1260.0,0.8,1841.0
3683,2024-09-30,110,5,0.6,135.6,0.0,95.6
3684,2025-09-29,13,15,323.3,263.7,13.2,113.3
3685,2025-06-09,76,12,79.3,97.3,7.4,49.8
3686,2023-01-01,108,15,187.6,206.8,9.0,101.1
3687,2024-03-18,23,17,820.6,1172.0,4.3,1118.2
3688,2023-04-17,43,10,379.9,340.5,4.8,945.8
3689,2023-07-10,85,1,0.0,311.7,0.0,963.0
3690,2024-09-30,108,7,181.1,387.9,5.3,205.1
3691,2024-12-23,52,19,254.2,139.9,6.3,334.9
3692,2023-04-17,48,1,2100.3,1089.4,6.7,3051.6
3693,2024-09-02,20,9,0.0,1276.9,0.0,1355.4
3694,2024-05-13,94,14,0.0,425.2,0.0,494.8
3695,2023-01-23,80,4,417.4,423.6,4.3,811.2
3696,2025-03-17,34,6,0.0,284.3,0.0,970.0
3697,2024-05-13,106,4,848.0,447.1,11.2,385.2
3698,2024-01-22,82,9,804.4,289.0,11.2,431.4
3699,2023-07-10,61,16,159.3,145.5,10.2,131.6
3700,2025-09-29,36,8,294.8,334.2,10.2,183.0
3701,2023-11-27,59,18,672.4,1016.9,3.1,2770.3
3702,2023-07-10,56,6,0.0,1535.4,0.0,887.4
3703,2023-10-02,111,22,2976.0,1560.6,9.0,2608.9
3704,2023-05-15,84,14,150.5,400.2,2.4,378.4
3705,2025-06-09,112,18,0.0,562.2,0.0,778.3
3706,2024-02-19,117,8,536.3,199.2,10.5,244.2
3707,2024-08-05,119,8,387.0,157.7,9.9,176.6
3708,2025-12-22,14,3,45.4,112.4,3.1,96.1
3709,2025-01-20,96,5,676.4,246.9,9.3,203.5
3710,2024-02-19,24,13,177.8,52.9,12.0,53.8
3711,2023-10-30,113,4,488.2,276.9,5.6,635.2
3712,2025-08-04,42,2,1119.6,695.6,8.6,632.6
3713,2025-03-17,79,15,759.9,783.3,10.3,417.2
3714,2023-01-23,63,9,2232.6,1062.3,15.9,212.7
3715,2023-03-20,64,17,570.0,673.3,4.2,1121.6
3716,2023-09-04,57,6,1745.7,681.7,23.4,464.0
3717,2023-04-17,81,4,1055.9,812.9,6.0,830.9
3718,2025-07-07,10,8,321.0,284.0,6.3,275.9
3719,2023-05-15,76,6,67.0,89.5,8.4,79.3
3720,2025-09-01,98,6,618.4,282.2,9.0,533.0
3721,2025-08-04,30,17,400.0,245.2,7.9,225.3
3722,2024-07-08,87,8,944.9,975.6,4.2,1041.3
3723,2024-09-02,25,1,115.1,177.0,3.3,379.7
3724,2025-10-27,4,4,591.0,346.1,7.5,376.6
3725,2023-06-12,41,22,0.0,306.6,0.0,359.0
3726,2023-08-07,32,1,155.1,137.0,5.6,127.7
3727,2023-01-23,75,8,306.0,394.7,2.7,389.0
3728,2023-05-15,48,5,0.0,879.0,0.0,1857.5
3729,2023-11-27,7,22,278.6,121.7,8.6,86.2
3730,2023-02-20,30,9,335.5,181.7,6.5,226.5
3731,2024-11-25,117,8,489.1,199.2,9.6,293.4
3732,2023-05-15,24,17,165.7,91.8,5.4,135.2
3733,2023-04-17,112,13,0.0,363.7,0.0,476.0
3734,2025-02-17,48,17,1243.4,1622.8,4.5,1262.3
3735,2024-04-15,42,22,0.0,716.8,0.0,1312.4
3736,2023-05-15,111,21,285.5,1672.3,1.0,2029.8
3737,2025-09-01,1,10,1669.6,1165.0,9.2,877.3
3738,2025-08-04,12,13,1205.8,636.2,8.5,565.8
3739,2025-08-04,116,14,310.3,858.2,2.9,1046.8
3740,2025-02-17,15,4,1819.1,1135.1,12.0,745.2
3741,2025-04-14,37,22,2390.6,981.1,11.9,720.5
3742,2024-06-10,72,15,654.8,640.8,9.6,236.9
3743,2023-09-04,47,4,235.1,1113.1,0.9,884.1
3744,2023-07-10,44,3,1290.0,403.1,28.3,235.8
3745,2023-05-15,98,13,645.7,216.2,13.8,200.5
3746,2024-10-28,66,15,137.0,94.3,8.0,91.2
3747,2024-11-25,115,14,0.0,1435.7,0.0,1734.0
3748,2025-05-12,35,19,2628.9,1516.6,7.5,1225.1
3749,2023-11-27,53,14,2535.5,1347.8,9.5,1345.9
3750,2025-12-22,58,21,0.0,1007.7,0.0,6181.0
3751,2024-03-18,120,6,0.0,270.0,0.0,958.8
3752,2024-05-13,87,12,0.0,1280.6,0.0,1993.6
3753,2024-11-25,23,9,1594.4,727.0,8.6,829.2
3754,2024-10-28,120,21,455.3,339.5,5.1,400.2
3755,2024-08-05,1,10,3036.7,1165.0,16.7,690.2
3756,2024-03-18,33,16,9.5,28.5,1.4,72.3
3757,2025-08-04,83,13,0.0,747.8,0.0,908.5
3758,2025-10-27,19,17,227.8,265.6,4.1,639.6
3759,2025-09-01,106,19,0.0,374.0,0.0,508.0
3760,2024-11-25,104,11,0.0,329.9,0.0,729.4
3761,2024-01-22,98,13,0.0,216.2,0.0,396.8
3762,2025-12-22,7,6,123.3,76.4,5.9,122.8
3763,2023-01-23,15,1,1619.6,1624.2,10.2,1018.6
3764,2024-09-02,58,16,2443.7,985.6,11.9,1562.3
3765,2023-07-10,58,7,1320.2,907.6,5.3,2322.4
3766,2025-05-12,13,21,467.9,514.3,10.7,500.6
3767,2024-10-28,107,6,0.0,194.7,0.0,386.0
3768,2024-10-28,106,16,0.0,204.2,0.0,716.4
3769,2024-03-18,21,14,0.0,421.2,0.0,793.6
3770,2025-05-12,92,2,1815.1,888.4,9.6,613.6
3771,2023-01-23,53,5,71.9,550.8,0.5,700.2
3772,2024-01-22,116,17,1505.6,654.8,16.7,269.3
3773,2023-12-25,23,3,682.4,445.3,5.7,340.2
3774,2023-07-10,11,19,961.0,1502.0,3.9,3105.9
3775,2024-08-05,85,19,110.9,443.0,1.4,542.8
3776,2023-01-23,116,11,3018.0,1144.2,28.4,511.9
3777,2025-09-29,2,7,2624.9,2044.2,12.6,1424.2
3778,2023-02-20,107,22,218.9,360.1,2.6,486.3
3779,2023-09-04,84,7,685.1,355.2,11.4,234.2
3780,2024-10-28,118,17,1959.7,595.7,29.8,354.1
3781,2024-03-18,82,9,947.3,289.0,13.2,404.4
3782,2025-01-20,10,10,179.5,247.5,2.8,287.2
3783,2023-03-20,45,15,966.1,400.3,12.0,373.8
3784,2023-06-12,112,22,587.5,785.6,4.2,1633.3
3785,2024-12-23,99,15,934.9,238.1,11.5,389.0
3786,2023-07-10,56,19,2463.2,1707.1,13.1,704.0
3787,2024-05-13,78,17,1595.7,696.7,9.5,637.9
3788,2025-03-17,37,16,1762.5,526.6,14.2,473.8
3789,2025-11-24,66,20,307.3,155.0,8.8,93.6
3790,2024-02-19,49,4,1281.8,880.7,5.8,1022.1
3791,2025-06-09,1,21,2935.1,1709.9,17.3,654.4
3792,2023-07-10,6,14,761.6,709.1,4.2,1217.9
3793,2025-10-27,31,1,1352.2,582.6,10.2,737.4
3794,2023-04-17,92,2,354.0,888.4,1.9,845.8
3795,2024-06-10,54,10,142.0,557.4,0.8,664.6
3796,2023-08-07,1,13,826.7,670.2,9.3,284.6
3797,2025-08-04,24,3,0.0,58.6,0.0,153.9
3798,2023-08-07,23,22,675.0,1490.3,3.0,1547.2
3799,2024-09-30,86,8,147.0,651.1,1.0,985.9
3800,2023-10-30,93,3,132.7,166.2,3.2,134.4
3801,2023-10-30,75,8,714.9,394.7,6.2,684.6
3802,2023-05-15,28,13,138.6,699.4,1.3,576.2
3803,2023-03-20,86,22,1434.8,631.2,6.9,757.9
3804,2023-06-12,31,21,1210.8,740.0,9.0,543.0
3805,2023-05-15,106,1,0.0,285.9,0.0,757.0
3806,2023-02-20,104,19,258.7,240.4,9.6,243.6
3807,2025-07-07,111,17,4329.9,1696.4,15.0,1565.9
3808,2024-11-25,58,18,495.1,860.6,2.1,1655.7
3809,2025-08-04,29,8,1221.4,595.2,21.0,949.0
3810,2025-01-20,74,7,3816.6,1658.6,10.5,691.9
3811,2023-05-15,24,1,32.7,153.0,1.1,274.1
3812,2023-01-01,88,10,895.3,635.5,7.5,905.9
3813,2023-01-23,119,16,226.3,178.9,6.2,237.3
3814,2024-04-15,24,4,0.0,122.2,0.0,300.8
3815,2024-09-30,42,16,58.8,369.8,0.7,930.3
3816,2023-11-27,31,17,164.2,406.8,1.4,1133.6
3817,2023-10-02,33,15,43.3,28.9,8.5,19.7
3818,2025-03-17,53,19,203.8,889.9,0.9,855.5
3819,2025-08-04,19,8,105.0,148.6,2.2,352.6
3820,2023-09-04,96,3,131.2,325.2,2.0,349.7
3821,2023-05-15,81,16,440.8,521.6,4.0,1140.3
3822,2025-09-29,25,1,77.0,177.0,2.2,113.0
3823,2023-10-02,26,4,1002.7,567.2,10.0,989.8
3824,2025-03-17,26,17,302.5,309.1,3.6,905.4
3825,2024-08-05,91,6,1336.7,540.4,20.0,300.5
3826,2025-09-29,48,18,845.0,1409.9,3.3,2582.9
3827,2024-12-23,60,1,0.0,503.4,0.0,734.8
3828,2023-11-27,18,18,2654.8,1145.8,9.9,965.0
3829,2025-04-14,47,22,1069.2,1657.6,3.5,982.0
3830,2024-06-10,96,12,236.1,675.2,1.7,1520.9
3831,2025-09-01,7,5,183.3,69.1,10.6,52.5
3832,2025-02-17,20,17,5629.4,2103.7,29.1,1711.4
3833,2025-08-04,20,12,1411.7,2053.9,6.5,1358.2
3834,2023-07-10,44,1,1202.3,777.2,14.8,545.5
3835,2023-06-12,3,18,270.1,503.4,3.1,659.6
3836,2025-02-17,87,8,1496.8,975.6,6.7,719.0
3837,2025-07-07,47,22,71.0,1657.6,0.2,1677.9
3838,2024-05-13,43,21,842.3,333.6,10.7,420.5
3839,2024-01-22,88,14,930.0,673.4,8.0,336.0
3840,2025-02-17,80,4,798.8,423.6,8.3,653.9
3841,2023-12-25,102,8,1129.3,473.0,24.6,85.1
3842,2023-05-15,27,15,0.0,340.8,0.0,681.2
3843,2023-12-25,15,18,206.6,931.0,1.6,1577.6
3844,2025-12-22,36,6,85.3,320.6,3.2,159.9
3845,2023-09-04,81,4,621.0,812.9,3.5,660.5
3846,2025-02-17,47,22,2287.7,1657.6,7.5,670.3
3847,2025-06-09,28,13,0.0,699.4,0.0,573.8
3848,2023-04-17,18,5,2812.2,696.6,15.3,758.1
3849,2023-01-23,37,19,802.3,664.7,5.0,1382.2
3850,2023-03-20,44,1,1418.7,777.2,17.4,852.1
3851,2025-04-14,90,14,46.5,22.9,8.3,15.5
3852,2025-02-17,1,14,949.8,1472.3,5.3,667.9
3853,2023-07-10,106,10,1.0,383.7,0.0,542.4
3854,2025-11-24,88,22,927.5,541.5,7.4,1456.8
3855,2024-11-25,108,15,0.0,206.8,0.0,179.0
3856,2023-08-07,110,19,244.3,181.8,9.7,63.7
3857,2024-11-25,11,14,5330.8,1725.9,17.4,597.8
3858,2023-01-01,114,10,1004.9,300.5,12.8,386.8
3859,2024-10-28,84,14,792.0,400.2,12.7,580.2
3860,2023-12-25,19,19,0.0,292.9,0.0,533.3
3861,2023-07-10,111,8,1769.2,1000.4,7.5,1601.9
3862,2024-02-19,45,5,159.3,396.7,2.1,424.4
3863,2023-11-27,31,1,1428.8,582.6,10.8,660.8
3864,2025-02-17,77,21,718.5,329.0,14.8,245.9
3865,2025-05-12,119,7,87.5,187.2,1.9,434.3
3866,2023-01-23,85,19,813.6,443.0,10.2,310.6
3867,2023-07-10,87,11,210.5,971.1,0.7,2872.0
3868,2025-09-01,39,12,1390.7,773.3,10.7,677.4
3869,2024-06-10,52,22,120.4,273.7,2.5,259.0
3870,2024-02-19,13,11,921.2,411.6,20.3,254.2
3871,2025-03-17,118,17,0.0,595.7,0.0,1057.3
3872,2025-10-27,70,13,129.0,264.0,5.7,246.4
3873,2024-11-25,57,2,3018.9,1113.8,24.5,602.3
3874,2024-01-22,41,7,45.9,310.0,0.9,325.7
3875,2024-05-13,87,19,0.0,1145.1,0.0,1453.0
3876,2023-01-23,58,7,882.6,907.6,3.5,2028.1
3877,2025-06-09,71,1,863.2,526.2,12.0,688.9
3878,2024-08-05,7,6,62.8,76.4,3.0,86.4
3879,2025-04-14,56,5,305.9,1463.1,2.5,1636.6
3880,2025-06-09,78,6,714.9,641.5,5.5,1072.8
3881,2025-03-17,90,14,50.3,22.9,9.0,35.4
3882,2023-06-12,116,11,2458.1,1144.2,23.1,991.8
3883,2024-10-28,119,16,0.0,178.9,0.0,536.4
3884,2025-03-17,72,15,529.9,640.8,7.8,425.6
3885,2023-05-15,83,9,0.0,966.3,0.0,2126.1
3886,2025-10-27,44,8,1780.4,659.5,25.5,228.7
3887,2024-01-22,3,19,140.1,474.2,1.4,777.5
3888,2024-09-30,13,11,227.3,411.6,5.0,334.2
3889,2024-12-23,42,8,656.1,544.7,6.5,549.5
3890,2023-11-27,42,4,1356.8,709.3,9.9,561.9
3891,2023-02-20,4,21,0.0,303.6,0.0,617.6
3892,2025-11-24,12,21,1822.8,1289.8,7.1,1821.7
3893,2023-08-07,117,3,169.0,119.3,4.8,198.2
3894,2025-10-27,55,8,462.4,1018.9,2.2,1398.6
3895,2024-01-22,43,18,105.9,271.1,1.7,446.3
3896,2025-06-09,5,14,1403.7,635.6,9.3,880.1
3897,2023-06-12,62,9,270.2,547.8,2.1,1641.8
3898,2024-07-08,108,17,746.9,306.5,21.3,147.6
3899,2023-04-17,2,9,4722.4,2010.4,28.1,837.3
3900,2023-07-10,7,22,374.4,121.7,11.6,151.9
3901,2023-04-17,51,14,0.0,302.3,0.0,267.0
3902,2024-08-05,86,8,479.0,651.1,3.1,1525.0
3903,2024-08-05,102,9,958.2,564.5,19.1,209.2
3904,2025-10-27,17,11,0.0,411.7,0.0,779.1
3905,2025-03-17,37,15,0.0,420.1,0.0,1143.3
3906,2025-09-29,102,8,1338.1,473.0,29.1,463.3
3907,2024-03-18,100,20,246.1,89.6,11.1,81.3
3908,2024-01-22,40,12,1434.3,1553.8,9.4,461.7
3909,2023-09-04,38,16,134.0,216.6,2.0,385.5
3910,2023-06-12,53,9,2291.6,1160.7,11.0,973.2
3911,2025-03-17,52,4,281.6,192.6,6.1,340.1
3912,2025-09-01,113,2,809.3,532.0,8.6,360.0
3913,2024-01-22,52,4,255.1,192.6,5.5,166.2
3914,2025-12-22,19,4,0.0,209.1,0.0,475.0
3915,2025-11-24,111,3,1879.8,899.1,12.4,589.0
3916,2024-07-08,17,12,240.1,496.5,5.0,210.6
3917,2024-09-02,10,10,121.9,247.5,1.9,370.0
3918,2025-07-07,14,5,359.8,165.3,25.8,101.1
3919,2025-03-17,4,4,145.4,346.1,1.8,288.8
3920,2023-01-01,13,11,599.4,411.6,13.2,243.1
3921,2024-05-13,84,4,186.6,367.9,3.0,535.6
3922,2025-04-14,38,9,1106.9,352.5,13.4,377.0
3923,2023-01-01,84,10,1050.0,438.0,15.3,537.9
3924,2023-09-04,87,11,3209.8,971.1,11.4,1428.4
3925,2023-10-02,100,4,0.0,87.1,0.0,271.6
3926,2023-05-15,31,22,1312.9,540.7,8.1,1375.2
3927,2023-04-17,88,15,641.3,266.1,9.9,210.4
3928,2023-09-04,99,6,345.3,434.8,3.5,842.1
3929,2024-12-23,15,8,55.1,1145.8,0.5,984.9
3930,2025-09-29,46,14,892.2,276.7,38.6,158.0
3931,2024-12-23,119,9,0.0,205.1,0.0,521.8
3932,2025-09-01,1,13,947.4,670.2,10.7,1110.1
3933,2023-10-02,9,15,199.5,144.0,5.1,282.1
3934,2023-05-15,88,15,939.6,266.1,14.4,149.9
3935,2023-09-04,52,7,585.6,241.7,14.5,224.9
3936,2024-09-02,99,19,468.2,648.5,3.9,533.9
3937,2024-10-28,32,14,1.7,149.2,0.1,316.5
3938,2025-09-01,35,16,1433.4,1269.1,5.3,2115.7
3939,2025-04-14,64,19,190.9,773.5,1.4,693.6
3940,2024-06-10,84,5,132.3,203.2,3.9,186.5
3941,2025-02-17,66,3,22.4,58.9,1.4,76.4
3942,2024-11-25,25,4,286.7,127.9,7.3,208.0
3943,2025-06-09,72,14,1361.6,1042.0,9.1,1271.8
3944,2023-05-15,112,22,673.1,785.6,4.8,502.2
3945,2024-08-05,9,16,255.6,331.5,4.3,521.3
3946,2025-01-20,66,16,315.2,92.0,14.0,158.5
3947,2023-09-04,31,17,0.0,406.8,0.0,2209.5
3948,2025-06-09,61,17,125.5,231.1,6.4,77.4
3949,2024-03-18,111,22,0.0,1560.6,0.0,3960.7
3950,2025-11-24,50,11,0.0,940.7,0.0,1495.9
3951,2025-01-20,57,15,940.1,488.0,17.4,380.1
3952,2024-01-22,93,14,239.4,303.1,3.0,531.0
3953,2024-08-05,114,17,826.3,244.1,11.9,313.0
3954,2023-02-20,39,3,0.0,214.7,0.0,633.5
3955,2023-03-20,119,4,446.3,191.6,9.3,171.3
3956,2024-01-22,96,9,247.8,561.7,2.1,586.8
3957,2024-09-02,49,17,2012.4,824.9,10.7,1100.1
3958,2025-11-24,115,22,0.0,2457.1,0.0,4931.8
3959,2024-04-15,4,21,19.5,303.6,0.2,704.9
3960,2025-09-29,45,21,1250.8,674.0,8.7,654.3
3961,2023-11-27,95,12,0.0,1800.7,0.0,1498.5
3962,2025-09-29,66,20,0.0,155.0,0.0,302.8
3963,2024-06-10,32,6,2.9,62.7,0.2,109.2
3964,2023-09-04,75,11,251.5,732.1,1.7,1598.2
3965,2025-07-07,4,21,0.0,303.6,0.0,952.5
3966,2023-06-12,30,19,173.0,187.4,3.7,113.5
3967,2025-05-12,112,18,326.4,562.2,3.3,651.7
3968,2025-08-04,94,14,124.9,425.2,1.5,336.1
3969,2023-11-27,91,9,736.9,527.9,9.3,687.0
3970,2023-04-17,43,22,789.5,302.8,9.8,353.7
3971,2023-05-15,97,4,200.5,284.1,7.1,176.2
3972,2024-01-22,112,19,429.6,595.7,3.5,796.3
3973,2023-03-20,74,10,2386.2,2326.5,6.1,2217.8
3974,2025-12-22,14,6,105.2,223.6,5.4,165.2
3975,2023-02-20,86,8,949.2,651.1,6.2,483.6
3976,2024-06-10,29,8,770.5,595.2,13.2,432.4
3977,2023-10-30,55,11,1228.5,1351.3,4.8,2117.1
3978,2024-10-28,35,19,941.1,1516.6,2.7,2027.3
3979,2024-04-15,112,3,694.0,363.3,11.3,296.3
3980,2024-12-23,19,5,0.0,159.0,0.0,279.7
3981,2024-09-02,41,13,464.0,157.4,17.6,78.1
3982,2024-10-28,85,4,435.1,495.3,4.7,890.4
3983,2025-11-24,102,16,1262.0,515.3,28.6,256.5
3984,2024-09-02,105,13,944.5,458.6,16.2,274.4
3985,2023-05-15,32,1,28.9,137.0,1.0,207.0
3986,2025-03-17,19,19,0.0,292.9,0.0,560.9
3987,2025-01-20,24,13,0.0,52.9,0.0,120.2
3988,2025-07-07,42,14,766.0,590.3,6.2,659.9
3989,2025-08-04,118,21,0.0,869.1,0.0,522.9
3990,2024-09-30,56,5,109.8,1463.1,0.9,928.5
3991,2025-06-09,30,21,497.6,367.6,8.3,247.8
3992,2025-07-07,106,20,272.9,394.7,3.5,546.8
3993,2025-11-24,94,20,140.9,362.3,1.8,506.3
3994,2023-06-12,95,15,20.6,1109.1,0.2,1460.0
3995,2024-11-25,40,12,633.9,1553.8,4.1,1966.4
3996,2024-12-23,118,17,590.7,595.7,9.0,253.2
3997,2024-11-25,37,3,1141.0,423.3,11.9,512.7
3998,2023-10-30,58,7,922.5,907.6,3.7,1243.7
3999,2023-11-27,16,12,0.0,371.0,0.0,639.6
4000,2025-11-24,111,17,2808.6,1696.4,9.8,1890.2
4001,2024-05-13,83,5,847.6,480.5,5.6,897.4
4002,2025-08-04,58,20,5379.2,1604.8,17.7,1037.9
4003,2023-02-20,19,4,8.3,209.1,0.1,357.5
4004,2025-07-07,66,20,326.8,155.0,9.4,214.7
4005,2024-09-30,63,7,1471.6,1557.6,9.6,863.0
4006,2024-10-28,73,18,0.0,767.1,0.0,833.0
4007,2025-03-17,61,4,96.2,183.4,4.2,115.7
4008,2025-02-17,90,17,0.0,27.8,0.0,67.1
4009,2023-01-23,113,10,591.1,373.6,6.3,262.6
4010,2025-08-04,84,12,0.0,304.8,0.0,823.7
4011,2024-07-08,73,10,901.1,964.2,9.9,873.5
4012,2025-04-14,97,11,276.5,196.6,10.1,184.1
4013,2024-01-22,57,16,1649.1,622.9,22.7,292.8
4014,2025-05-12,55,10,807.6,1421.7,2.7,1740.2
4015,2023-06-12,39,10,1377.1,782.6,9.6,711.8
4016,2024-11-25,55,8,1100.4,1018.9,5.3,1181.6
4017,2024-04-15,112,15,313.0,392.9,4.0,308.9
4018,2025-12-22,37,3,1569.7,423.3,16.3,211.8
4019,2025-01-20,61,18,392.4,181.8,25.0,51.0
4020,2024-02-19,17,12,514.1,496.5,10.6,129.3
4021,2023-01-01,56,19,208.6,1707.1,1.1,2109.4
4022,2023-05-15,39,8,501.9,517.8,5.5,582.5
4023,2024-09-02,56,3,2958.4,1209.0,27.1,445.6
4024,2025-01-20,108,3,82.0,211.8,4.3,184.7
4025,2025-08-04,58,5,361.2,718.7,2.5,1142.3
4026,2023-07-10,83,5,0.0,480.5,0.0,1077.4
4027,2025-05-12,73,4,624.7,796.2,6.6,833.8
4028,2023-02-20,91,6,378.4,540.4,5.7,736.1
4029,2023-10-30,1,12,4430.2,1754.4,23.0,1889.3
4030,2025-05-12,104,8,110.2,225.9,4.8,171.7
4031,2025-03-17,13,7,155.4,352.4,3.8,418.3
4032,2024-09-02,80,3,418.7,207.2,9.1,365.5
4033,2024-07-08,57,16,60.1,622.9,0.8,719.3
4034,2024-10-28,4,4,189.9,346.1,2.4,777.8
4035,2024-12-23,3,5,409.7,388.2,6.2,372.9
4036,2023-04-17,2,16,3065.9,1349.1,20.3,792.7
4037,2023-02-20,80,3,112.4,207.2,2.4,412.5
4038,2023-06-12,64,5,305.7,349.7,4.1,279.1
4039,2024-11-25,69,2,255.3,341.4,2.9,749.3
4040,2023-10-30,88,15,28.6,266.1,0.4,496.9
4041,2025-07-07,93,15,0.0,148.8,0.0,349.3
4042,2024-01-22,94,2,91.2,421.7,1.1,499.6
4043,2023-09-04,108,13,306.5,134.0,17.1,70.0
4044,2025-03-17,69,11,701.1,482.7,8.2,574.3
4045,2025-11-24,87,14,642.5,1610.4,2.3,2481.2
4046,2025-02-17,103,10,227.8,222.8,5.4,326.9
4047,2024-03-18,77,19,228.8,455.8,5.9,162.5
4048,2025-07-07,36,8,623.3,334.2,21.6,128.2
4049,2023-10-30,104,10,303.5,353.2,9.4,275.6
4050,2025-03-17,53,20,0.0,813.5,0.0,1185.5
4051,2025-08-04,109,21,2058.5,641.1,15.8,321.7
4052,2025-10-27,56,1,1356.6,1470.0,5.5,855.0
4053,2023-11-27,61,16,104.4,145.5,6.7,107.3
4054,2024-09-02,95,11,1340.2,1530.3,6.5,1307.6
4055,2023-05-15,29,8,262.8,595.2,4.5,513.4
4056,2025-03-17,58,22,0.0,1225.6,0.0,2728.0
4057,2023-02-20,59,20,2798.7,896.5,9.6,1169.1
4058,2025-06-09,94,3,291.2,158.9,7.3,344.3
4059,2025-04-14,57,16,2255.2,622.9,31.1,430.5
4060,2025-07-07,26,4,847.7,567.2,8.4,260.0
4061,2023-03-20,93,6,0.0,309.3,0.0,1004.7
4062,2024-05-13,54,6,750.1,523.7,6.8,359.1
4063,2024-04-15,74,22,1613.5,1630.4,3.8,1039.8
4064,2024-07-08,29,17,0.0,491.1,0.0,1528.0
4065,2024-03-18,3,6,241.3,363.7,3.0,693.2
4066,2025-09-29,110,5,223.7,135.6,12.8,207.3
4067,2023-01-01,61,19,144.3,140.7,7.6,132.2
4068,2024-07-08,63,4,336.5,1340.9,2.1,1629.8
4069,2024-09-02,2,22,1528.4,2547.9,7.1,1625.5
4070,2025-10-27,53,20,2583.4,813.5,10.2,2144.9
4071,2024-08-05,10,3,384.3,197.3,12.3,117.1
4072,2023-06-12,17,11,574.8,411.7,13.0,279.3
4073,2023-10-30,111,21,2021.2,1672.3,6.8,1770.5
4074,2025-04-14,54,10,1925.5,557.4,11.2,771.5
4075,2023-07-10,76,3,103.6,62.2,19.1,53.6
4076,2025-12-22,76,9,248.2,109.4,28.1,25.1
4077,2025-11-24,10,8,0.0,284.0,0.0,498.2
4078,2025-06-09,19,5,53.2,159.0,1.6,110.7
4079,2023-01-01,70,8,287.2,355.5,8.1,213.6
4080,2024-07-08,8,19,1795.9,1069.6,8.9,1390.1
4081,2024-11-25,45,13,580.0,404.1,8.4,532.8
4082,2024-12-23,85,5,53.1,214.1,1.1,343.2
4083,2024-09-30,21,15,438.6,227.9,10.3,289.6
4084,2024-09-02,101,3,11.9,40.3,1.4,81.6
4085,2024-09-02,18,15,582.4,662.8,2.8,1233.2
4086,2025-10-27,17,7,36.3,463.3,0.9,638.6
4087,2024-11-25,32,5,0.0,58.9,0.0,239.9
4088,2023-10-02,105,4,0.0,988.5,0.0,1777.9
4089,2024-09-30,98,12,499.1,368.3,4.8,618.3
4090,2025-03-17,107,9,83.0,356.1,1.4,551.9
4091,2025-11-24,113,6,182.7,284.2,2.8,642.6
4092,2025-07-07,21,14,1149.2,421.2,13.8,391.6
4093,2023-05-15,24,12,343.1,174.5,10.0,175.7
4094,2025-08-04,69,2,0.0,341.4,0.0,1266.2
4095,2023-05-15,38,16,659.5,216.6,9.8,451.9
4096,2024-09-30,32,3,63.5,47.1,4.6,65.4
4097,2025-02-17,59,18,1219.7,1016.9,5.7,1245.3
4098,2023-02-20,87,21,1803.3,1095.0,6.5,1310.0
4099,2025-10-27,74,6,1152.2,857.7,4.0,2044.7
4100,2023-05-15,117,8,130.3,199.2,2.6,513.0
4101,2025-03-17,99,2,1232.3,851.3,8.0,1506.8
4102,2023-05-15,31,1,0.0,582.6,0.0,856.1
4103,2023-06-12,117,14,244.4,434.4,3.6,424.3
4104,2025-09-29,105,17,2182.7,907.8,20.2,912.4
4105,2024-06-10,31,9,489.7,597.6,3.7,750.3
4106,2024-03-18,30,3,0.0,137.1,0.0,427.1
4107,2024-10-28,56,18,1488.7,1360.0,8.8,2191.5
4108,2023-02-20,53,19,2850.7,889.9,12.8,525.2
4109,2023-12-25,74,21,0.0,1789.6,0.0,3158.8
4110,2023-05-15,116,20,2451.5,829.5,23.8,472.3
4111,2025-07-07,90,12,0.0,36.6,0.0,65.9
4112,2024-04-15,36,9,318.3,270.4,10.7,196.8
4113,2025-02-17,102,9,1164.3,564.5,23.2,310.8
4114,2025-11-24,7,17,443.9,125.9,17.4,64.8
4115,2024-07-08,29,18,92.0,410.7,1.6,750.4
4116,2023-10-30,49,5,352.2,445.2,3.2,411.2
4117,2025-06-09,72,2,970.6,1419.0,7.4,675.7
4118,2025-05-12,26,10,958.5,419.3,9.2,822.0
4119,2024-07-08,59,20,0.0,896.5,0.0,3465.4
4120,2025-01-20,75,11,910.2,732.1,6.3,1069.2
4121,2023-09-04,113,6,689.1,284.2,10.7,252.4
4122,2023-03-20,51,1,21.2,305.1,0.6,256.9
4123,2023-06-12,111,21,1601.4,1672.3,5.4,1130.1
4124,2025-05-12,15,10,1295.3,1178.6,7.9,1321.1
4125,2023-03-20,102,10,1483.5,505.5,23.8,484.6
4126,2025-04-14,115,10,0.0,1992.9,0.0,1800.7
4127,2025-08-04,17,21,322.0,440.3,6.9,400.5
4128,2025-09-29,68,18,1803.6,1111.6,9.9,783.9
4129,2023-04-17,12,5,685.2,554.1,4.6,562.5
4130,2024-05-13,30,3,0.0,137.1,0.0,335.1
4131,2025-08-04,2,9,1602.7,2010.4,9.5,1040.9
4132,2024-10-28,33,15,64.8,28.9,12.7,9.6
4133,2024-03-18,20,17,5325.2,2103.7,27.6,577.6
4134,2023-04-17,61,5,116.0,84.0,11.4,52.3
4135,2023-05-15,87,11,1202.4,971.1,4.3,1972.4
4136,2025-10-27,93,17,0.0,275.5,0.0,592.6
4137,2023-02-20,35,12,2466.2,2577.0,5.8,1954.9
4138,2025-09-01,101,9,159.8,48.6,11.2,74.7
4139,2023-05-15,25,18,169.9,133.2,5.6,181.2
4140,2025-09-01,54,17,1400.0,707.3,10.2,399.3
4141,2023-09-04,40,20,2165.0,1523.1,14.4,693.3
4142,2024-03-18,65,12,3314.3,1115.7,18.2,1036.0
4143,2023-11-27,59,1,0.0,1199.3,0.0,1958.4
4144,2023-01-01,23,17,2129.9,1172.0,11.2,2087.2
4145,2024-06-10,74,10,195.2,2326.5,0.5,3298.6
4146,2023-02-20,36,14,826.8,271.1,24.8,57.1
4147,2023-02-20,88,14,413.3,673.4,3.6,623.1
4148,2025-03-17,32,12,322.0,134.1,10.7,119.2
4149,2025-07-07,95,19,1859.9,1190.0,11.8,1251.9
4150,2024-04-15,67,4,0.0,650.5,0.0,1298.1
4151,2025-04-14,22,5,586.8,287.1,8.6,491.3
4152,2024-03-18,28,19,188.7,1650.5,1.1,3552.8
4153,2024-05-13,98,19,0.0,333.6,0.0,614.4
4154,2025-07-07,87,11,550.0,971.1,1.9,1532.6
4155,2025-03-17,24,13,37.7,52.9,2.5,107.0
4156,2023-01-23,118,15,637.7,433.3,16.5,113.4
4157,2025-09-01,44,22,221.9,613.7,2.4,356.2
4158,2025-10-27,112,12,0.0,592.0,0.0,1233.9
4159,2023-01-01,116,17,949.5,654.8,10.5,257.9
4160,2024-01-22,111,19,2452.4,1384.7,9.3,2200.4
4161,2025-06-09,103,1,219.5,201.6,5.4,159.7
4162,2025-05-12,21,5,112.3,191.8,2.9,212.8
4163,2023-01-01,113,15,708.3,215.0,15.4,153.7
4164,2024-12-23,99,2,2010.7,851.3,13.0,715.0
4165,2025-09-01,97,4,30.2,284.1,1.1,115.1
4166,2025-10-27,80,5,470.7,179.0,9.6,290.1
4167,2023-02-20,37,13,0.0,388.9,0.0,1306.2
4168,2024-11-25,15,8,0.0,1145.8,0.0,3308.9
4169,2025-02-17,24,3,48.4,58.6,3.0,115.0
4170,2024-08-05,94,3,354.9,158.9,8.9,185.4
4171,2025-06-09,72,5,0.0,533.9,0.0,530.3
4172,2024-09-30,11,14,4215.0,1725.9,13.8,1006.2
4173,2025-02-17,84,7,832.4,355.2,13.9,604.8
4174,2024-12-23,112,13,338.8,363.7,5.3,772.1
4175,2024-11-25,105,20,1487.0,953.2,11.2,868.0
4176,2025-05-12,44,13,288.7,355.5,6.9,392.1
4177,2025-02-17,3,6,105.8,363.7,1.3,293.1
4178,2024-12-23,16,11,0.0,388.3,0.0,908.2
4179,2025-02-17,63,19,1056.4,875.5,7.7,886.5
4180,2024-07-08,110,7,49.1,206.1,1.8,178.2
4181,2023-11-27,110,6,527.0,224.4,25.6,216.7
4182,2024-05-13,16,13,621.1,213.0,16.8,114.3
4183,2024-07-08,31,9,556.7,597.6,4.2,686.9
4184,2024-08-05,5,14,1479.2,635.6,9.8,804.6
4185,2024-01-22,48,17,2654.0,1622.8,9.6,824.7
4186,2025-04-14,2,7,1552.9,2044.2,7.5,1097.2
4187,2025-05-12,37,4,1696.7,1042.2,9.8,929.7
4188,2024-06-10,63,19,0.0,875.5,0.0,1199.7
4189,2024-12-23,91,11,527.8,780.6,6.2,596.5
4190,2023-04-17,22,22,0.0,754.9,0.0,1051.8
4191,2024-12-23,3,19,0.0,474.2,0.0,999.7
4192,2024-05-13,5,7,1250.2,662.3,9.3,923.0
4193,2024-09-02,27,14,809.1,593.7,7.9,266.7
4194,2023-10-30,46,14,228.4,276.7,9.9,189.4
4195,2024-09-30,53,14,3122.7,1347.8,11.7,1092.5
4196,2023-10-30,63,2,1883.6,1144.2,11.0,2661.1
4197,2023-03-20,11,14,2083.8,1725.9,6.8,2145.1
4198,2024-11-25,116,17,0.0,654.8,0.0,1481.5
4199,2025-12-22,66,12,0.0,162.4,0.0,222.4
4200,2025-12-22,48,5,1594.2,879.0,9.5,887.1
4201,2023-01-01,37,10,429.7,853.1,2.4,1541.5
4202,2025-05-12,13,8,0.0,295.2,0.0,416.0
4203,2024-11-25,25,18,0.0,133.2,0.0,212.7
4204,2025-09-01,108,17,338.0,306.5,9.6,183.9
4205,2025-10-27,38,7,32.5,306.2,0.4,445.8
4206,2023-11-27,63,1,241.8,1056.9,1.5,1682.2
4207,2025-06-09,9,15,0.0,144.0,0.0,334.6
4208,2023-11-27,72,15,720.8,640.8,10.6,422.1
4209,2023-06-12,12,5,2208.0,554.1,14.8,410.9
4210,2025-09-01,78,15,524.8,498.7,5.8,717.2
4211,2023-12-25,32,19,0.0,89.0,0.0,209.0
4212,2025-12-22,115,10,0.0,1992.9,0.0,1183.6
4213,2024-08-05,48,22,2558.9,1773.3,7.7,3468.5
4214,2023-12-25,6,11,0.0,608.4,0.0,2921.8
4215,2024-10-28,61,16,236.9,145.5,15.2,99.4
4216,2023-07-10,67,10,132.6,486.0,1.1,1134.2
4217,2024-12-23,102,3,381.4,355.5,13.1,212.2
4218,2023-12-25,13,8,900.5,295.2,23.8,345.1
4219,2025-03-17,41,13,102.6,157.4,3.9,161.3
4220,2024-02-19,71,2,543.5,797.9,7.6,214.2
4221,2023-10-02,111,19,519.2,1384.7,2.0,2836.4
4222,2023-10-02,52,19,145.4,139.9,3.6,151.9
4223,2025-12-22,3,13,0.0,366.6,0.0,684.3
4224,2024-03-18,117,16,312.1,313.3,6.0,190.2
4225,2024-09-02,103,10,209.7,222.8,5.0,311.0
4226,2025-10-27,106,10,199.3,383.7,2.6,515.6
4227,2025-09-29,73,16,0.0,651.9,0.0,553.2
4228,2024-10-28,23,17,2417.8,1172.0,12.7,719.9
4229,2024-11-25,119,9,456.6,205.1,10.7,164.6
4230,2024-03-18,56,1,0.0,1470.0,0.0,2782.3
4231,2023-10-30,74,7,0.0,1658.6,0.0,3700.0
4232,2024-07-08,35,1,79.4,1465.1,0.2,2003.1
4233,2024-02-19,57,2,1517.6,1113.8,12.3,317.5
4234,2025-09-29,18,19,2383.5,994.5,7.7,816.9
4235,2025-06-09,65,11,0.0,1060.4,0.0,1788.7
4236,2023-11-27,93,9,568.6,384.0,8.4,731.3
4237,2024-09-30,89,19,1421.2,690.0,10.5,462.1
4238,2023-01-01,72,15,425.4,640.8,6.2,496.6
4239,2023-09-04,90,17,44.6,27.8,8.8,24.7
4240,2025-10-27,38,18,234.2,228.1,3.1,723.8
4241,2023-11-27,47,18,1594.1,1163.9,7.6,1702.8
4242,2024-02-19,75,13,495.8,372.2,6.5,489.9
4243,2023-07-10,118,21,385.2,869.1,5.4,463.8
4244,2023-06-12,76,13,54.3,56.1,10.5,69.2
4245,2025-11-24,95,11,767.7,1530.3,3.8,1397.8
4246,2024-01-22,71,16,1094.6,373.4,23.2,520.2
4247,2025-09-29,91,9,811.7,527.9,10.2,210.8
4248,2023-08-07,120,19,951.8,256.9,12.7,233.3
4249,2024-12-23,72,14,1306.2,1042.0,8.8,1612.9
4250,2024-09-02,114,17,23.1,244.1,0.3,630.1
4251,2023-11-27,116,15,188.3,533.8,3.4,738.8
4252,2024-07-08,43,22,0.0,302.8,0.0,942.1
4253,2025-09-01,76,16,181.1,86.2,25.1,39.0
4254,2025-06-09,54,13,460.1,325.4,5.6,440.0
4255,2024-08-05,9,13,153.5,183.0,3.5,456.7
4256,2025-09-29,67,1,746.6,619.4,6.4,243.2
4257,2025-05-12,106,8,596.0,322.5,10.3,244.1
4258,2025-12-22,119,21,3.0,224.9,0.1,369.6
4259,2023-10-30,88,17,925.6,384.0,8.6,699.5
4260,2023-11-27,27,14,948.8,593.7,9.2,758.1
4261,2024-12-23,3,18,620.3,503.4,7.2,746.0
4262,2023-07-10,41,20,685.3,199.2,11.9,325.5
4263,2023-11-27,37,16,461.5,526.6,3.7,1651.5
4264,2024-08-05,35,19,1701.6,1516.6,4.9,1309.8
4265,2025-01-20,6,22,1739.4,1069.3,7.6,1185.0
4266,2023-06-12,63,4,1522.7,1340.9,9.3,985.7
4267,2025-12-22,3,5,704.7,388.2,10.8,253.6
4268,2025-02-17,41,15,195.3,127.5,6.7,193.4
4269,2024-05-13,21,5,85.8,191.8,2.2,229.5
4270,2025-12-22,44,1,308.8,777.2,3.8,837.5
4271,2023-03-20,81,22,0.0,723.9,0.0,1583.2
4272,2025-11-24,52,7,0.0,241.7,0.0,517.9
4273,2025-08-04,87,12,1802.0,1280.6,6.1,1323.3
4274,2024-06-10,98,13,201.2,216.2,4.3,278.5
4275,2025-05-12,39,3,0.0,214.7,0.0,1703.4
4276,2024-07-08,40,12,3264.2,1553.8,21.3,837.4
4277,2023-11-27,58,7,1235.2,907.6,4.9,1534.6
4278,2024-02-19,95,11,0.0,1530.3,0.0,1199.4
4279,2023-01-01,49,16,2691.5,574.6,18.6,683.2
4280,2023-12-25,19,8,0.0,148.6,0.0,625.1
4281,2025-03-17,17,15,253.5,276.1,10.1,69.6
4282,2023-06-12,27,14,0.0,593.7,0.0,1881.6
4283,2023-05-15,87,12,2730.1,1280.6,9.2,1241.1
4284,2023-07-10,72,9,3261.0,945.9,29.6,597.4
4285,2024-09-30,10,3,148.7,197.3,4.7,181.2
4286,2025-04-14,3,15,280.3,321.4,4.5,200.4
4287,2023-12-25,33,21,78.1,44.9,8.8,32.4
4288,2025-08-04,38,18,772.2,228.1,10.1,306.6
4289,2024-05-13,86,15,698.2,319.2,6.9,351.9
4290,2023-10-30,66,6,197.3,80.9,8.8,125.0
4291,2024-07-08,70,8,290.6,355.5,8.2,246.5
4292,2024-08-05,42,14,770.5,590.3,6.2,814.5
4293,2025-04-14,15,19,434.7,1489.0,3.7,671.2
4294,2025-03-17,64,16,949.7,632.1,8.9,664.5
4295,2023-03-20,92,11,1003.0,1000.0,5.7,544.9
4296,2024-04-15,87,12,0.0,1280.6,0.0,7144.1
4297,2023-02-20,47,20,1212.0,1025.6,4.5,673.4
4298,2025-01-20,62,2,873.5,684.2,5.6,1059.2
4299,2025-11-24,71,6,433.7,580.0,9.1,351.9
4300,2023-12-25,4,7,182.6,259.3,2.4,343.2
4301,2025-08-04,33,21,88.3,44.9,10.0,43.0
4302,2023-04-17,46,7,0.0,169.1,0.0,213.1
4303,2025-09-01,30,19,482.0,187.4,10.4,401.0
4304,2025-02-17,53,9,1009.1,1160.7,4.8,1002.2
4305,2025-03-17,33,10,0.0,34.2,0.0,91.1
4306,2023-06-12,37,22,1815.4,981.1,9.0,933.5
4307,2023-10-02,120,21,107.4,339.5,1.2,814.0
4308,2024-05-13,7,17,205.5,125.9,8.1,100.9
4309,2025-05-12,54,4,1780.1,624.3,11.5,945.2
4310,2024-03-18,15,1,3273.3,1624.2,20.6,1310.8
4311,2024-01-22,74,2,84.0,1363.0,0.2,2206.9
4312,2023-08-07,102,8,1541.8,473.0,33.6,342.6
4313,2023-02-20,71,22,383.1,490.0,5.2,261.6
4314,2023-06-12,96,9,871.4,561.7,7.4,798.0
4315,2025-12-22,25,13,0.0,87.9,0.0,200.1
4316,2023-11-27,113,15,619.0,215.0,13.5,252.4
4317,2025-03-17,63,7,1540.6,1557.6,10.1,528.9
4318,2024-10-28,60,1,579.4,503.4,6.0,504.2
4319,2025-03-17,15,10,2994.6,1178.6,18.3,1073.2
4320,2023-12-25,98,6,0.0,282.2,0.0,456.7
4321,2023-10-30,81,16,268.5,521.6,2.4,529.8
4322,2024-06-10,64,14,0.0,631.4,0.0,1174.2
4323,2025-01-20,104,8,109.1,225.9,4.8,116.2
4324,2023-02-20,26,4,1316.9,567.2,13.1,176.2
4325,2023-08-07,58,22,63.8,1225.6,0.2,2320.9
4326,2025-02-17,2,16,1829.4,1349.1,12.1,524.8
4327,2025-05-12,15,18,759.7,931.0,6.0,686.0
4328,2025-01-20,50,10,1672.2,864.1,6.9,1358.9
4329,2023-11-27,28,19,4278.3,1650.5,25.8,676.2
4330,2024-06-10,120,22,518.7,460.1,5.5,778.8
4331,2024-05-13,10,3,300.9,197.3,9.6,169.1
4332,2024-01-22,31,8,769.4,533.9,7.6,607.6
4333,2025-10-27,84,17,39.8,238.8,0.6,734.9
4334,2023-10-30,2,18,556.8,1219.4,3.6,1138.8
4335,2024-10-28,107,15,232.1,228.6,5.8,275.6
4336,2023-07-10,97,4,79.3,284.1,2.8,149.5
4337,2024-02-19,26,18,72.5,298.4,0.9,556.7
4338,2023-01-23,23,5,1358.5,555.2,10.6,440.7
4339,2025-04-14,76,7,0.0,79.9,0.0,92.5
4340,2024-03-18,116,14,1221.8,858.2,11.4,404.3
4341,2023-07-10,1,12,1019.0,1754.4,5.3,1479.2
4342,2025-05-12,81,5,997.9,454.2,11.5,289.7
4343,2023-07-10,29,5,610.5,475.8,14.5,298.0
4344,2024-06-10,65,12,2679.7,1115.7,14.7,871.9
4345,2024-09-02,51,13,80.7,227.6,4.1,107.8
4346,2025-01-20,82,3,276.5,177.7,6.8,282.8
4347,2023-10-30,66,3,144.2,58.9,9.1,39.3
4348,2025-05-12,17,15,195.0,276.1,7.8,151.2
4349,2023-08-07,111,7,187.4,1032.1,0.7,1429.3
4350,2024-06-10,7,6,0.0,76.4,0.0,432.2
4351,2024-10-28,26,4,1110.0,567.2,11.0,542.3
4352,2024-12-23,5,11,1475.0,692.2,9.9,1062.5
4353,2024-07-08,47,18,480.9,1163.9,2.3,2226.7
4354,2024-06-10,8,8,1639.3,1123.0,9.4,683.4
4355,2023-04-17,43,12,303.7,359.1,3.6,609.0
4356,2024-01-22,89,1,1348.0,772.4,8.1,601.5
4357,2024-07-08,103,10,0.0,222.8,0.0,520.3
4358,2023-01-01,102,3,154.0,355.5,5.3,273.5
4359,2024-12-23,85,1,634.1,311.7,6.8,987.4
4360,2024-09-02,44,13,226.9,355.5,5.4,421.9
4361,2025-01-20,71,6,651.7,580.0,13.7,639.8
4362,2023-10-30,48,21,0.0,1867.9,0.0,2248.7
4363,2023-08-07,21,14,982.5,421.2,11.8,279.0
4364,2023-10-02,116,13,929.3,322.9,17.6,596.6
4365,2024-06-10,119,12,0.0,260.6,0.0,422.1
4366,2024-08-05,54,2,478.1,565.7,3.0,766.8
4367,2025-10-27,3,4,746.1,401.0,5.9,652.5
4368,2025-02-17,93,14,122.4,303.1,1.5,424.5
4369,2023-01-23,78,16,179.0,485.5,1.4,782.2
4370,2025-07-07,23,22,3192.8,1490.3,14.0,1629.2
4371,2025-03-17,63,2,0.0,1144.2,0.0,1509.1
4372,2023-12-25,18,15,0.0,662.8,0.0,3103.5
4373,2023-04-17,39,12,750.2,773.3,5.8,651.5
4374,2025-12-22,1,21,3379.2,1709.9,19.9,837.5
4375,2023-09-04,88,15,530.0,266.1,8.1,444.3
4376,2025-09-29,33,11,0.0,41.0,0.0,81.2
4377,2025-02-17,100,11,230.2,68.2,10.4,82.3
4378,2024-11-25,59,18,595.9,1016.9,2.8,1565.6
4379,2024-03-18,109,17,71.3,573.9,0.6,1097.3
4380,2025-09-29,73,17,1798.3,586.1,21.6,549.0
4381,2024-09-30,6,2,1237.9,643.6,6.6,504.6
4382,2025-03-17,8,20,1731.4,877.3,7.0,2911.9
4383,2024-03-18,68,8,1133.2,751.4,6.1,1487.4
4384,2024-12-23,10,6,173.5,272.0,3.8,105.8
4385,2024-08-05,67,4,0.0,650.5,0.0,1205.0
4386,2023-01-01,99,9,1355.1,583.3,10.2,466.6
4387,2024-06-10,107,22,386.1,360.1,4.6,604.2
4388,2025-11-24,61,22,250.3,234.9,10.8,195.5
4389,2024-11-25,84,10,385.6,438.0,5.6,424.7
4390,2025-12-22,100,4,24.9,87.1,1.2,129.7
4391,2025-05-12,52,15,44.8,137.3,1.7,122.9
4392,2024-10-28,113,10,541.7,373.6,5.8,372.1
4393,2024-12-23,82,9,707.1,289.0,9.9,749.4
4394,2024-04-15,87,3,1515.9,669.2,11.1,524.4
4395,2025-10-27,65,12,3664.2,1115.7,20.1,1185.4
4396,2023-01-01,29,19,874.2,733.4,12.3,226.6
4397,2024-07-08,118,21,838.6,869.1,11.7,508.1
4398,2023-10-02,54,10,0.0,557.4,0.0,1761.7
4399,2025-06-09,88,22,171.7,541.5,1.4,534.7
4400,2025-05-12,61,7,251.4,135.8,13.3,219.7
4401,2023-01-01,104,8,280.4,225.9,12.3,113.4
4402,2025-11-24,72,15,0.0,640.8,0.0,734.7
4403,2025-09-01,110,7,0.0,206.1,0.0,161.7
4404,2023-10-30,54,17,635.6,707.3,4.6,884.2
4405,2025-06-09,10,12,101.6,330.8,1.5,779.6
4406,2024-08-05,6,19,1618.4,707.7,10.5,472.4
4407,2023-02-20,27,19,1068.3,436.0,13.5,314.9
4408,2024-05-13,73,4,383.9,796.2,4.1,382.9
4409,2025-08-04,10,18,61.6,263.1,1.2,270.9
4410,2025-05-12,107,21,361.9,411.7,5.1,387.3
4411,2025-08-04,99,21,1281.6,780.9,9.6,1049.7
4412,2024-09-30,81,5,712.9,454.2,8.2,556.8
4413,2023-10-02,75,8,153.9,394.7,1.3,1245.5
4414,2025-04-14,33,13,0.0,18.6,0.0,40.0
4415,2023-05-15,107,9,737.8,356.1,12.2,315.9
4416,2024-06-10,31,15,0.0,242.5,0.0,465.1
4417,2024-09-30,102,10,67.9,505.5,1.1,363.4
4418,2024-09-02,22,9,732.2,632.9,6.7,1089.4
4419,2023-05-15,55,8,2044.7,1018.9,9.8,1030.0
4420,2025-06-09,41,8,0.0,139.2,0.0,552.7
4421,2025-05-12,115,14,1585.0,1435.7,8.3,1536.7
4422,2023-02-20,108,13,82.1,134.0,4.6,77.1
4423,2025-04-14,94,3,0.0,158.9,0.0,847.9
4424,2023-10-02,38,13,0.0,152.1,0.0,340.2
4425,2024-09-02,30,13,213.9,154.4,7.5,130.7
4426,2023-10-30,98,14,325.0,353.3,3.5,654.1
4427,2024-06-10,38,9,53.2,352.5,0.6,620.9
4428,2025-04-14,24,1,5.3,153.0,0.2,242.7
4429,2024-10-28,37,17,1249.0,941.6,7.4,727.7
4430,2023-11-27,41,16,0.0,193.7,0.0,458.7
4431,2025-06-09,27,14,901.3,593.7,8.8,552.3
4432,2024-10-28,108,3,292.1,211.8,15.4,203.1
4433,2024-12-23,93,2,0.0,522.4,0.0,1454.9
4434,2023-06-12,24,17,82.7,91.8,2.7,194.5
4435,2024-06-10,72,10,3452.7,1523.0,24.8,588.4
4436,2023-07-10,38,13,279.4,152.1,5.7,417.2
4437,2023-10-30,87,21,0.0,1095.0,0.0,2048.7
4438,2023-07-10,55,21,917.9,1049.0,3.4,1178.0
4439,2025-08-04,116,15,569.4,533.8,10.4,272.9
4440,2024-02-19,81,12,527.6,817.2,2.9,1085.7
4441,2025-08-04,15,17,714.4,1219.8,4.7,418.6
4442,2025-05-12,117,22,68.5,359.7,0.9,512.9
4443,2025-08-04,103,1,102.1,201.6,2.5,184.3
4444,2025-06-09,107,6,446.6,194.7,8.7,289.5
4445,2023-08-07,75,10,1001.2,496.1,6.6,1072.1
4446,2023-09-04,76,12,289.0,97.3,27.1,79.0
4447,2023-02-20,3,18,883.8,503.4,10.2,385.5
4448,2023-06-12,103,10,30.0,222.8,0.7,490.6
4449,2023-02-20,53,3,1640.2,601.7,12.6,264.8
4450,2025-09-01,48,8,1898.6,1240.6,7.9,2086.6
4451,2023-08-07,33,1,15.1,32.1,1.6,74.7
4452,2023-07-10,98,9,867.2,305.0,11.1,287.5
4453,2023-03-20,45,3,923.7,225.7,12.1,325.5
4454,2023-08-07,31,4,541.9,459.4,3.9,499.1
4455,2025-10-27,64,11,586.6,755.5,3.8,953.4
4456,2023-04-17,93,9,888.3,384.0,13.1,354.3
4457,2025-09-01,102,6,419.2,505.6,10.0,495.3
4458,2025-07-07,93,9,782.7,384.0,11.5,414.7
4459,2025-12-22,73,11,2142.8,949.4,25.0,493.5
4460,2024-01-22,3,5,729.3,388.2,11.1,229.0
4461,2024-07-08,66,20,0.0,155.0,0.0,447.4
4462,2024-06-10,106,7,53.6,319.4,0.9,275.3
4463,2023-12-25,35,16,2202.6,1269.1,8.1,1027.5
4464,2024-08-05,50,20,1818.6,1395.6,7.4,882.9
4465,2024-01-22,30,17,508.0,245.2,10.1,260.1
4466,2025-07-07,42,4,1192.4,709.3,8.7,726.2
4467,2024-12-23,17,19,80.6,339.3,2.2,512.4
4468,2025-08-04,18,15,375.2,662.8,1.8,1078.6
4469,2023-01-23,8,9,498.5,1215.1,2.3,1249.6
4470,2025-02-17,18,19,1201.4,994.5,3.9,1365.1
4471,2023-11-27,4,22,606.8,438.1,7.1,618.5
4472,2023-07-10,4,3,139.9,207.6,3.6,236.6
4473,2024-09-02,32,5,9.2,58.9,0.6,77.5
4474,2023-12-25,101,6,0.0,53.1,0.0,106.2
4475,2023-11-27,67,6,1080.5,460.8,12.1,368.6
4476,2024-10-28,95,20,1958.8,1835.3,9.0,666.8
4477,2024-03-18,113,10,493.2,373.6,5.2,232.3
4478,2023-01-01,29,7,798.4,727.9,10.8,375.3
4479,2024-09-30,31,15,599.4,242.5,8.1,311.2
4480,2025-05-12,38,8,581.1,362.2,7.8,377.4
4481,2023-01-23,2,8,1890.0,976.7,10.8,643.8
4482,2025-06-09,71,13,1024.0,310.5,30.5,209.5
4483,2025-04-14,104,13,165.9,141.2,10.4,179.1
4484,2023-02-20,44,22,1035.4,613.7,11.3,653.9
4485,2025-09-01,45,21,1203.4,674.0,8.4,624.7
4486,2024-12-23,42,9,101.8,629.4,1.0,874.0
4487,2025-11-24,113,15,0.0,215.0,0.0,319.7
4488,2025-11-24,12,14,1698.3,1407.4,6.4,1532.3
4489,2025-01-20,74,4,1571.9,1932.6,3.9,2574.1
4490,2024-01-22,120,3,394.1,199.1,8.6,254.9
4491,2025-05-12,97,14,302.2,182.5,10.9,165.8
4492,2025-05-12,87,22,1139.9,941.8,3.7,1912.9
4493,2023-12-25,2,9,2202.0,2010.4,13.1,1084.3
4494,2024-02-19,9,14,1121.2,411.4,13.4,576.8
4495,2025-01-20,43,10,1185.5,340.5,14.9,321.7
4496,2025-09-01,21,15,309.9,227.9,7.3,213.6
4497,2025-01-20,119,12,0.0,260.6,0.0,591.3
4498,2025-03-17,44,2,0.0,707.7,0.0,940.3
4499,2025-09-29,33,20,0.0,48.2,0.0,51.8
4500,2025-04-14,99,21,606.8,780.9,4.5,612.6
4501,2025-09-29,2,18,1792.1,1219.4,11.5,666.8
4502,2023-10-30,86,20,0.0,1014.6,0.0,2770.9
4503,2025-09-29,63,4,1056.8,1340.9,6.5,642.2
4504,2023-10-30,67,22,569.7,827.1,4.3,795.0
4505,2024-06-10,118,1,1407.1,799.9,18.5,785.9
4506,2025-08-04,17,12,505.4,496.5,10.4,360.2
4507,2023-03-20,30,6,94.9,155.6,2.4,194.9
4508,2024-08-05,120,21,877.7,339.5,9.9,617.7
4509,2024-12-23,90,11,11.9,35.8,2.1,51.7
4510,2024-10-28,49,11,0.0,714.9,0.0,1542.8
4511,2025-05-12,29,15,38.2,510.7,0.9,333.3
4512,2023-08-07,105,17,1056.9,907.8,9.8,833.1
4513,2025-10-27,32,5,120.3,58.9,7.9,95.7
4514,2023-06-12,74,7,2967.8,1658.6,8.2,2367.7
4515,2025-06-09,74,7,1785.0,1658.6,4.9,1458.8
4516,2024-01-22,26,18,863.2,298.4,11.1,141.4
4517,2023-07-10,118,6,829.8,550.0,15.8,286.3
4518,2023-09-04,40,6,2369.4,951.5,24.1,208.8
4519,2025-12-22,84,11,230.8,394.2,3.6,431.6
4520,2025-06-09,89,18,680.7,392.0,5.6,316.3
4521,2025-08-04,57,7,977.2,1060.7,10.6,622.1
4522,2024-02-19,76,6,104.0,89.5,13.0,131.3
4523,2024-02-19,120,21,761.4,339.5,8.6,598.0
4524,2025-12-22,62,9,1405.0,547.8,10.7,507.0
4525,2023-10-30,80,5,598.7,179.0,12.2,247.7
4526,2023-09-04,87,19,1236.1,1145.1,5.1,1379.0
4527,2023-07-10,105,17,925.2,907.8,8.6,622.3
4528,2023-01-23,52,19,274.1,139.9,6.8,150.3
4529,2025-06-09,99,19,647.7,648.5,5.4,747.5
4530,2025-06-09,6,11,0.0,608.4,0.0,917.4
4531,2024-09-02,15,18,1162.6,931.0,9.2,485.8
4532,2024-03-18,21,7,328.2,356.7,4.8,414.9
4533,2023-03-20,9,1,900.9,314.2,9.5,358.6
4534,2025-07-07,28,13,888.5,699.4,8.0,1083.1
4535,2024-10-28,102,17,0.0,692.9,0.0,648.1
4536,2025-09-01,32,2,225.7,114.9,7.7,108.8
4537,2024-10-28,34,19,819.8,260.5,13.8,173.5
4538,2024-11-25,106,16,0.0,204.2,0.0,562.1
4539,2025-09-01,80,6,0.0,333.1,0.0,457.9
4540,2023-01-01,46,12,294.2,217.0,10.7,95.9
4541,2023-03-20,14,1,524.3,208.3,19.4,183.8
4542,2023-08-07,118,15,978.4,433.3,25.3,145.2
4543,2023-03-20,94,20,958.5,362.3,12.1,494.4
4544,2025-09-01,75,8,1364.5,394.7,11.9,331.1
4545,2024-12-23,24,11,0.0,143.6,0.0,200.9
4546,2024-09-02,93,14,262.2,303.1,3.3,612.7
4547,2025-12-22,111,3,1522.5,899.1,10.0,572.6
4548,2023-08-07,44,22,712.6,613.7,7.8,771.8
4549,2025-12-22,105,20,1136.8,953.2,8.6,768.9
4550,2025-12-22,2,14,939.0,1629.8,4.4,4088.4
4551,2024-08-05,23,2,3167.9,855.4,13.5,941.0
4552,2025-06-09,69,14,0.0,421.4,0.0,545.0
4553,2024-09-02,71,15,437.3,306.2,13.4,177.8
4554,2025-09-01,21,5,0.0,191.8,0.0,239.0
4555,2024-03-18,88,16,87.9,500.6,1.1,461.1
4556,2025-08-04,79,1,2426.1,1101.9,18.1,855.0
4557,2025-12-22,1,14,895.5,1472.3,5.0,1693.8
4558,2025-08-04,119,9,162.2,205.1,3.8,522.3
4559,2025-02-17,48,5,3142.8,879.0,18.6,531.0
4560,2025-05-12,22,5,804.0,287.1,11.8,189.9
4561,2023-01-01,20,15,873.2,824.7,7.9,997.6
4562,2023-05-15,82,4,560.0,332.9,6.1,552.3
4563,2023-05-15,74,9,3246.2,1692.3,10.2,1885.4
4564,2025-05-12,81,13,94.3,329.8,1.1,578.1
4565,2025-03-17,119,15,158.7,113.0,5.8,197.8
4566,2024-02-19,88,22,1211.5,541.5,9.6,842.4
4567,2023-01-01,19,8,812.5,148.6,17.2,154.9
4568,2024-02-19,9,13,85.4,183.0,2.0,244.0
4569,2023-12-25,97,2,103.9,302.8,3.5,273.6
4570,2024-05-13,100,11,0.0,68.2,0.0,302.5
4571,2023-03-20,15,1,2761.1,1624.2,17.3,1053.4
4572,2025-05-12,1,3,848.7,651.0,9.2,544.5
4573,2024-11-25,94,3,418.7,158.9,10.4,252.1
4574,2023-03-20,117,16,285.1,313.3,5.4,387.8
4575,2023-05-15,76,12,107.9,97.3,10.1,64.8
4576,2024-10-28,82,6,599.9,276.4,10.3,278.8
4577,2023-01-01,120,12,449.3,349.9,4.7,886.9
4578,2023-06-12,4,22,595.3,438.1,7.0,538.4
4579,2024-11-25,88,15,0.0,266.1,0.0,1199.3
4580,2023-07-10,84,14,985.0,400.2,15.8,343.9
4581,2024-10-28,39,12,245.7,773.3,1.9,622.2
4582,2024-09-30,55,19,2835.1,1101.4,11.5,1204.5
4583,2025-02-17,104,18,341.5,207.5,13.7,50.4
4584,2025-06-09,38,12,909.8,406.0,8.6,481.1
4585,2025-11-24,104,18,684.3,207.5,27.5,111.9
4586,2025-12-22,51,14,0.0,302.3,0.0,332.4
4587,2025-09-01,58,21,2778.3,1007.7,9.6,1931.4
4588,2024-09-30,31,1,1083.8,582.6,8.2,580.3
4589,2023-04-17,101,6,68.4,53.1,5.5,68.7
4590,2024-07-08,1,12,3060.8,1754.4,15.9,2026.5
4591,2023-02-20,29,9,264.1,636.4,3.9,432.1
4592,2024-10-28,34,12,108.6,298.3,1.5,414.3
4593,2023-10-02,10,10,0.0,247.5,0.0,1113.1
4594,2025-01-20,22,21,1471.0,484.3,11.5,692.3
4595,2023-04-17,35,1,0.0,1465.1,0.0,2215.3
4596,2023-01-01,13,20,489.2,389.2,10.5,204.3
4597,2023-06-12,30,9,298.3,181.7,5.8,263.7
4598,2024-10-28,52,10,0.0,151.9,0.0,665.8
4599,2023-12-25,74,6,277.6,857.7,1.0,2919.3
4600,2024-12-23,11,14,3239.3,1725.9,10.6,2357.1
4601,2025-09-01,18,3,496.4,698.6,2.7,980.0
4602,2024-02-19,86,20,881.6,1014.6,4.4,887.6
4603,2023-10-02,111,13,772.3,557.6,4.8,568.9
4604,2025-06-09,86,15,28.5,319.2,0.3,345.3
4605,2025-06-09,39,3,759.9,214.7,10.8,388.1
4606,2025-10-27,31,16,1147.1,540.3,11.9,427.3
4607,2025-12-22,63,1,1363.4,1056.9,8.4,1230.0
4608,2023-03-20,63,19,3696.2,875.5,26.9,1295.4
4609,2024-03-18,74,22,3040.7,1630.4,7.1,2573.2
4610,2023-05-15,114,13,288.0,135.0,7.4,189.0
4611,2023-12-25,41,15,223.5,127.5,7.7,140.2
4612,2025-11-24,29,19,1120.8,733.4,15.8,351.9
4613,2025-12-22,52,9,242.3,208.0,6.6,366.9
4614,2023-10-02,22,20,209.1,538.9,1.6,1662.6
4615,2023-08-07,82,6,384.0,276.4,6.6,429.9
4616,2023-02-20,99,12,1228.0,590.7,7.9,726.3
4617,2025-02-17,113,15,102.9,215.0,2.2,125.7
4618,2025-10-27,56,5,2074.8,1463.1,17.0,554.4
4619,2024-09-02,103,4,181.1,247.2,4.3,318.4
4620,2025-08-04,99,2,1269.5,851.3,8.2,562.8
4621,2024-04-15,33,4,60.8,45.7,7.0,30.7
4622,2025-04-14,94,11,310.8,278.3,4.1,460.5
4623,2023-08-07,75,19,442.7,501.0,3.5,1060.9
4624,2023-07-10,87,8,0.0,975.6,0.0,1264.7
4625,2023-11-27,90,17,13.8,27.8,2.7,24.9
4626,2025-02-17,69,11,722.3,482.7,8.4,599.7
4627,2023-05-15,104,18,232.0,207.5,9.3,218.6
4628,2025-10-27,100,2,111.3,120.3,4.9,152.4
4629,2023-10-30,29,18,842.5,410.7,14.4,258.5
4630,2025-06-09,32,1,0.0,137.0,0.0,209.3
4631,2025-05-12,61,4,152.3,183.4,6.7,155.5
4632,2025-02-17,42,4,1041.8,709.3,7.6,919.1
4633,2023-10-02,116,20,0.0,829.5,0.0,839.8
4634,2023-07-10,45,15,937.7,400.3,11.7,399.8
4635,2025-01-20,12,16,1880.3,1131.1,9.8,743.8
4636,2025-03-17,98,12,245.4,368.3,2.4,1151.7
4637,2023-04-17,105,2,325.4,1354.8,2.5,550.6
4638,2025-04-14,99,12,0.0,590.7,0.0,1246.6
4639,2025-07-07,54,16,398.1,350.3,3.7,795.9
4640,2023-07-10,15,1,2695.5,1624.2,16.9,1538.7
4641,2023-11-27,94,2,367.7,421.7,4.4,403.6
4642,2024-05-13,21,14,999.5,421.2,12.0,262.0
4643,2025-01-20,86,22,1275.2,631.2,6.1,727.4
4644,2024-11-25,111,10,2023.7,1092.1,6.2,2242.3
4645,2024-06-10,9,14,885.2,411.4,10.6,765.9
4646,2023-12-25,30,8,302.4,257.1,6.8,279.7
4647,2024-02-19,46,7,0.0,169.1,0.0,130.0
4648,2023-02-20,6,11,731.8,608.4,3.7,712.4
4649,2023-05-15,73,17,1131.8,586.1,13.6,473.6
4650,2025-11-24,42,9,1400.3,629.4,13.2,523.6
4651,2025-03-17,25,13,31.2,87.9,1.6,143.6
4652,2023-02-20,86,7,730.9,706.6,4.6,535.1
4653,2023-02-20,116,3,618.8,463.0,10.9,147.1
4654,2023-12-25,111,19,4758.2,1384.7,18.0,1153.6
4655,2023-02-20,63,19,757.1,875.5,5.5,475.7
4656,2025-03-17,16,20,831.2,438.7,9.4,194.6
4657,2025-08-04,74,3,1199.2,1072.7,6.0,1008.6
4658,2024-06-10,41,13,194.8,157.4,7.4,137.7
4659,2023-10-30,50,15,50.7,694.9,0.4,666.4
4660,2024-10-28,119,15,153.4,113.0,5.6,194.6
4661,2025-09-29,97,4,319.8,284.1,11.3,130.4
4662,2025-12-22,43,18,432.6,271.1,7.0,433.8
4663,2024-03-18,95,20,1971.8,1835.3,9.0,999.3
4664,2025-07-07,71,1,502.5,526.2,7.0,405.0
4665,2023-09-04,116,15,624.9,533.8,11.4,232.8
4666,2023-10-30,71,15,783.7,306.2,24.0,164.3
4667,2023-05-15,116,13,0.0,322.9,0.0,384.1
4668,2023-09-04,15,1,1436.0,1624.2,9.0,805.1
4669,2023-11-27,17,1,175.5,420.1,4.0,359.1
4670,2024-03-18,69,2,0.0,341.4,0.0,1593.2
4671,2025-06-09,88,8,92.0,365.8,1.0,544.2
4672,2023-08-07,60,6,765.0,284.3,12.3,266.9
4673,2023-01-23,17,12,344.8,496.5,7.1,553.0
4674,2023-03-20,87,3,1083.9,669.2,7.9,540.9
4675,2024-09-02,87,3,155.5,669.2,1.1,1063.9
4676,2024-02-19,30,17,299.2,245.2,5.9,475.6
4677,2023-05-15,26,18,419.2,298.4,5.4,685.2
4678,2025-10-27,44,3,846.6,403.1,18.5,167.7
4679,2024-04-15,10,18,346.8,263.1,6.8,274.8
4680,2024-09-30,45,13,493.2,404.1,7.1,377.4
4681,2025-06-09,33,21,55.0,44.9,6.2,62.1
4682,2025-12-22,50,11,1159.6,940.7,4.9,2589.3
4683,2024-04-15,20,21,0.0,2100.4,0.0,2162.7
4684,2024-05-13,54,7,443.4,549.5,3.1,1110.5
4685,2023-07-10,63,4,1207.1,1340.9,7.4,809.0
4686,2025-02-17,20,2,1805.0,1549.4,8.6,2463.5
4687,2025-11-24,102,22,381.9,828.9,6.1,1050.6
4688,2024-11-25,51,13,0.0,227.6,0.0,119.6
4689,2025-12-22,41,1,356.4,282.5,6.6,343.0
4690,2025-09-01,45,15,689.7,400.3,8.6,487.6
4691,2023-10-30,13,15,340.8,263.7,13.9,146.1
4692,2025-03-17,35,13,1049.1,766.3,5.3,1608.7
4693,2024-10-28,74,22,2574.5,1630.4,6.0,3283.4
4694,2024-05-13,66,15,67.8,94.3,4.0,62.6
4695,2024-02-19,108,17,193.5,306.5,5.5,328.4
4696,2023-01-01,34,16,282.3,189.8,6.5,418.7
4697,2024-07-08,53,20,2539.5,813.5,10.0,1515.7
4698,2025-05-12,81,11,2473.2,890.7,14.0,383.4
4699,2025-11-24,37,10,377.4,853.1,2.1,812.3
4700,2025-12-22,23,3,864.9,445.3,7.3,1105.2
4701,2025-06-09,2,22,5177.2,2547.9,24.1,1422.8
4702,2025-02-17,49,5,816.0,445.2,7.4,946.0
4703,2024-04-15,9,7,0.0,431.3,0.0,657.5
4704,2025-08-04,43,1,518.7,346.8,6.7,451.8
4705,2025-12-22,17,16,174.4,316.5,5.1,413.1
4706,2025-10-27,50,11,1071.2,940.7,4.6,2677.7
4707,2024-02-19,15,10,1002.1,1178.6,6.1,915.8
4708,2023-06-12,54,10,1106.9,557.4,6.5,648.7
4709,2025-04-14,48,8,173.5,1240.6,0.7,1169.0
4710,2024-03-18,56,18,554.2,1360.0,3.3,1170.3
4711,2023-03-20,93,22,372.3,361.6,4.1,712.8
4712,2025-03-17,108,17,0.0,306.5,0.0,743.8
4713,2025-02-17,109,20,742.6,790.0,5.3,853.3
4714,2024-10-28,9,13,238.7,183.0,5.5,126.7
4715,2024-01-22,66,6,0.0,80.9,0.0,184.4
4716,2023-06-12,108,21,518.9,308.9,13.7,205.9
4717,2025-05-12,70,8,429.5,355.5,12.1,141.6
4718,2023-12-25,84,10,38.3,438.0,0.6,853.3
4719,2024-07-08,45,5,449.7,396.7,5.9,417.3
4720,2023-03-20,43,9,0.0,205.7,0.0,466.3
4721,2023-12-25,72,15,57.6,640.8,0.8,312.7
4722,2023-02-20,1,21,1927.5,1709.9,11.3,1317.9
4723,2024-12-23,109,12,0.0,561.6,0.0,2756.3
4724,2025-08-04,1,13,41.6,670.2,0.5,909.2
4725,2024-06-10,102,16,1045.3,515.3,23.7,178.7
4726,2025-04-14,25,5,161.7,116.9,7.9,180.9
4727,2024-01-22,45,11,1770.5,663.7,12.1,449.9
4728,2024-09-02,3,13,853.7,366.6,15.0,396.1
4729,2024-10-28,106,10,503.4,383.7,6.7,498.2
4730,2025-04-14,75,21,97.9,716.5,0.6,2005.9
4731,2023-10-30,105,20,0.0,953.2,0.0,647.4
4732,2024-03-18,84,10,483.5,438.0,7.0,747.2
4733,2025-10-27,69,11,107.9,482.7,1.3,448.2
4734,2025-05-12,64,17,278.7,673.3,2.1,900.7
4735,2023-04-17,44,15,407.1,330.6,8.7,342.5
4736,2025-09-01,32,6,0.0,62.7,0.0,337.1
4737,2024-01-22,88,10,939.8,635.5,7.8,834.2
4738,2023-10-30,45,4,0.0,506.2,0.0,2007.9
4739,2024-10-28,75,4,1309.7,649.5,9.0,1180.8
4740,2025-07-07,43,18,106.2,271.1,1.7,206.6
4741,2025-05-12,99,6,1268.0,434.8,12.7,442.6
4742,2023-03-20,69,11,128.4,482.7,1.5,734.7
4743,2025-02-17,78,16,712.6,485.5,5.6,1141.8
4744,2024-06-10,34,7,92.1,308.4,1.6,513.9
4745,2024-04-15,58,20,764.5,1604.8,2.5,1276.2
4746,2024-05-13,39,10,1033.8,782.6,7.2,718.9
4747,2025-02-17,55,8,1888.8,1018.9,9.1,1249.8
4748,2023-01-01,75,12,1579.0,690.7,8.9,559.3
4749,2025-12-22,17,15,62.7,276.1,2.5,200.7
4750,2023-03-20,98,9,536.3,305.0,6.9,271.0
4751,2025-02-17,34,18,175.9,250.9,3.7,298.6
4752,2025-12-22,54,7,403.0,549.5,2.9,1334.0
4753,2025-09-29,28,13,824.1,699.4,7.5,507.3
4754,2024-05-13,32,11,0.0,126.0,0.0,527.7
4755,2023-05-15,12,16,376.8,1131.1,2.0,2160.8
4756,2023-08-07,15,1,2238.6,1624.2,14.1,876.0
4757,2025-06-09,60,9,471.9,399.4,6.3,301.4
4758,2024-01-22,10,13,86.4,173.3,2.7,257.4
4759,2023-10-02,33,20,113.1,48.2,11.8,34.6
4760,2023-11-27,19,6,176.5,250.3,4.1,337.5
4761,2023-06-12,65,19,598.2,1189.3,5.0,752.2
4762,2023-09-04,43,22,0.0,302.8,0.0,946.7
4763,2023-12-25,46,12,326.2,217.0,11.9,172.6
4764,2023-08-07,113,2,756.3,532.0,8.0,349.1
4765,2025-08-04,72,14,162.5,1042.0,1.1,639.0
4766,2024-04-15,44,13,403.7,355.5,9.7,214.1
4767,2024-02-19,61,16,89.1,145.5,5.7,79.1
4768,2023-10-02,24,1,298.1,153.0,10.1,68.6
4769,2025-10-27,32,14,26.0,149.2,1.0,256.8
4770,2024-01-22,116,14,1936.0,858.2,18.1,556.5
4771,2025-04-14,26,4,0.0,567.2,0.0,836.4
4772,2024-05-13,20,2,0.0,1549.4,0.0,1410.3
4773,2024-04-15,116,18,1646.8,618.5,20.1,372.5
4774,2024-12-23,32,14,63.5,149.2,2.3,287.6
4775,2023-08-07,7,17,134.0,125.9,5.3,335.7
4776,2025-03-17,107,12,512.1,304.1,6.1,421.7
4777,2024-06-10,118,21,1254.7,869.1,17.6,816.9
4778,2023-05-15,31,16,1016.9,540.3,10.6,337.7
4779,2025-11-24,9,5,331.5,241.1,7.5,209.0
4780,2023-01-23,88,14,1131.8,673.4,9.7,763.3
4781,2023-11-27,53,20,1649.7,813.5,6.5,2405.5
4782,2024-11-25,45,11,832.3,663.7,5.7,1005.0
4783,2024-11-25,88,8,653.8,365.8,7.4,433.7
4784,2024-07-08,1,1,3086.4,1806.9,17.2,538.3
4785,2024-10-28,66,12,340.0,162.4,10.3,274.0
4786,2025-09-01,117,3,0.0,119.3,0.0,364.5
4787,2025-01-20,29,8,749.3,595.2,12.9,507.4
4788,2024-05-13,40,5,1201.3,700.9,16.7,402.6
4789,2024-09-30,64,11,0.0,755.5,0.0,644.7
4790,2025-08-04,45,9,0.0,399.5,0.0,763.5
4791,2024-02-19,10,9,307.7,280.7,5.8,350.3
4792,2023-10-02,112,9,0.0,562.7,0.0,1382.7
4793,2025-03-17,51,13,415.5,227.6,21.2,123.0
4794,2025-09-01,45,5,660.8,396.7,8.7,232.9
4795,2024-07-08,100,11,84.0,68.2,3.8,84.9
4796,2025-12-22,81,3,440.4,450.2,5.1,268.4
4797,2023-01-01,74,22,2120.6,1630.4,5.0,2095.5
4798,2023-06-12,50,13,248.8,543.5,2.1,848.7
4799,2025-12-22,8,9,1925.2,1215.1,8.9,1392.6
4800,2025-08-04,76,4,23.7,129.4,2.3,71.6
4801,2024-07-08,52,19,72.7,139.9,1.8,334.1
4802,2025-06-09,25,13,68.4,87.9,3.5,125.0
4803,2023-10-30,83,5,0.0,480.5,0.0,1162.3
4804,2023-07-10,9,16,75.6,331.5,1.3,434.7
4805,2025-01-20,58,6,1694.4,699.0,8.7,1714.5
4806,2024-09-30,33,16,70.6,28.5,10.3,27.3
4807,2024-04-15,44,3,365.8,403.1,8.0,369.2
4808,2023-08-07,85,6,333.0,312.7,5.1,254.7
4809,2023-01-01,38,1,536.8,493.6,5.8,618.2
4810,2025-09-01,5,12,0.0,736.1,0.0,904.0
4811,2023-01-01,10,6,229.9,272.0,5.1,484.1
4812,2025-06-09,111,17,0.0,1696.4,0.0,2382.9
4813,2025-11-24,54,6,1002.1,523.7,9.1,825.2
4814,2023-06-12,15,17,2695.7,1219.8,17.7,1386.0
4815,2023-01-01,80,12,1534.1,524.7,16.4,607.3
4816,2025-05-12,18,15,1659.1,662.8,8.0,533.4
4817,2025-03-17,85,1,945.1,311.7,10.1,446.2
4818,2025-01-20,2,7,3308.7,2044.2,15.9,591.2
4819,2023-10-02,13,2,0.0,627.9,0.0,1053.8
4820,2024-12-23,62,2,827.0,684.2,5.3,1474.6
4821,2025-09-29,28,5,1745.9,1116.1,17.3,1059.4
4822,2023-02-20,54,13,917.0,325.4,11.2,333.7
4823,2024-09-02,98,9,773.2,305.0,9.9,381.4
4824,2025-08-04,42,18,1352.8,594.8,14.0,237.6
4825,2023-01-01,74,21,4522.1,1789.6,11.7,1720.0
4826,2023-06-12,3,15,26.9,321.4,0.4,531.7
4827,2025-08-04,75,18,354.9,390.6,3.0,417.8
4828,2025-02-17,73,20,2611.1,986.3,30.3,238.6
4829,2025-12-22,118,15,738.7,433.3,19.1,149.9
4830,2023-10-02,19,17,253.5,265.6,4.6,393.5
4831,2024-06-10,33,20,74.3,48.2,7.7,106.8
4832,2025-04-14,5,12,0.0,736.1,0.0,1062.6
4833,2023-10-30,68,18,1686.0,1111.6,9.2,1183.7
4834,2025-03-17,107,21,0.0,411.7,0.0,517.1
4835,2024-07-08,50,12,735.8,1260.0,2.8,1283.7
4836,2025-08-04,71,1,144.4,526.2,2.0,494.2
4837,2023-02-20,66,3,38.6,58.9,2.4,112.8
4838,2024-01-22,67,2,803.4,762.4,6.2,631.7
4839,2024-08-05,67,6,287.7,460.8,3.2,576.2
4840,2023-07-10,103,4,670.8,247.2,16.0,199.0
4841,2024-04-15,69,18,0.0,313.7,0.0,728.0
4842,2024-03-18,60,9,0.0,399.4,0.0,422.3
4843,2025-02-17,16,22,0.0,497.8,0.0,998.2
4844,2024-10-28,13,11,554.8,411.6,12.2,643.6
4845,2023-04-17,111,13,1074.1,557.6,6.6,425.0
4846,2024-02-19,38,4,637.7,520.8,6.6,485.1
4847,2025-02-17,87,12,2665.3,1280.6,9.0,1411.2
4848,2023-06-12,47,20,1991.2,1025.6,7.4,1157.5
4849,2024-02-19,9,2,0.0,413.2,0.0,1744.5
4850,2023-09-04,57,2,2031.1,1113.8,16.5,789.4
4851,2025-03-17,63,4,819.8,1340.9,5.0,879.2
4852,2024-08-05,42,5,484.4,328.7,7.1,375.8
4853,2023-01-01,52,19,317.6,139.9,7.8,184.9
4854,2024-04-15,6,22,329.2,1069.3,1.4,934.5
4855,2025-02-17,6,9,1155.7,728.8,7.2,355.8
4856,2025-01-20,35,12,676.6,2577.0,1.6,2571.6
4857,2023-01-23,55,11,0.0,1351.3,0.0,3667.0
4858,2024-07-08,2,18,0.0,1219.4,0.0,2069.9
4859,2024-01-22,82,21,604.2,381.3,6.9,516.6
4860,2025-12-22,117,3,0.0,119.3,0.0,467.7
4861,2023-12-25,75,12,0.0,690.7,0.0,2198.0
4862,2024-09-02,5,7,0.0,662.3,0.0,890.5
4863,2023-04-17,52,10,64.9,151.9,1.3,335.7
4864,2024-11-25,118,15,521.1,433.3,13.5,89.6
4865,2023-06-12,6,2,307.8,643.6,1.7,1509.2
4866,2025-02-17,112,18,1166.5,562.2,11.9,206.8
4867,2024-05-13,66,18,195.9,135.4,7.6,72.7
4868,2023-07-10,24,17,115.0,91.8,3.8,175.5
4869,2024-09-02,59,1,1391.4,1199.3,5.1,2132.2
4870,2025-07-07,4,7,0.0,259.3,0.0,1052.3
4871,2023-01-01,72,2,1940.6,1419.0,14.9,768.0
4872,2023-01-01,71,17,519.0,688.2,8.7,562.1
4873,2025-08-04,112,19,0.3,595.7,0.0,705.6
4874,2023-10-02,19,3,222.6,113.3,7.3,265.3
4875,2025-01-20,34,18,41.9,250.9,0.9,511.3
4876,2025-11-24,7,22,440.2,121.7,13.6,105.2
4877,2025-02-17,9,5,414.0,241.1,9.3,177.4
4878,2024-10-28,42,22,865.3,716.8,6.3,434.9
4879,2023-05-15,99,2,1094.6,851.3,7.1,664.4
4880,2023-10-30,6,22,1089.0,1069.3,4.7,1092.5
4881,2023-05-15,62,22,946.5,601.0,6.1,751.9
4882,2025-09-01,25,5,191.9,116.9,9.4,104.6
4883,2023-04-17,62,20,567.5,806.3,3.4,1806.7
4884,2024-03-18,13,17,172.2,472.0,4.2,205.4
4885,2023-09-04,69,11,109.0,482.7,1.3,587.8
4886,2025-06-09,23,17,3337.6,1172.0,17.5,1097.9
4887,2023-11-27,30,3,446.7,137.1,14.8,143.9
4888,2025-05-12,25,18,0.0,133.2,0.0,266.3
4889,2025-02-17,32,6,203.0,62.7,10.6,110.0
4890,2025-01-20,101,6,40.7,53.1,3.3,105.0
4891,2025-01-20,108,15,320.7,206.8,15.3,152.6
4892,2023-01-23,15,13,1876.3,881.9,23.8,623.9
4893,2024-08-05,117,22,437.1,359.7,5.7,179.6
4894,2023-05-15,4,19,520.9,301.3,8.4,571.0
4895,2025-03-17,107,19,144.8,307.3,2.4,219.5
4896,2025-02-17,37,8,11.5,582.6,0.1,707.7
4897,2025-09-01,58,20,2880.9,1604.8,9.5,2119.8
4898,2023-10-30,68,8,2180.7,751.4,11.8,698.0
4899,2023-11-27,76,12,147.5,97.3,13.8,48.1
4900,2023-06-12,73,10,2391.8,964.2,26.3,290.0
4901,2025-08-04,33,13,39.4,18.6,8.2,19.3
4902,2024-09-30,81,3,726.6,450.2,8.4,453.9
4903,2024-05-13,102,6,1818.3,505.6,43.2,165.4
4904,2025-06-09,87,12,3351.1,1280.6,11.3,908.2
4905,2025-05-12,78,6,256.0,641.5,2.0,473.3
4906,2024-11-25,43,1,349.3,346.8,4.5,621.1
4907,2024-09-02,102,6,771.2,505.6,18.3,510.2
4908,2024-09-30,69,11,448.1,482.7,5.2,688.9
4909,2024-09-30,31,17,0.0,406.8,0.0,858.1
4910,2024-04-15,54,4,2167.5,624.3,14.0,558.2
4911,2024-05-13,102,10,722.5,505.5,11.6,441.9
4912,2023-06-12,35,1,3912.9,1465.1,9.5,2578.6
4913,2023-06-12,32,1,293.3,137.0,10.5,165.9
4914,2023-07-10,84,15,124.4,196.3,3.6,185.0
4915,2023-07-10,1,10,2452.1,1165.0,13.5,1033.4
4916,2023-10-30,95,11,80.8,1530.3,0.4,2537.4
4917,2024-02-19,7,6,6.6,76.4,0.3,239.5
4918,2025-12-22,106,17,303.3,415.2,4.6,331.1
4919,2025-10-27,58,5,416.7,718.7,2.9,513.1
4920,2025-11-24,57,2,754.5,1113.8,6.1,1049.2
4921,2024-07-08,2,20,5138.9,1676.9,23.5,1444.3
4922,2024-07-08,74,2,1870.2,1363.0,4.3,1047.8
4923,2024-06-10,99,12,621.4,590.7,4.0,888.5
4924,2024-07-08,23,3,83.4,445.3,0.7,1629.1
4925,2025-01-20,112,3,914.1,363.3,14.8,164.5
4926,2024-11-25,68,8,1533.4,751.4,8.3,721.6
4927,2025-11-24,82,6,0.0,276.4,0.0,658.9
4928,2025-09-29,23,14,1022.8,1006.0,4.8,1317.6
4929,2024-03-18,75,18,0.0,390.6,0.0,746.5
4930,2023-01-23,84,7,125.9,355.2,2.1,343.6
4931,2023-10-02,37,17,0.0,941.6,0.0,2906.7
4932,2023-06-12,70,8,0.0,355.5,0.0,991.3
4933,2025-09-01,51,14,626.1,302.3,15.6,241.1
4934,2025-09-29,57,6,763.5,681.7,10.2,566.4
4935,2024-07-08,32,6,191.2,62.7,10.0,115.9
4936,2024-11-25,108,21,364.9,308.9,9.6,105.7
4937,2025-11-24,60,1,1630.4,503.4,16.9,395.8
4938,2025-02-17,72,3,0.0,644.7,0.0,737.9
4939,2025-03-17,95,12,1607.9,1800.7,7.7,831.9
4940,2025-01-20,26,14,656.4,346.3,6.2,304.1
4941,2023-09-04,13,2,130.5,627.9,2.5,421.6
4942,2023-10-02,30,13,212.3,154.4,7.5,255.4
4943,2025-10-27,58,18,1873.2,860.6,8.1,1564.4
4944,2024-04-15,15,18,0.0,931.0,0.0,1250.7
4945,2023-01-01,22,20,1317.0,538.9,10.1,634.9
4946,2024-01-22,72,18,0.0,847.3,0.0,1260.8
4947,2025-01-20,73,11,1245.2,949.4,14.5,473.2
4948,2024-09-02,88,1,0.0,412.1,0.0,1408.4
4949,2025-03-17,7,22,126.2,121.7,3.9,124.3
4950,2024-10-28,90,17,21.8,27.8,4.3,35.9
4951,2024-03-18,118,15,73.9,433.3,1.9,370.5
4952,2025-09-29,102,6,1288.8,505.6,30.6,190.4
4953,2023-10-02,33,1,24.9,32.1,2.6,105.8
4954,2025-11-24,95,12,884.1,1800.7,4.2,1206.2
4955,2023-06-12,41,16,0.0,193.7,0.0,1032.9
4956,2023-10-02,9,18,282.5,364.8,4.6,526.5
4957,2023-05-15,61,16,174.7,145.5,11.2,47.0
4958,2025-07-07,115,1,948.4,1637.3,5.5,1535.9
4959,2024-12-23,71,16,493.0,373.4,10.5,150.8
4960,2023-08-07,66,3,0.0,58.9,0.0,99.2
4961,2024-11-25,74,3,0.0,1072.7,0.0,2689.8
4962,2024-07-08,19,8,463.5,148.6,9.8,186.1
4963,2024-04-15,36,12,0.0,418.3,0.0,346.9
4964,2025-03-17,63,19,0.0,875.5,0.0,1157.5
4965,2023-08-07,38,8,668.8,362.2,9.0,471.5
4966,2023-05-15,33,13,31.7,18.6,6.6,29.8
4967,2024-01-22,60,9,240.5,399.4,3.2,174.9
4968,2023-12-25,2,22,753.0,2547.9,3.5,2381.1
4969,2023-10-30,95,13,1974.9,765.0,19.4,517.2
4970,2024-08-05,66,18,130.4,135.4,5.0,206.8
4971,2023-12-25,120,21,441.7,339.5,5.0,509.3
4972,2024-11-25,22,22,656.6,754.9,4.6,733.3
4973,2023-11-27,33,11,11.2,41.0,1.3,53.7
4974,2024-08-05,84,7,208.8,355.2,3.5,320.5
4975,2023-09-04,85,4,0.0,495.3,0.0,2509.7
4976,2023-05-15,71,15,859.8,306.2,26.3,221.0
4977,2023-01-23,73,10,2103.1,964.2,23.1,496.6
4978,2023-06-12,10,3,394.7,197.3,12.6,104.8
4979,2024-09-02,17,6,123.9,281.8,3.7,409.6
4980,2025-07-07,12,14,1302.9,1407.4,4.9,1475.0
4981,2023-08-07,32,3,12.7,47.1,0.9,114.4
4982,2023-10-30,42,4,624.8,709.3,4.6,979.4
4983,2025-07-07,106,8,206.3,322.5,3.5,725.2
4984,2025-07-07,56,19,0.0,1707.1,0.0,1947.3
4985,2025-10-27,49,17,1140.3,824.9,6.1,797.6
4986,2025-01-20,108,21,268.4,308.9,7.1,168.5
4987,2025-03-17,19,8,434.1,148.6,9.2,150.3
4988,2025-04-14,2,13,97.4,1169.0,0.8,380.9
4989,2024-08-05,82,7,1075.1,330.4,14.9,396.4
4990,2025-07-07,86,10,1083.8,817.9,5.8,583.8
4991,2023-11-27,79,15,116.2,783.3,1.6,593.2
4992,2023-09-04,95,13,1364.5,765.0,13.4,337.0
4993,2024-05-13,77,19,759.9,455.8,19.4,150.6
4994,2024-02-19,79,1,2336.2,1101.9,17.5,351.6
4995,2025-01-20,54,2,1437.5,565.7,9.0,746.3
4996,2024-07-08,74,3,188.9,1072.7,1.0,1208.3
4997,2023-03-20,75,8,541.2,394.7,4.7,858.2
4998,2024-01-22,37,3,1120.0,423.3,11.6,533.6
4999,2025-06-09,53,5,977.6,550.8,7.0,547.5
5000,2023-04-17,104,8,452.8,225.9,19.9,77.0
5001,2023-07-10,72,22,0.0,1068.9,0.0,1063.1
5002,2025-09-29,76,6,110.5,89.5,13.8,36.5
5003,2025-09-29,98,13,726.9,216.2,15.5,242.8
5004,2023-06-12,5,7,1848.3,662.3,13.8,487.0
5005,2025-03-17,41,12,705.2,354.6,12.2,231.2
5006,2024-07-08,42,2,953.3,695.6,7.3,870.5
5007,2023-10-30,72,15,0.0,640.8,0.0,413.9
5008,2023-07-10,24,11,138.0,143.6,4.4,130.3
5009,2024-01-22,9,7,246.7,431.3,3.6,609.1
5010,2025-11-24,16,7,282.1,407.6,4.2,688.4
5011,2025-08-04,66,16,361.0,92.0,16.0,120.3
5012,2025-09-29,29,5,16.7,475.8,0.4,224.9
5013,2025-07-07,104,13,303.8,141.2,19.0,61.1
5014,2025-01-20,20,15,1554.6,824.7,14.1,191.1
5015,2024-09-30,3,21,557.3,747.4,4.9,756.8
5016,2023-08-07,17,1,1048.0,420.1,23.6,166.9
5017,2024-06-10,94,3,292.1,158.9,7.3,72.6
5018,2025-08-04,19,3,39.3,113.3,1.3,107.9
5019,2024-01-22,11,19,0.0,1502.0,0.0,2875.0
5020,2025-08-04,93,9,109.6,384.0,1.6,348.1
5021,2025-04-14,75,10,1037.8,496.1,6.9,982.1
5022,2024-10-28,53,5,839.4,550.8,6.0,609.0
5023,2023-08-07,20,2,810.7,1549.4,3.8,2920.4
5024,2025-05-12,18,4,2657.1,1910.1,8.1,2988.9
5025,2024-01-22,58,7,0.0,907.6,0.0,1382.9
5026,2023-01-23,35,19,2643.4,1516.6,7.6,2489.8
5027,2025-11-24,43,22,0.0,302.8,0.0,760.4
5028,2023-12-25,50,10,0.0,864.1,0.0,3938.3
5029,2025-07-07,3,6,1019.3,363.7,12.6,747.5
5030,2025-09-29,65,11,587.2,1060.4,3.9,1019.4
5031,2025-02-17,22,21,1054.5,484.3,8.2,925.8
5032,2025-05-12,32,19,137.6,89.0,5.9,243.0
5033,2025-05-12,84,5,396.9,203.2,11.8,246.6
5034,2025-07-07,69,11,0.0,482.7,0.0,766.7
5035,2025-11-24,53,14,2489.1,1347.8,9.3,1287.0
5036,2024-07-08,67,22,0.0,827.1,0.0,486.7
5037,2023-03-20,119,15,418.5,113.0,15.3,135.5
5038,2025-05-12,54,16,899.3,350.3,8.4,611.6
5039,2023-01-01,36,8,238.8,334.2,8.3,170.9
5040,2024-01-22,9,16,0.0,331.5,0.0,359.0
5041,2025-06-09,92,11,2355.5,1000.0,13.5,715.6
5042,2023-08-07,32,12,144.0,134.1,4.8,109.9
5043,2024-01-22,71,22,268.8,490.0,3.6,243.5
5044,2025-01-20,19,5,267.6,159.0,8.2,112.6
5045,2023-07-10,115,22,799.8,2457.1,3.9,2252.9
5046,2025-05-12,9,14,976.5,411.4,11.7,315.4
5047,2024-03-18,106,21,219.9,466.9,2.9,270.0
5048,2023-09-04,40,12,3220.8,1553.8,21.0,745.1
5049,2023-05-15,36,9,0.0,270.4,0.0,162.9
5050,2023-08-07,99,1,768.1,676.8,5.4,1018.3
5051,2025-09-01,75,11,1368.6,732.1,9.4,497.0
5052,2025-04-14,73,4,696.6,796.2,7.4,359.6
5053,2024-04-15,10,6,605.8,272.0,13.3,200.1
5054,2024-01-22,82,4,686.1,332.9,7.5,476.9
5055,2023-06-12,40,8,2011.2,1169.4,18.0,741.3
5056,2024-09-02,48,18,1302.6,1409.9,5.1,852.8
5057,2025-01-20,12,5,2335.1,554.1,15.7,542.8
5058,2023-10-30,27,14,530.5,593.7,5.2,641.5
5059,2024-04-15,61,7,352.3,135.8,18.6,73.1
5060,2023-03-20,67,22,756.3,827.1,5.7,1068.3
5061,2023-01-23,88,17,1278.9,384.0,11.8,512.9
5062,2023-10-02,45,9,924.7,399.5,8.0,671.4
5063,2023-01-01,33,19,119.7,34.3,15.6,42.3
5064,2024-04-15,116,14,2082.0,858.2,19.4,632.3
5065,2025-03-17,45,9,1049.7,399.5,9.0,415.5
5066,2023-11-27,7,6,0.0,76.4,0.0,210.9
5067,2024-06-10,58,6,670.0,699.0,3.4,1110.0
5068,2023-10-02,16,12,176.3,371.0,2.3,564.6
5069,2023-01-01,118,6,242.3,550.0,4.6,516.3
5070,2024-09-30,38,13,0.0,152.1,0.0,284.2
5071,2025-08-04,37,2,1828.1,866.2,8.9,1313.4
5072,2025-03-17,9,15,270.3,144.0,6.9,171.9
5073,2024-01-22,3,15,454.3,321.4,7.3,545.8
5074,2024-04-15,107,6,501.8,194.7,9.7,209.4
5075,2025-06-09,69,2,0.0,341.4,0.0,659.9
5076,2024-09-02,42,8,953.5,544.7,9.5,757.9
5077,2023-10-02,36,9,218.2,270.4,7.3,185.2
5078,2024-08-05,95,20,0.0,1835.3,0.0,2715.2
5079,2023-07-10,66,3,76.7,58.9,4.8,106.8
5080,2023-04-17,10,3,166.8,197.3,5.3,205.2
5081,2023-11-27,117,3,202.5,119.3,5.7,126.4
5082,2025-07-07,73,4,1377.3,796.2,14.6,676.7
5083,2023-01-01,89,18,1298.6,392.0,10.6,494.0
5084,2023-01-23,4,4,460.8,346.1,5.8,567.0
5085,2025-08-04,88,15,0.0,266.1,0.0,448.0
5086,2024-09-30,46,7,0.0,169.1,0.0,137.8
5087,2024-10-28,109,17,0.0,573.9,0.0,2665.1
5088,2024-01-22,6,22,862.4,1069.3,3.8,854.7
5089,2025-09-01,76,3,103.3,62.2,19.0,35.5
5090,2025-10-27,36,12,849.2,418.3,24.0,259.4
5091,2023-09-04,12,16,642.4,1131.1,3.3,999.1
5092,2024-05-13,118,15,292.1,433.3,7.6,314.7
5093,2025-11-24,120,19,376.9,256.9,5.0,421.0
5094,2024-01-22,18,15,0.0,662.8,0.0,1620.3
5095,2023-05-15,1,2,4213.9,1612.9,20.8,574.5
5096,2023-10-02,71,22,901.7,490.0,12.2,227.5
5097,2024-11-25,68,10,1883.3,1023.2,7.0,2298.5
5098,2024-04-15,43,1,837.9,346.8,10.9,277.8
5099,2024-08-05,46,7,354.4,169.1,15.3,73.2
5100,2025-12-22,99,6,784.9,434.8,7.8,505.6
5101,2023-09-04,118,21,1889.2,869.1,26.4,353.8
5102,2025-04-14,28,19,5041.3,1650.5,30.4,1473.9
5103,2025-09-29,30,18,165.2,210.3,3.8,306.9
5104,2024-09-02,21,5,450.7,191.8,11.6,305.3
5105,2024-05-13,115,1,1575.1,1637.3,9.1,1275.2
5106,2024-03-18,119,12,290.2,260.6,5.7,245.3
5107,2024-11-25,58,3,652.1,814.0,4.6,1693.7
5108,2025-04-14,45,15,43.7,400.3,0.5,451.2
5109,2025-04-14,73,10,0.0,964.2,0.0,1329.8
5110,2023-09-04,3,15,297.4,321.4,4.8,239.0
5111,2023-01-23,86,10,0.0,817.9,0.0,1470.8
5112,2024-09-30,15,2,3099.4,1277.7,17.3,444.6
5113,2024-05-13,85,6,17.8,312.7,0.3,409.4
5114,2023-12-25,16,21,696.9,353.3,9.4,235.7
5115,2024-09-30,103,4,631.2,247.2,15.0,128.2
5116,2024-12-23,117,22,548.3,359.7,7.1,507.5
5117,2024-05-13,45,13,0.0,404.1,0.0,848.6
5118,2023-08-07,29,10,2614.6,898.5,32.2,515.6
5119,2023-03-20,38,1,0.0,493.6,0.0,510.9
5120,2023-12-25,102,22,140.3,828.9,2.2,395.9
5121,2024-09-30,24,11,378.6,143.6,12.1,46.1
5122,2025-07-07,2,18,2057.7,1219.4,13.2,683.4
5123,2025-06-09,116,11,0.0,1144.2,0.0,430.2
5124,2023-08-07,118,19,632.4,519.9,10.9,209.0
5125,2024-08-05,13,7,206.9,352.4,5.1,309.4
5126,2025-09-01,41,18,102.6,151.0,2.6,187.0
5127,2023-07-10,100,4,300.0,87.1,14.3,74.0
5128,2025-09-01,10,13,351.9,173.3,11.0,128.7
5129,2023-12-25,75,8,621.7,394.7,5.4,777.7
5130,2023-06-12,23,5,964.1,555.2,7.6,960.2
5131,2023-09-04,30,21,0.0,367.6,0.0,396.4
5132,2024-09-02,72,14,0.0,1042.0,0.0,1326.6
5133,2023-05-15,50,9,1133.4,1127.9,6.1,1372.4
5134,2023-03-20,52,9,114.9,208.0,3.1,105.5
5135,2024-04-15,109,17,935.1,573.9,8.2,549.7
5136,2023-06-12,33,4,82.9,45.7,9.5,33.7
5137,2024-05-13,34,6,251.1,284.3,5.6,436.6
5138,2023-07-10,66,20,428.1,155.0,12.3,141.6
5139,2024-04-15,100,20,142.1,89.6,6.4,188.2
5140,2023-04-17,93,14,1329.0,303.1,16.5,207.4
5141,2025-01-20,120,3,657.4,199.1,14.3,282.4
5142,2024-04-15,50,11,0.0,940.7,0.0,2684.0
5143,2025-07-07,9,5,322.6,241.1,7.3,268.8
5144,2025-09-01,9,9,112.0,289.9,1.6,302.8
5145,2024-06-10,32,5,16.2,58.9,1.1,95.3
5146,2025-06-09,54,2,0.0,565.7,0.0,959.9
5147,2025-11-24,29,5,0.0,475.8,0.0,452.2
5148,2024-03-18,68,18,621.9,1111.6,3.4,635.5
5149,2024-09-02,58,6,845.8,699.0,4.4,2654.7
5150,2023-02-20,13,15,366.2,263.7,14.9,127.2
5151,2024-01-22,23,17,0.0,1172.0,0.0,1439.3
5152,2024-06-10,59,20,607.0,896.5,2.1,902.2
5153,2024-02-19,36,6,0.0,320.6,0.0,129.9
5154,2024-01-22,9,14,0.0,411.4,0.0,1107.3
5155,2023-04-17,120,8,379.0,262.3,5.5,681.2
5156,2024-10-28,39,4,785.6,711.6,5.9,611.6
5157,2023-06-12,67,1,612.8,619.4,5.2,983.6
5158,2024-12-23,118,6,0.0,550.0,0.0,324.6
5159,2023-12-25,85,4,0.0,495.3,0.0,1230.1
5160,2024-11-25,89,19,1007.9,690.0,7.5,875.4
5161,2023-03-20,78,15,865.6,498.7,9.5,381.9
5162,2025-06-09,91,6,831.3,540.4,12.5,169.0
5163,2025-10-27,72,10,932.4,1523.0,6.7,1153.8
5164,2024-12-23,34,22,644.2,370.0,9.4,439.0
5165,2024-04-15,72,2,1176.5,1419.0,9.0,1201.6
5166,2024-02-19,29,7,560.6,727.9,7.6,446.9
5167,2023-11-27,120,3,621.1,199.1,13.5,188.2
5168,2023-05-15,53,1,2997.3,1454.6,11.6,1178.0
5169,2024-09-02,74,6,2667.4,857.7,9.2,529.5
5170,2023-04-17,86,20,181.6,1014.6,0.9,1538.5
5171,2025-05-12,75,18,104.5,390.6,0.9,973.7
5172,2023-10-02,74,11,0.0,2195.6,0.0,6821.4
5173,2024-11-25,36,9,430.8,270.4,14.5,326.8
5174,2025-02-17,108,17,429.2,306.5,12.2,270.4
5175,2024-07-08,28,13,1889.1,699.4,17.1,829.9
5176,2023-10-02,28,13,613.2,699.4,5.5,637.8
5177,2025-02-17,37,10,0.0,853.1,0.0,1272.7
5178,2025-10-27,57,15,877.5,488.0,16.2,356.5
5179,2025-04-14,58,22,476.5,1225.6,1.6,1453.1
5180,2024-04-15,1,11,191.0,1092.9,1.0,1154.4
5181,2024-01-22,25,4,0.0,127.9,0.0,223.3
5182,2024-06-10,111,17,2881.9,1696.4,10.0,2446.0
5183,2025-09-29,28,8,0.0,1678.8,0.0,1272.5
5184,2025-07-07,76,16,107.2,86.2,14.9,37.0
5185,2023-09-04,51,22,0.0,319.1,0.0,339.6
5186,2025-07-07,105,2,0.0,1354.8,0.0,1345.5
5187,2023-08-07,35,1,2952.8,1465.1,7.2,3607.1
5188,2024-07-08,65,12,1500.8,1115.7,8.2,888.6
5189,2023-01-01,17,11,332.1,411.7,7.5,123.9
5190,2023-08-07,16,13,439.7,213.0,11.9,403.3
5191,2024-04-15,30,19,379.2,187.4,8.2,286.9
5192,2025-08-04,67,3,234.4,284.2,3.9,595.3
5193,2023-04-17,106,1,848.5,285.9,11.1,401.8
5194,2024-11-25,52,7,147.8,241.7,3.7,271.1
5195,2024-07-08,88,22,1561.5,541.5,12.4,544.8
5196,2024-05-13,72,3,1125.5,644.7,17.2,407.8
5197,2025-07-07,112,13,0.0,363.7,0.0,602.0
5198,2025-02-17,96,12,759.4,675.2,5.3,410.4
5199,2025-09-01,47,20,2029.1,1025.6,7.6,1119.6
5200,2025-05-12,91,21,1134.4,969.8,11.3,546.0
5201,2024-08-05,76,13,0.0,56.1,0.0,31.5
5202,2025-07-07,43,12,457.4,359.1,5.4,737.0
5203,2025-07-07,36,14,684.0,271.1,20.5,175.9
5204,2025-05-12,110,6,0.0,224.4,0.0,209.4
5205,2023-04-17,25,13,208.8,87.9,10.5,76.3
5206,2023-07-10,30,9,242.4,181.7,4.7,346.2
5207,2024-01-22,111,10,3060.8,1092.1,9.4,1205.2
5208,2023-06-12,47,10,879.0,1429.1,3.0,1305.8
5209,2024-06-10,28,5,351.8,1116.1,3.5,918.2
5210,2025-05-12,37,22,1402.3,981.1,7.0,2716.6
5211,2025-12-22,23,5,1425.6,555.2,11.2,770.4
5212,2024-07-08,116,15,567.7,533.8,10.3,1087.2
5213,2023-12-25,7,3,131.7,78.7,8.6,118.3
5214,2024-11-25,104,6,266.2,203.9,12.1,121.2
5215,2023-09-04,94,20,514.5,362.3,6.5,264.9
5216,2025-12-22,96,5,586.9,246.9,8.0,443.7
5217,2024-09-30,112,9,274.0,562.7,2.2,1233.5
5218,2024-03-18,80,18,0.0,413.2,0.0,877.5
5219,2023-08-07,24,17,0.0,91.8,0.0,141.6
5220,2024-04-15,113,4,0.0,276.9,0.0,642.6
5221,2023-03-20,3,18,667.5,503.4,7.7,418.5
5222,2024-02-19,111,15,1348.7,690.0,7.7,991.0
5223,2024-02-19,25,4,51.9,127.9,1.3,214.8
5224,2024-09-02,43,18,465.9,271.1,7.6,241.4
5225,2024-07-08,54,17,0.0,707.3,0.0,2519.3
5226,2025-12-22,38,19,0.0,333.6,0.0,1562.7
5227,2024-01-22,118,19,389.4,519.9,6.7,469.2
5228,2024-02-19,15,1,1339.0,1624.2,8.4,347.0
5229,2024-08-05,105,20,1204.9,953.2,9.1,2064.8
5230,2025-03-17,11,19,2127.8,1502.0,8.5,1981.8
5231,2024-07-08,45,21,1362.3,674.0,9.5,578.1
5232,2025-08-04,5,14,392.6,635.6,2.6,988.1
5233,2024-09-02,62,22,1946.0,601.0,12.6,908.8
5234,2024-02-19,17,19,157.9,339.3,4.2,158.1
5235,2024-05-13,26,17,149.5,309.1,1.8,412.7
5236,2025-11-24,1,10,1286.3,1165.0,7.1,1992.0
5237,2024-11-25,98,11,682.9,451.6,8.1,522.2
5238,2024-11-25,63,4,2527.8,1340.9,15.5,1218.2
5239,2023-02-20,71,16,510.8,373.4,10.8,296.6
5240,2023-01-23,15,10,0.0,1178.6,0.0,381.9
5241,2024-09-02,67,6,2058.3,460.8,23.0,355.8
5242,2024-01-22,45,16,1058.1,506.6,11.0,160.9
5243,2023-12-25,56,13,2752.8,1088.1,24.3,559.5
5244,2025-01-20,56,3,1781.1,1209.0,16.3,1293.0
5245,2024-03-18,84,17,0.0,238.8,0.0,453.6
5246,2025-07-07,86,20,1564.6,1014.6,7.7,1143.6
5247,2025-08-04,81,11,583.4,890.7,3.3,751.7
5248,2024-03-18,73,20,1132.5,986.3,13.1,363.8
5249,2024-01-22,33,15,53.4,28.9,10.5,42.9
5250,2023-10-30,81,4,1379.4,812.9,7.8,632.7
5251,2024-03-18,92,13,562.3,482.0,5.7,633.6
5252,2024-04-15,2,20,4124.2,1676.9,18.8,751.0
5253,2024-08-05,19,4,82.3,209.1,1.3,297.0
5254,2024-02-19,107,9,619.1,356.1,10.2,594.9
5255,2023-04-17,53,18,917.3,835.5,4.7,1221.8
5256,2025-01-20,58,21,4169.7,1007.7,14.4,1016.3
5257,2024-10-28,75,11,0.0,732.1,0.0,1979.4
5258,2023-01-23,21,14,134.6,421.2,1.6,530.3
5259,2023-02-20,94,18,134.3,250.0,2.2,292.2
5260,2024-07-08,111,15,34.7,690.0,0.2,2015.3
5261,2023-02-20,21,15,441.3,227.9,10.4,251.8
5262,2024-11-25,3,19,227.9,474.2,2.3,600.3
5263,2024-09-30,120,8,0.0,262.3,0.0,541.5
5264,2025-09-29,37,3,1032.6,423.3,10.7,720.4
5265,2024-09-30,25,5,308.3,116.9,15.0,120.0
5266,2023-04-17,43,21,0.0,333.6,0.0,910.7
5267,2023-02-20,114,21,911.0,379.9,11.6,480.8
5268,2023-10-30,101,9,116.8,48.6,8.2,114.5
5269,2023-10-02,104,9,22.5,296.0,0.8,133.0
5270,2023-03-20,56,8,4416.6,1837.9,27.3,1301.3
5271,2025-10-27,17,16,0.0,316.5,0.0,422.9
5272,2025-02-17,86,22,1631.2,631.2,7.8,644.1
5273,2025-06-09,31,16,563.9,540.3,5.9,1010.5
5274,2025-10-27,116,13,893.5,322.9,16.9,260.2
5275,2023-10-02,63,7,1831.4,1557.6,12.0,1036.6
5276,2025-10-27,6,19,476.6,707.7,3.1,1238.9
5277,2024-02-19,93,9,84.0,384.0,1.2,375.9
5278,2023-04-17,91,6,805.2,540.4,12.1,537.3
5279,2025-07-07,27,19,555.5,436.0,7.0,546.4
5280,2025-10-27,66,3,142.7,58.9,9.0,40.8
5281,2025-03-17,21,15,342.7,227.9,8.1,132.6
5282,2023-01-01,41,18,342.1,151.0,8.6,251.6
5283,2024-07-08,64,17,259.5,673.3,1.9,900.5
5284,2023-01-01,96,5,621.2,246.9,8.5,400.1
5285,2025-09-01,20,2,0.0,1549.4,0.0,1868.1
5286,2023-02-20,67,2,0.0,762.4,0.0,2598.6
5287,2025-03-17,46,7,28.9,169.1,1.2,105.8
5288,2024-08-05,87,21,924.0,1095.0,3.3,3054.9
5289,2023-10-30,10,18,832.0,263.1,16.3,212.0
5290,2024-12-23,23,22,1913.7,1490.3,8.4,1648.7
5291,2024-07-08,61,22,158.4,234.9,6.8,233.3
5292,2023-08-07,87,19,0.0,1145.1,0.0,3068.3
5293,2025-01-20,29,17,1714.8,491.1,23.5,326.2
5294,2024-02-19,105,2,2820.7,1354.8,21.4,523.1
5295,2023-01-01,44,17,832.2,929.8,10.7,177.6
5296,2025-08-04,85,19,764.0,443.0,9.6,360.2
5297,2025-09-01,36,6,417.1,320.6,15.7,137.2
5298,2024-06-10,102,22,1538.3,828.9,24.6,345.8
5299,2024-03-18,67,3,605.8,284.2,10.1,223.8
5300,2024-09-02,118,21,1236.4,869.1,17.3,370.1
5301,2024-04-15,44,17,0.0,929.8,0.0,817.8
5302,2023-06-12,6,11,1681.8,608.4,8.5,400.9
5303,2023-06-12,32,22,305.3,170.0,10.5,121.0
5304,2025-08-04,40,12,1330.2,1553.8,8.7,975.2
5305,2024-08-05,107,21,329.1,411.7,4.6,711.8
5306,2024-11-25,22,21,0.0,484.3,0.0,1476.1
5307,2023-04-17,87,12,1648.3,1280.6,5.6,1712.5
5308,2024-12-23,106,20,805.1,394.7,10.4,189.2
5309,2023-05-15,53,3,952.4,601.7,7.3,514.2
5310,2023-09-04,42,18,771.6,594.8,8.0,1165.7
5311,2024-10-28,43,1,177.2,346.8,2.3,793.3
5312,2025-09-29,37,4,31.1,1042.2,0.2,1825.4
5313,2025-01-20,18,19,0.0,994.5,0.0,1995.2
5314,2023-01-01,95,11,1594.8,1530.3,7.8,1243.1
5315,2024-03-18,42,16,532.5,369.8,6.0,691.9
5316,2025-03-17,66,12,253.5,162.4,7.7,256.4
5317,2025-07-07,30,8,519.8,257.1,11.7,268.1
5318,2023-09-04,106,1,626.2,285.9,8.2,624.2
5319,2024-03-18,56,8,964.9,1837.9,6.0,804.7
5320,2025-01-20,24,17,108.9,91.8,3.6,176.3
5321,2024-11-25,40,20,47.5,1523.1,0.3,2532.5
5322,2023-01-23,36,8,645.6,334.2,22.4,111.2
5323,2025-08-04,43,10,270.1,340.5,3.4,694.0
5324,2025-06-09,29,5,863.2,475.8,20.6,199.8
5325,2023-07-10,37,22,814.0,981.1,4.0,866.4
5326,2025-04-14,102,16,840.0,515.3,19.0,203.9
5327,2023-10-30,43,12,0.0,359.1,0.0,2705.9
5328,2023-01-01,15,18,1267.4,931.0,10.0,314.5
5329,2025-06-09,100,4,336.9,87.1,16.1,73.4
5330,2025-11-24,109,20,0.0,790.0,0.0,2201.1
5331,2023-10-30,114,10,0.0,300.5,0.0,533.0
5332,2023-02-20,20,2,4325.5,1549.4,20.5,1696.1
5333,2023-01-01,114,21,1185.5,379.9,15.1,249.0
5334,2025-10-27,53,14,0.0,1347.8,0.0,11786.3
5335,2023-07-10,2,8,4507.1,976.7,25.8,1701.0
5336,2024-05-13,38,4,375.7,520.8,3.9,770.1
5337,2024-03-18,7,6,40.1,76.4,1.9,115.1
5338,2025-10-27,46,14,0.0,276.7,0.0,247.1
5339,2023-04-17,21,5,0.0,191.8,0.0,344.7
5340,2024-08-05,75,13,1206.2,372.2,15.7,255.0
5341,2025-11-24,25,5,224.2,116.9,10.9,118.4
5342,2024-10-28,98,12,927.2,368.3,8.9,292.4
5343,2023-04-17,95,11,5332.3,1530.3,26.1,927.1
5344,2025-04-14,119,7,0.0,187.2,0.0,292.6
5345,2025-04-14,16,12,362.7,371.0,4.8,488.0
5346,2023-03-20,112,15,217.2,392.9,2.7,261.1
5347,2023-12-25,51,20,1095.2,308.4,28.2,262.6
5348,2024-02-19,9,17,1062.2,366.3,14.2,385.5
5349,2023-10-02,4,22,1211.2,438.1,14.3,441.1
5350,2025-09-29,84,12,0.0,304.8,0.0,1149.1
5351,2024-12-23,72,5,344.9,533.9,4.9,699.4
5352,2023-09-04,88,22,1277.0,541.5,10.1,705.5
5353,2025-07-07,41,12,282.0,354.6,4.9,415.7
5354,2025-05-12,106,17,8.1,415.2,0.1,463.0
5355,2023-02-20,65,12,2191.3,1115.7,12.0,779.8
5356,2023-01-23,99,21,390.0,780.9,2.9,693.4
5357,2025-09-29,117,18,0.0,198.3,0.0,517.7
5358,2023-10-30,71,1,210.2,526.2,2.9,241.0
5359,2024-05-13,94,20,0.0,362.3,0.0,531.9
5360,2024-03-18,104,9,353.6,296.0,12.9,405.6
5361,2025-12-22,25,1,0.0,177.0,0.0,283.0
5362,2023-11-27,88,15,192.7,266.1,3.0,274.1
5363,2025-05-12,96,3,313.8,325.2,4.8,414.2
5364,2025-06-09,48,13,867.3,817.7,5.0,636.6
5365,2025-09-01,78,17,0.0,696.7,0.0,1972.5
5366,2023-12-25,54,4,1495.7,624.3,9.7,1280.9
5367,2025-10-27,106,8,661.1,322.5,11.4,266.6
5368,2024-01-22,28,8,3387.4,1678.8,22.1,597.4
5369,2024-09-02,72,5,835.4,533.9,11.8,455.4
5370,2023-03-20,54,7,552.7,549.5,3.9,1055.0
5371,2025-12-22,74,21,1331.3,1789.6,3.4,3147.0
5372,2025-06-09,111,3,822.4,899.1,5.4,1206.8
5373,2025-06-09,115,8,330.0,1539.3,2.3,1574.3
5374,2025-08-04,99,6,0.0,434.8,0.0,836.1
5375,2024-04-15,47,10,348.1,1429.1,1.2,1733.5
5376,2025-09-29,10,3,286.1,197.3,9.1,215.3
5377,2024-06-10,4,10,1287.2,403.1,14.8,352.1
5378,2024-09-02,119,15,90.2,113.0,3.3,201.0
5379,2024-08-05,60,6,524.4,284.3,8.4,579.5
5380,2024-07-08,18,18,2156.7,1145.8,8.0,1728.2
5381,2025-05-12,3,15,747.2,321.4,12.1,252.9
5382,2024-04-15,53,20,1306.4,813.5,5.2,3477.0
5383,2023-10-30,42,8,829.0,544.7,8.3,837.4
5384,2025-08-04,26,4,1340.9,567.2,13.3,662.1
5385,2025-11-24,35,15,1157.5,1108.4,5.8,2159.7
5386,2025-12-22,69,2,0.0,341.4,0.0,654.6
5387,2023-02-20,81,13,229.1,329.8,2.8,470.5
5388,2025-10-27,48,1,2809.1,1089.4,8.9,2116.1
5389,2025-07-07,6,22,635.8,1069.3,2.8,872.2
5390,2023-01-23,51,1,725.9,305.1,19.9,85.5
5391,2024-08-05,116,15,1116.9,533.8,20.3,199.4
5392,2025-10-27,65,19,3195.6,1189.3,26.5,865.0
5393,2025-08-04,16,11,956.0,388.3,13.2,392.9
5394,2023-10-02,3,19,0.0,474.2,0.0,928.1
5395,2025-05-12,92,11,0.0,1000.0,0.0,3426.6
5396,2024-09-02,51,7,177.0,365.8,4.7,229.2
5397,2023-09-04,43,1,709.5,346.8,9.2,261.0
5398,2024-05-13,81,4,1859.0,812.9,10.6,778.8
5399,2025-05-12,66,16,238.2,92.0,10.6,157.4
5400,2025-09-29,12,13,1109.4,636.2,7.8,662.2
5401,2024-11-25,117,18,559.3,198.3,11.0,221.1
5402,2024-07-08,105,2,1589.9,1354.8,12.1,711.9
5403,2024-12-23,87,22,1028.7,941.8,3.3,3276.0
5404,2024-01-22,34,11,0.0,349.7,0.0,743.7
5405,2023-01-23,44,15,981.7,330.6,20.9,280.4
5406,2024-04-15,1,20,2072.3,1975.1,10.6,733.9
5407,2023-04-17,61,22,266.9,234.9,11.5,194.4
5408,2023-11-27,95,11,0.0,1530.3,0.0,1710.9
5409,2023-06-12,55,8,0.0,1018.9,0.0,2073.0
5410,2023-03-20,82,6,763.1,276.4,13.1,271.6
5411,2023-06-12,56,8,496.5,1837.9,3.1,1167.7
5412,2025-07-07,76,9,124.2,109.4,14.1,100.7
5413,2025-07-07,54,12,1007.9,644.6,6.0,566.2
5414,2023-07-10,102,8,59.8,473.0,1.3,481.9
5415,2023-06-12,9,15,164.4,144.0,4.2,199.0
5416,2025-09-29,94,20,120.1,362.3,1.5,982.5
5417,2025-03-17,72,2,2377.5,1419.0,18.2,723.8
5418,2023-05-15,7,5,11.6,69.1,0.7,97.4
5419,2025-07-07,1,13,0.0,670.2,0.0,404.8
5420,2023-01-01,1,21,1629.9,1709.9,9.6,491.6
5421,2025-07-07,80,5,483.3,179.0,9.8,389.7
5422,2025-09-01,49,17,0.0,824.9,0.0,1491.0
5423,2025-05-12,120,12,0.0,349.9,0.0,496.3
5424,2023-10-02,48,17,2461.4,1622.8,8.9,1372.2
5425,2023-01-23,1,14,2653.0,1472.3,14.7,940.5
5426,2023-01-23,71,17,1327.0,688.2,22.4,311.8
5427,2023-08-07,16,21,0.0,353.3,0.0,832.5
5428,2024-09-30,45,16,1180.8,506.6,12.3,345.1
5429,2024-11-25,72,10,3648.0,1523.0,26.2,885.3
5430,2024-12-23,2,22,0.0,2547.9,0.0,2018.5
5431,2024-07-08,82,21,1108.4,381.3,12.6,399.1
5432,2023-01-23,45,9,1196.8,399.5,10.3,447.8
5433,2025-11-24,41,8,121.7,139.2,3.2,260.5
5434,2025-09-29,20,15,0.0,824.7,0.0,839.4
5435,2023-11-27,2,7,0.0,2044.2,0.0,3312.8
5436,2025-04-14,109,21,303.4,641.1,2.3,972.0
5437,2025-04-14,67,10,754.4,486.0,6.1,832.8
5438,2023-05-15,54,4,1427.4,624.3,9.2,1095.4
5439,2023-12-25,71,2,1609.9,797.9,22.5,595.4
5440,2025-05-12,52,19,122.2,139.9,3.0,235.8
5441,2023-05-15,81,4,1465.2,812.9,8.3,978.0
5442,2023-09-04,47,20,0.0,1025.6,0.0,1793.6
5443,2024-02-19,17,14,1240.9,502.5,27.2,86.9
5444,2023-12-25,79,2,1184.5,1301.2,8.1,1008.7
5445,2024-01-22,13,15,769.8,263.7,31.4,99.8
5446,2023-03-20,87,21,342.7,1095.0,1.2,1033.7
5447,2025-03-17,34,22,359.8,370.0,5.3,714.1
5448,2025-07-07,45,9,455.7,399.5,3.9,808.9
5449,2025-03-17,72,9,0.0,945.9,0.0,546.8
5450,2024-12-23,26,14,0.0,346.3,0.0,2065.5
5451,2023-09-04,93,15,29.4,148.8,0.7,215.8
5452,2023-10-30,2,22,1714.1,2547.9,8.0,890.0
5453,2025-05-12,8,8,254.1,1123.0,1.5,1070.3
5454,2024-11-25,45,20,525.2,587.0,3.6,1787.5
5455,2023-11-27,1,1,1458.0,1806.9,8.1,654.0
5456,2024-04-15,48,4,0.0,1351.2,0.0,4096.6
5457,2023-02-20,52,4,486.4,192.6,10.5,128.6
5458,2023-05-15,103,10,175.6,222.8,4.2,179.4
5459,2024-05-13,64,14,1192.3,631.4,7.8,934.4
5460,2024-09-02,33,20,65.5,48.2,6.8,93.7
5461,2023-08-07,71,6,269.5,580.0,5.7,636.4
5462,2024-02-19,52,19,134.6,139.9,3.3,236.4
5463,2025-02-17,97,11,48.0,196.6,1.7,136.9
5464,2025-01-20,25,1,260.6,177.0,7.4,329.8
5465,2024-04-15,28,3,1070.9,731.9,11.1,394.1
5466,2024-12-23,11,13,1594.9,792.0,11.2,1005.4
5467,2024-04-15,58,5,108.9,718.7,0.8,860.7
5468,2023-06-12,98,6,556.9,282.2,8.1,415.3
5469,2024-07-08,12,21,3733.1,1289.8,14.5,1072.8
5470,2025-06-09,11,12,0.0,1526.5,0.0,3982.5
5471,2023-10-30,73,10,0.0,964.2,0.0,704.1
5472,2025-07-07,111,22,1763.2,1560.6,5.3,1731.8
5473,2023-01-01,40,12,1868.3,1553.8,12.2,308.1
5474,2024-07-08,5,7,467.1,662.3,3.5,361.9
5475,2025-02-17,34,6,756.0,284.3,16.8,239.3
5476,2025-12-22,26,7,813.4,427.3,8.6,892.7
5477,2025-11-24,19,3,0.0,113.3,0.0,536.5
5478,2025-06-09,51,20,754.3,308.4,19.4,166.7
5479,2025-10-27,44,15,0.0,330.6,0.0,230.0
5480,2024-02-19,38,16,738.2,216.6,10.9,266.5
5481,2023-01-01,99,19,774.6,648.5,6.5,411.8
5482,2025-12-22,87,21,292.5,1095.0,1.1,3686.4
5483,2023-11-27,83,5,0.0,480.5,0.0,1758.4
5484,2023-09-04,17,1,863.1,420.1,19.5,234.7
5485,2025-04-14,95,15,1507.5,1109.1,14.0,611.3
5486,2024-03-18,18,19,1015.9,994.5,3.3,3044.8
5487,2023-02-20,87,8,382.4,975.6,1.7,1046.4
5488,2024-04-15,106,1,978.9,285.9,12.8,379.9
5489,2023-06-12,35,19,1811.8,1516.6,5.2,2226.3
5490,2023-10-30,1,1,0.0,1806.9,0.0,1737.1
5491,2025-08-04,68,8,1702.2,751.4,9.2,607.7
5492,2023-12-25,20,15,852.0,824.7,7.7,1472.5
5493,2025-10-27,119,14,70.3,279.0,1.3,351.2
5494,2025-05-12,105,13,0.0,458.6,0.0,350.6
5495,2024-12-23,26,17,998.1,309.1,11.8,209.8
5496,2024-09-30,112,13,30.9,363.7,0.5,376.1
5497,2023-10-02,74,18,0.0,975.1,0.0,4901.7
5498,2023-12-25,13,20,190.1,389.2,4.1,345.4
5499,2025-04-14,41,8,549.2,139.2,14.4,189.3
5500,2024-01-22,1,21,2733.4,1709.9,16.1,559.4
5501,2024-11-25,104,12,61.4,282.7,1.8,127.3
5502,2023-09-04,83,13,184.5,747.8,1.2,1425.0
5503,2023-04-17,72,9,1967.5,945.9,17.9,469.7
5504,2025-04-14,48,1,520.0,1089.4,1.7,2596.8
5505,2023-05-15,79,9,3015.1,1022.0,25.4,871.9
5506,2025-09-29,23,9,666.7,727.0,3.6,1138.0
5507,2025-09-29,79,1,2147.7,1101.9,16.0,391.9
5508,2024-01-22,3,13,979.5,366.6,17.2,157.5
5509,2024-07-08,33,19,52.7,34.3,6.9,52.1
5510,2024-12-23,48,18,2660.9,1409.9,10.5,1533.6
5511,2023-08-07,63,19,2748.8,875.5,20.0,296.8
5512,2025-02-17,91,6,1717.2,540.4,25.7,382.4
5513,2025-07-07,1,14,4414.7,1472.3,24.4,1137.2
5514,2023-04-17,1,10,1678.1,1165.0,9.2,868.8
5515,2023-01-01,50,9,271.0,1127.9,1.5,2238.2
5516,2023-10-30,10,9,535.7,280.7,10.0,488.4
5517,2024-09-02,112,9,1156.6,562.7,9.2,651.9
5518,2025-05-12,27,14,0.0,593.7,0.0,2599.8
5519,2025-06-09,42,10,1539.2,730.0,11.6,668.7
5520,2024-05-13,25,18,243.6,133.2,8.0,203.0
5521,2023-01-01,73,10,1274.1,964.2,14.0,357.8
5522,2024-01-22,38,8,773.1,362.2,10.4,185.5
5523,2025-10-27,79,6,669.9,924.1,6.8,1082.9
5524,2024-08-05,97,2,454.0,302.8,15.3,158.7
5525,2023-06-12,50,15,334.2,694.9,2.7,683.6
5526,2025-04-14,44,6,1264.4,748.1,20.0,240.6
5527,2023-07-10,82,4,862.4,332.9,9.4,300.6
5528,2024-03-18,71,15,93.8,306.2,2.9,142.0
5529,2025-12-22,106,16,125.1,204.2,2.3,209.9
5530,2025-05-12,22,22,0.0,754.9,0.0,1896.9
5531,2023-10-30,73,16,0.0,651.9,0.0,648.9
5532,2024-05-13,20,9,2868.4,1276.9,16.7,498.5
5533,2023-01-23,55,13,533.9,558.6,3.7,674.9
5534,2024-01-22,35,19,2634.9,1516.6,7.5,1443.1
5535,2023-01-23,86,15,731.8,319.2,7.3,668.0
5536,2025-07-07,15,2,2142.0,1277.7,12.0,505.4
5537,2023-04-17,13,17,280.9,472.0,6.9,373.0
5538,2024-08-05,106,16,0.0,204.2,0.0,373.7
5539,2023-05-15,2,14,2574.9,1629.8,12.0,924.6
5540,2023-12-25,38,7,39.1,306.2,0.5,1143.3
5541,2023-09-04,64,14,0.0,631.4,0.0,1115.0
5542,2025-02-17,73,18,2033.4,767.1,30.7,513.2
5543,2023-05-15,19,5,301.4,159.0,9.2,114.0
5544,2024-03-18,64,14,360.9,631.4,2.4,336.8
5545,2025-06-09,57,16,770.6,622.9,10.6,342.7
5546,2024-09-02,69,14,140.4,421.4,1.7,314.1
5547,2023-03-20,22,9,465.2,632.9,4.2,787.8
5548,2023-12-25,23,5,1264.8,555.2,9.9,322.9
5549,2024-04-15,18,15,0.0,662.8,0.0,1241.3
5550,2023-08-07,117,18,0.0,198.3,0.0,484.8
5551,2023-05-15,85,6,820.5,312.7,12.6,206.5
5552,2023-08-07,19,17,466.9,265.6,8.4,407.9
5553,2023-05-15,107,22,0.0,360.1,0.0,780.5
5554,2023-05-15,35,12,0.0,2577.0,0.0,5470.3
5555,2024-08-05,56,3,289.2,1209.0,2.6,1443.9
5556,2025-12-22,35,2,654.2,1653.1,1.6,1671.9
5557,2025-04-14,45,13,794.7,404.1,11.5,545.7
5558,2023-10-02,30,9,452.3,181.7,8.7,109.7
5559,2024-01-22,94,4,413.0,430.0,5.3,716.8
5560,2023-10-02,28,19,144.8,1650.5,0.9,1428.8
5561,2023-05-15,48,17,1227.5,1622.8,4.4,1953.3
5562,2024-04-15,53,14,1831.0,1347.8,6.8,674.9
5563,2024-09-02,24,4,160.9,122.2,5.3,194.6
5564,2025-09-29,7,6,0.0,76.4,0.0,190.7
5565,2023-03-20,111,3,675.3,899.1,4.4,1237.6
5566,2023-05-15,71,22,1270.0,490.0,17.1,380.1
5567,2024-11-25,77,5,274.6,171.9,10.5,258.3
5568,2023-02-20,34,22,211.7,370.0,3.1,269.9
5569,2025-06-09,108,7,0.0,387.9,0.0,248.1
5570,2025-09-01,106,1,560.5,285.9,7.3,689.8
5571,2024-03-18,112,18,351.4,562.2,3.6,457.5
5572,2023-01-23,1,12,3355.4,1754.4,17.4,578.8
5573,2024-08-05,15,8,603.4,1145.8,5.0,374.6
5574,2023-02-20,102,22,66.6,828.9,1.1,241.6
5575,2025-04-14,37,16,304.1,526.6,2.4,1107.3
5576,2025-12-22,6,2,1486.6,643.6,8.0,1101.6
5577,2024-12-23,104,12,602.1,282.7,18.1,126.8
5578,2025-09-29,118,15,749.5,433.3,19.4,65.9
5579,2023-04-17,26,18,225.7,298.4,2.9,366.9
5580,2024-12-23,25,13,148.3,87.9,7.5,115.3
5581,2023-01-23,94,2,0.0,421.7,0.0,567.4
5582,2024-12-23,42,10,479.4,730.0,3.6,1328.5
5583,2023-01-23,62,22,775.7,601.0,5.0,1498.3
5584,2024-12-23,22,20,0.0,538.9,0.0,1503.3
5585,2023-08-07,92,2,961.2,888.4,5.1,993.1
5586,2025-09-29,58,6,2711.9,699.0,14.0,1268.7
5587,2024-02-19,118,6,0.0,550.0,0.0,1340.3
5588,2024-11-25,96,3,0.0,325.2,0.0,1506.4
5589,2023-08-07,41,22,271.6,306.6,5.2,518.1
5590,2023-07-10,55,16,0.0,687.4,0.0,2626.7
5591,2024-11-25,5,7,30.3,662.3,0.2,1110.9
5592,2023-01-23,67,22,1662.7,827.1,12.6,898.1
5593,2025-10-27,73,21,1143.1,646.5,13.6,756.7
5594,2023-01-01,81,20,1636.4,989.5,9.0,737.4
5595,2023-11-27,32,19,81.4,89.0,3.5,229.6
5596,2024-07-08,86,15,677.4,319.2,6.7,680.7
5597,2024-09-02,64,5,648.2,349.7,8.6,943.1
5598,2025-06-09,24,13,246.1,52.9,16.6,24.7
5599,2024-06-10,21,5,315.1,191.8,8.1,155.1
5600,2025-07-07,105,17,1892.3,907.8,17.5,449.8
5601,2025-10-27,99,6,0.0,434.8,0.0,963.7
5602,2024-04-15,3,19,709.5,474.2,7.1,978.1
5603,2024-09-30,21,7,0.0,356.7,0.0,479.5
5604,2024-05-13,79,1,2003.9,1101.9,15.0,1091.0
5605,2025-02-17,41,12,0.0,354.6,0.0,663.3
5606,2025-02-17,104,10,0.0,353.2,0.0,425.5
5607,2025-11-24,70,10,0.0,397.9,0.0,386.9
5608,2023-03-20,52,2,390.0,269.0,8.6,435.9
5609,2025-07-07,40,6,2090.1,951.5,21.3,516.3
5610,2025-09-01,67,2,1051.2,762.4,8.1,469.5
5611,2025-12-22,92,2,500.6,888.4,2.6,1753.1
5612,2025-05-12,11,9,457.3,1138.3,1.8,1408.2
5613,2025-12-22,13,11,320.9,411.6,7.1,212.1
5614,2024-07-08,4,4,453.0,346.1,5.7,731.5
5615,2023-08-07,54,10,471.7,557.4,2.8,732.7
5616,2025-04-14,10,12,582.4,330.8,8.8,274.0
5617,2024-10-28,51,7,113.3,365.8,3.0,193.4
5618,2024-08-05,87,13,117.5,695.9,0.9,1670.2
5619,2024-07-08,104,9,562.5,296.0,20.5,126.7
5620,2025-07-07,43,1,6.5,346.8,0.1,667.4
5621,2024-08-05,24,1,205.4,153.0,7.0,274.0
5622,2023-01-23,53,14,2984.4,1347.8,11.2,824.8
5623,2025-06-09,75,21,0.0,716.5,0.0,873.2
5624,2025-10-27,25,1,162.6,177.0,4.6,160.2
5625,2024-12-23,13,5,277.4,266.9,11.2,190.7
5626,2024-10-28,28,19,2329.0,1650.5,14.1,1001.1
5627,2024-02-19,106,4,851.0,447.1,11.3,334.8
5628,2025-08-04,119,21,643.9,224.9,12.6,285.7
5629,2023-06-12,44,13,385.5,355.5,9.2,226.7
5630,2025-09-01,29,7,2051.0,727.9,27.9,362.8
5631,2024-10-28,37,3,51.3,423.3,0.5,542.1
5632,2025-12-22,57,15,1339.6,488.0,24.7,329.3
5633,2023-06-12,35,15,1355.2,1108.4,6.8,1310.6
5634,2024-07-08,72,2,2944.7,1419.0,22.6,1170.1
5635,2023-10-02,35,16,3240.9,1269.1,11.9,1161.0
5636,2024-06-10,33,16,81.5,28.5,11.9,23.4
5637,2024-10-28,111,19,1401.0,1384.7,5.3,1682.2
5638,2023-11-27,116,17,1627.2,654.8,18.1,645.0
5639,2024-10-28,37,19,1565.3,664.7,9.8,624.8
5640,2023-10-02,7,17,59.4,125.9,2.3,208.3
5641,2023-01-01,11,9,1354.5,1138.3,5.3,2558.9
5642,2023-05-15,1,12,2967.5,1754.4,15.4,2406.2
5643,2025-09-01,32,3,8.8,47.1,0.6,215.1
5644,2023-02-20,66,18,28.1,135.4,1.1,240.5
5645,2025-05-12,30,8,0.0,257.1,0.0,403.4
5646,2023-04-17,34,12,732.1,298.3,10.0,403.0
5647,2023-01-23,75,21,1578.0,716.5,10.3,712.0
5648,2024-02-19,2,22,1546.4,2547.9,7.2,875.8
5649,2024-05-13,38,19,546.6,333.6,6.2,375.7
5650,2023-10-02,63,2,0.0,1144.2,0.0,1556.0
5651,2023-03-20,58,18,0.0,860.6,0.0,4198.6
5652,2024-03-18,37,4,1198.6,1042.2,6.9,948.8
5653,2024-07-08,78,17,1531.0,696.7,9.1,642.0
5654,2024-07-08,34,6,646.2,284.3,14.3,124.0
5655,2023-01-01,69,14,1225.2,421.4,14.9,502.6
5656,2024-05-13,43,12,623.6,359.1,7.3,411.9
5657,2023-08-07,43,10,1300.1,340.5,16.4,297.5
5658,2025-07-07,56,8,2326.8,1837.9,14.4,1889.0
5659,2024-12-23,23,3,88.9,445.3,0.7,408.2
5660,2023-01-01,39,14,1447.5,483.0,11.3,724.3
5661,2023-09-04,87,13,1176.0,695.9,8.8,839.4
5662,2023-08-07,79,6,2265.5,924.1,23.2,471.5
5663,2023-03-20,29,10,1319.5,898.5,16.2,312.4
5664,2025-08-04,52,4,236.4,192.6,5.1,276.7
5665,2024-08-05,115,1,0.0,1637.3,0.0,2116.5
5666,2025-10-27,84,5,50.6,203.2,1.5,185.6
5667,2024-09-30,1,3,1576.0,651.0,17.1,440.8
5668,2024-09-30,104,19,332.2,240.4,12.4,191.6
5669,2025-11-24,118,17,0.0,595.7,0.0,600.5
5670,2025-06-09,18,21,0.0,1229.4,0.0,5617.1
5671,2023-07-10,3,15,575.0,321.4,9.3,425.1
5672,2023-07-10,67,1,1243.9,619.4,10.7,633.2
5673,2025-08-04,30,8,199.4,257.1,4.5,455.4
5674,2023-06-12,107,9,0.0,356.1,0.0,760.0
5675,2025-09-29,104,6,230.2,203.9,10.5,89.5
5676,2025-10-27,18,3,1665.1,698.6,8.9,1069.6
5677,2023-03-20,48,1,1399.1,1089.4,4.4,1133.4
5678,2025-07-07,32,3,113.0,47.1,8.2,60.7
5679,2024-07-08,25,4,170.7,127.9,4.4,140.2
5680,2025-09-29,59,20,1129.0,896.5,3.9,432.4
5681,2025-05-12,76,18,111.4,65.3,15.1,45.8
5682,2023-05-15,34,4,744.7,371.8,11.7,504.2
5683,2024-08-05,3,4,854.4,401.0,6.8,417.4
5684,2025-02-17,29,1,1293.8,830.6,15.3,1048.7
5685,2025-11-24,24,3,0.0,58.6,0.0,163.6
5686,2024-11-25,94,14,265.1,425.2,3.3,537.0
5687,2024-11-25,16,21,35.6,353.3,0.5,326.0
5688,2024-07-08,47,20,1643.3,1025.6,6.1,1505.3
5689,2023-12-25,23,22,1444.6,1490.3,6.4,2203.6
5690,2025-09-01,3,15,666.3,321.4,10.8,402.2
5691,2025-09-01,62,9,558.8,547.8,4.3,834.3
5692,2023-12-25,36,14,1364.1,271.1,40.9,250.9
5693,2023-12-25,87,21,0.0,1095.0,0.0,4434.7
5694,2023-10-30,57,2,689.8,1113.8,5.6,1017.8
5695,2024-05-13,16,11,335.9,388.3,4.6,511.3
5696,2023-01-01,98,10,684.2,360.3,7.1,409.9
5697,2023-01-23,107,9,1097.9,356.1,18.1,206.0
5698,2025-05-12,34,18,402.0,250.9,8.4,235.0
5699,2025-09-29,55,11,1690.0,1351.3,6.6,827.7
5700,2023-10-02,98,11,682.3,451.6,8.1,443.9
5701,2024-01-22,35,13,570.8,766.3,2.9,1856.9
5702,2024-05-13,53,9,424.7,1160.7,2.0,2143.9
5703,2024-08-05,44,22,1068.7,613.7,11.7,415.8
5704,2024-05-13,75,6,84.6,478.2,0.8,410.2
5705,2023-01-23,47,18,235.0,1163.9,1.1,995.0
5706,2023-05-15,37,13,1442.7,388.9,16.5,540.9
5707,2025-03-17,68,18,1535.7,1111.6,8.4,1123.8
5708,2024-09-30,87,12,2265.2,1280.6,7.7,996.0
5709,2025-02-17,53,5,0.0,550.8,0.0,918.5
5710,2023-05-15,95,19,0.0,1190.0,0.0,2213.1
5711,2024-05-13,98,6,261.5,282.2,3.8,336.8
5712,2025-09-01,10,10,0.0,247.5,0.0,968.8
5713,2023-05-15,84,13,64.1,145.4,2.1,173.1
5714,2024-01-22,38,19,1162.4,333.6,13.2,315.3
5715,2025-04-14,96,12,514.9,675.2,3.6,567.4
5716,2023-04-17,98,9,0.0,305.0,0.0,686.9
5717,2023-01-01,85,19,549.3,443.0,6.9,523.1
5718,2023-05-15,75,11,103.9,732.1,0.7,1338.1
5719,2024-03-18,38,1,764.2,493.6,8.2,338.6
5720,2023-02-20,98,19,494.7,333.6,6.1,392.2
5721,2024-06-10,42,14,934.3,590.3,7.6,491.6
5722,2023-01-23,45,15,587.5,400.3,7.3,209.3
5723,2024-07-08,100,20,120.2,89.6,5.4,150.8
5724,2025-02-17,71,22,136.7,490.0,1.8,540.4
5725,2025-04-14,38,4,1153.4,520.8,12.0,351.9
5726,2023-11-27,9,16,603.5,331.5,10.2,301.0
5727,2023-08-07,113,10,0.0,373.6,0.0,664.0
5728,2025-10-27,115,14,1448.1,1435.7,7.6,1313.1
5729,2025-06-09,88,17,1394.8,384.0,12.9,546.6
5730,2023-09-04,120,19,789.1,256.9,10.5,363.3
5731,2025-01-20,70,8,736.0,355.5,20.8,183.0
5732,2023-05-15,13,20,815.9,389.2,17.5,292.3
5733,2025-09-29,87,22,2205.3,941.8,7.1,2099.4
5734,2023-06-12,26,10,0.0,419.3,0.0,735.9
5735,2023-08-07,40,6,553.1,951.5,5.6,914.0
5736,2024-11-25,61,19,419.5,140.7,22.1,100.2
5737,2025-11-24,109,17,501.3,573.9,4.4,722.5
5738,2023-08-07,93,15,0.0,148.8,0.0,489.9
5739,2023-04-17,84,7,181.9,355.2,3.0,714.1
5740,2024-09-30,36,13,370.9,197.4,21.6,63.1
5741,2023-01-23,84,12,210.1,304.8,2.9,842.1
5742,2023-12-25,119,4,298.2,191.6,6.2,401.8
5743,2025-11-24,34,22,651.6,370.0,9.5,372.7
5744,2024-01-22,42,16,868.7,369.8,9.8,537.1
5745,2025-08-04,21,15,149.2,227.9,3.5,374.2
5746,2023-11-27,119,16,256.7,178.9,7.0,189.9
5747,2024-04-15,108,7,327.2,387.9,9.6,387.5
5748,2025-03-17,86,7,1523.4,706.6,9.6,649.5
5749,2023-04-17,58,18,2505.4,860.6,10.9,591.4
5750,2023-11-27,34,12,359.8,298.3,4.9,577.0
5751,2024-03-18,82,3,0.0,177.7,0.0,489.3
5752,2023-03-20,111,15,0.0,690.0,0.0,1439.4
5753,2023-04-17,94,3,527.2,158.9,13.1,218.4
5754,2023-12-25,56,6,1100.4,1535.4,7.5,1091.7
5755,2024-04-15,98,11,680.8,451.6,8.1,606.2
5756,2024-04-15,17,11,365.0,411.7,8.3,196.5
5757,2023-01-23,13,20,375.6,389.2,8.1,334.1
5758,2023-11-27,96,12,403.9,675.2,2.8,1151.4
5759,2024-02-19,82,7,0.0,330.4,0.0,689.2
5760,2024-09-02,44,1,338.4,777.2,4.2,1166.6
5761,2023-04-17,32,1,308.0,137.0,11.0,109.5
5762,2025-04-14,79,1,2302.3,1101.9,17.2,704.4
5763,2023-01-23,34,6,248.3,284.3,5.5,233.2
5764,2025-10-27,43,18,0.0,271.1,0.0,453.0
5765,2023-01-23,93,14,0.0,303.1,0.0,712.5
5766,2023-01-23,87,21,2983.0,1095.0,10.8,995.9
5767,2024-09-02,58,20,2898.9,1604.8,9.5,1587.6
5768,2024-04-15,34,22,0.0,370.0,0.0,652.2
5769,2025-02-17,58,3,1455.6,814.0,10.3,728.1
5770,2024-02-19,111,10,0.0,1092.1,0.0,2454.9
5771,2025-08-04,20,21,1433.7,2100.4,6.8,1298.8
5772,2024-07-08,58,1,71.8,1659.8,0.2,3054.5
5773,2024-10-28,75,10,906.0,496.1,6.0,705.3
5774,2025-12-22,74,2,2923.6,1363.0,6.7,3294.2
5775,2024-01-22,23,14,0.0,1006.0,0.0,4427.0
5776,2025-12-22,17,19,0.0,339.3,0.0,430.6
5777,2024-04-15,40,6,2102.4,951.5,21.4,660.4
5778,2023-11-27,117,8,338.1,199.2,6.6,305.2
5779,2023-09-04,5,7,1309.5,662.3,9.8,376.5
5780,2024-12-23,22,9,0.0,632.9,0.0,1171.8
5781,2025-08-04,22,18,1537.1,568.2,15.4,424.4
5782,2025-08-04,42,16,149.7,369.8,1.7,1074.8
5783,2024-01-22,49,4,2279.2,880.7,10.4,829.0
5784,2024-12-23,10,10,656.6,247.5,10.1,304.0
5785,2024-05-13,4,21,0.0,303.6,0.0,671.3
5786,2024-07-08,1,3,0.0,651.0,0.0,196.3
5787,2023-01-23,32,17,97.6,80.0,3.7,117.3
5788,2024-09-02,54,12,16.7,644.6,0.1,1050.8
5789,2023-05-15,111,3,1467.1,899.1,9.7,1307.1
5790,2025-08-04,105,17,0.0,907.8,0.0,550.0
5791,2025-05-12,3,1,0.0,436.8,0.0,949.2
5792,2025-09-29,101,3,3.6,40.3,0.4,57.0
5793,2024-10-28,45,11,1643.9,663.7,11.2,774.8
5794,2023-12-25,4,10,108.1,403.1,1.2,396.0
5795,2025-03-17,110,21,655.4,397.8,21.5,173.2
5796,2024-05-13,69,13,278.3,176.0,6.8,226.3
5797,2023-04-17,47,22,1797.3,1657.6,5.9,1744.0
5798,2025-03-17,29,8,1371.8,595.2,23.5,270.2
5799,2023-10-30,84,17,0.0,238.8,0.0,312.8
5800,2025-05-12,33,15,13.7,28.9,2.7,25.2
5801,2023-06-12,90,11,8.4,35.8,1.5,80.4
5802,2023-10-30,13,7,835.0,352.4,20.7,385.5
5803,2023-10-02,74,3,704.6,1072.7,3.6,2220.0
5804,2025-06-09,104,8,667.5,225.9,29.3,165.3
5805,2025-06-09,9,2,997.7,413.2,11.3,479.7
5806,2025-05-12,111,19,229.6,1384.7,0.9,2878.0
5807,2023-06-12,111,8,1922.4,1000.4,8.1,1448.6
5808,2023-12-25,104,10,263.5,353.2,8.2,170.5
5809,2024-02-19,44,17,51.8,929.8,0.7,357.0
5810,2023-09-04,22,5,558.3,287.1,8.2,383.8
5811,2025-09-01,5,11,789.8,692.2,5.3,1260.5
5812,2023-04-17,96,3,587.2,325.2,8.9,279.2
5813,2024-08-05,57,7,1105.8,1060.7,11.9,550.9
5814,2023-01-23,16,20,0.0,438.7,0.0,1789.8
5815,2025-12-22,24,4,205.7,122.2,6.8,149.7
5816,2023-11-27,70,13,747.7,264.0,33.1,138.2
5817,2023-10-02,117,14,830.3,434.4,12.3,333.3
5818,2023-05-15,88,10,29.8,635.5,0.2,696.7
5819,2023-06-12,58,21,4085.8,1007.7,14.1,1470.5
5820,2025-08-04,33,16,0.0,28.5,0.0,106.0
5821,2024-02-19,115,22,3552.1,2457.1,17.2,1384.7
5822,2023-01-01,52,10,265.1,151.9,5.4,714.8
5823,2024-07-08,2,22,2878.2,2547.9,13.4,1776.2
5824,2024-09-30,107,19,71.9,307.3,1.2,420.0
5825,2023-01-01,76,4,65.9,129.4,6.3,125.0
5826,2023-05-15,19,4,99.6,209.1,1.6,731.8
5827,2024-09-02,28,4,594.5,1912.3,2.8,1343.4
5828,2024-06-10,85,6,0.0,312.7,0.0,521.9
5829,2025-03-17,55,19,369.9,1101.4,1.5,2074.0
5830,2025-05-12,67,1,1542.9,619.4,13.2,672.6
5831,2023-08-07,45,4,1092.6,506.2,7.9,1138.3
5832,2025-12-22,75,11,563.5,732.1,3.9,1622.6
5833,2024-10-28,117,18,262.9,198.3,5.2,183.3
5834,2024-05-13,109,20,774.7,790.0,5.6,1108.9
5835,2024-03-18,59,18,0.0,1016.9,0.0,3973.2
5836,2025-02-17,36,8,391.3,334.2,13.6,151.7
5837,2024-05-13,101,6,44.2,53.1,3.6,92.9
5838,2025-10-27,115,10,1845.7,1992.9,10.0,803.5
5839,2024-10-28,90,11,86.8,35.8,15.5,24.0
5840,2025-10-27,81,11,1688.9,890.7,9.6,803.3
5841,2024-07-08,108,15,425.1,206.8,20.3,127.0
5842,2025-09-01,2,20,0.0,1676.9,0.0,1186.6
5843,2025-01-20,31,8,1052.4,533.9,10.4,287.9
5844,2024-08-05,8,9,2354.2,1215.1,10.9,843.4
5845,2025-08-04,51,11,861.3,428.1,21.8,277.6
5846,2024-02-19,4,10,382.0,403.1,4.4,585.8
5847,2025-02-17,40,2,1594.6,1732.1,10.5,818.4
5848,2023-12-25,18,18,2006.2,1145.8,7.5,1613.7
5849,2023-03-20,56,4,0.0,1786.3,0.0,1348.5
5850,2024-06-10,53,19,1593.8,889.9,7.2,762.7
5851,2024-01-22,2,13,1686.2,1169.0,14.4,247.5
5852,2025-02-17,74,21,4502.8,1789.6,11.6,1283.3
5853,2023-05-15,93,15,0.0,148.8,0.0,468.2
5854,2024-04-15,38,7,592.2,306.2,6.9,384.6
5855,2025-09-29,103,4,205.2,247.2,4.9,299.0
5856,2023-01-23,95,13,843.6,765.0,8.3,760.9
5857,2025-04-14,18,2,4496.4,1168.3,11.0,681.2
5858,2025-07-07,60,6,1060.0,284.3,17.0,279.2
5859,2023-10-30,85,1,0.0,311.7,0.0,918.6
5860,2024-09-30,41,12,527.2,354.6,9.1,394.9
5861,2024-03-18,30,17,496.0,245.2,9.8,298.5
5862,2024-09-02,94,2,313.9,421.7,3.8,459.7
5863,2025-01-20,111,13,1034.1,557.6,6.4,919.0
5864,2024-06-10,106,1,621.8,285.9,8.1,516.7
5865,2023-01-23,17,15,436.1,276.1,17.4,106.4
5866,2024-09-02,12,14,553.4,1407.4,2.1,904.4
5867,2024-12-23,45,11,1571.5,663.7,10.7,732.4
5868,2023-02-20,35,15,542.9,1108.4,2.7,952.9
5869,2023-09-04,3,21,325.6,747.4,2.9,1043.5
5870,2025-01-20,118,1,1048.4,799.9,13.8,336.1
5871,2025-08-04,119,7,54.5,187.2,1.2,232.4
5872,2023-08-07,114,2,537.9,459.6,7.1,255.2
5873,2023-06-12,43,12,788.0,359.1,9.2,310.9
5874,2024-05-13,112,22,1102.4,785.6,7.9,502.7
5875,2024-09-30,120,22,832.7,460.1,8.8,819.0
5876,2023-08-07,31,17,0.0,406.8,0.0,1559.9
5877,2023-10-30,111,8,0.0,1000.4,0.0,2123.7
5878,2024-03-18,103,4,215.7,247.2,5.1,488.8
5879,2025-03-17,87,8,2296.0,975.6,10.3,1456.8
5880,2023-12-25,114,13,46.5,135.0,1.2,551.0
5881,2023-10-02,95,11,2892.1,1530.3,14.1,2351.2
5882,2024-09-30,71,13,651.2,310.5,19.4,189.9
5883,2025-05-12,42,10,0.0,730.0,0.0,1881.5
5884,2024-10-28,35,13,1081.3,766.3,5.5,1346.4
5885,2024-09-02,82,3,0.0,177.7,0.0,222.5
5886,2023-04-17,37,17,2956.6,941.6,17.5,552.0
5887,2023-01-23,6,19,509.2,707.7,3.3,1391.1
5888,2024-06-10,48,18,219.0,1409.9,0.9,2642.7
5889,2023-12-25,63,1,1546.3,1056.9,9.5,1856.7
5890,2023-06-12,21,5,453.8,191.8,11.7,215.8
5891,2023-10-30,111,17,1142.3,1696.4,4.0,1839.3
5892,2024-08-05,80,4,336.6,423.6,3.5,344.3
5893,2023-07-10,16,7,143.7,407.6,2.1,618.9
5894,2024-05-13,73,16,0.0,651.9,0.0,643.2
5895,2023-01-23,120,6,418.7,270.0,6.5,455.0
5896,2024-07-08,53,1,3043.5,1454.6,11.8,1328.7
5897,2024-07-08,73,21,1504.9,646.5,17.9,535.6
5898,2024-09-02,32,11,180.1,126.0,6.2,93.2
5899,2025-01-20,49,5,164.1,445.2,1.5,1210.9
5900,2023-01-23,32,3,102.4,47.1,7.4,121.5
5901,2025-09-29,33,16,51.3,28.5,7.5,31.9
5902,2023-01-01,102,11,314.4,431.6,5.0,697.5
5903,2023-03-20,36,9,411.9,270.4,13.9,90.7
5904,2025-04-14,66,12,473.3,162.4,14.4,188.4
5905,2023-01-01,16,13,632.7,213.0,17.1,172.8
5906,2023-06-12,29,8,2072.6,595.2,35.6,683.0
5907,2024-04-15,84,15,11.6,196.3,0.3,295.3
5908,2024-09-30,79,1,2041.5,1101.9,15.2,503.4
5909,2025-01-20,71,2,2804.9,797.9,39.1,552.8
5910,2025-02-17,64,14,0.0,631.4,0.0,2097.2
5911,2024-12-23,51,13,574.4,227.6,29.4,94.7
5912,2025-01-20,45,15,172.3,400.3,2.1,370.9
5913,2025-09-01,26,10,289.3,419.3,2.8,1172.0
5914,2023-12-25,98,9,405.9,305.0,5.2,891.7
5915,2025-01-20,114,19,80.2,196.6,1.2,242.0
5916,2025-07-07,17,12,479.8,496.5,9.9,439.7
5917,2025-12-22,78,15,0.0,498.7,0.0,1232.4
5918,2024-08-05,19,6,336.2,250.3,7.8,237.3
5919,2023-11-27,10,2,502.3,363.6,7.4,781.8
5920,2024-03-18,17,19,734.1,339.3,19.6,124.3
5921,2025-12-22,36,13,273.9,197.4,16.0,105.0
5922,2023-09-04,35,2,4379.0,1653.1,10.7,1490.6
5923,2024-01-22,6,7,0.0,555.5,0.0,1814.5
5924,2023-07-10,58,1,2134.0,1659.8,7.2,1657.0
5925,2024-09-02,22,20,1051.5,538.9,8.1,698.8
5926,2025-08-04,62,9,1479.5,547.8,11.3,733.1
5927,2024-12-23,75,18,107.9,390.6,0.9,1660.1
5928,2023-05-15,78,3,802.6,517.1,9.6,585.1
5929,2024-05-13,53,1,1650.4,1454.6,6.4,1451.1
5930,2023-05-15,41,8,589.5,139.2,15.5,149.0
5931,2023-09-04,1,10,667.3,1165.0,3.7,654.4
5932,2023-07-10,77,19,0.0,455.8,0.0,295.4
5933,2024-09-30,50,20,1620.8,1395.6,6.6,1411.1
5934,2025-09-29,51,7,746.6,365.8,20.0,117.0
5935,2025-06-09,112,19,1255.5,595.7,10.2,355.6
5936,2024-09-02,13,5,246.2,266.9,9.9,133.5
5937,2024-09-30,50,9,1495.4,1127.9,8.1,966.5
5938,2025-02-17,56,5,1000.0,1463.1,8.2,1153.1
5939,2024-11-25,16,22,548.9,497.8,6.9,580.3
5940,2024-09-02,32,19,173.4,89.0,7.5,137.6
5941,2025-06-09,12,13,395.1,636.2,2.8,518.4
5942,2025-09-01,27,14,217.3,593.7,2.1,544.4
5943,2024-12-23,41,1,746.9,282.5,13.9,276.3
5944,2024-10-28,32,11,218.0,126.0,7.5,165.9
5945,2024-06-10,47,18,993.9,1163.9,4.7,1059.6
5946,2025-07-07,54,7,1376.9,549.5,9.7,516.7
5947,2025-07-07,82,6,523.2,276.4,9.0,290.7
5948,2025-01-20,109,15,1072.7,265.1,14.7,175.7
5949,2023-01-01,37,22,3628.1,981.1,18.0,756.8
5950,2025-04-14,8,13,1904.8,596.3,15.4,848.0
5951,2023-06-12,15,2,3615.8,1277.7,20.2,586.5
5952,2025-10-27,109,12,987.0,561.6,7.1,1064.1
5953,2023-01-01,109,20,1553.6,790.0,11.1,459.2
5954,2024-08-05,1,14,2118.4,1472.3,11.7,1766.8
5955,2023-09-04,107,21,1126.4,411.7,15.7,261.5
5956,2024-08-05,103,1,293.9,201.6,7.3,209.2
5957,2023-04-17,41,13,323.9,157.4,12.3,83.3
5958,2024-05-13,35,15,867.0,1108.4,4.3,2450.1
5959,2024-07-08,41,20,1034.1,199.2,18.0,164.2
5960,2024-02-19,4,19,180.8,301.3,2.9,381.4
5961,2023-02-20,119,16,188.0,178.9,5.1,295.9
5962,2025-04-14,75,6,1504.0,478.2,14.3,383.2
5963,2023-04-17,18,21,0.0,1229.4,0.0,3340.7
5964,2024-09-02,3,1,1448.1,436.8,12.1,395.0
5965,2025-12-22,104,17,375.5,253.7,13.6,158.8
5966,2023-04-17,13,21,1227.1,514.3,28.1,217.7
5967,2024-03-18,15,4,1464.5,1135.1,9.6,801.4
5968,2023-11-27,35,1,1831.6,1465.1,4.4,3088.2
5969,2024-05-13,45,5,340.8,396.7,4.5,511.9
5970,2023-10-02,1,12,456.3,1754.4,2.4,1475.4
5971,2023-06-12,86,20,2351.6,1014.6,11.6,743.3
5972,2025-09-01,35,1,1077.8,1465.1,2.6,5612.3
5973,2025-06-09,80,22,0.0,496.4,0.0,686.6
5974,2025-09-01,71,1,402.6,526.2,5.6,887.9
5975,2024-12-23,77,21,253.7,329.0,5.2,349.1
5976,2025-08-04,118,17,180.6,595.7,2.7,564.9
5977,2024-12-23,45,12,354.5,776.7,2.4,1655.9
5978,2023-04-17,4,22,453.4,438.1,5.3,642.3
5979,2025-05-12,17,21,355.1,440.3,7.6,174.4
5980,2025-01-20,17,15,207.2,276.1,8.3,180.8
5981,2025-09-29,32,19,226.3,89.0,9.7,114.4
5982,2025-08-04,5,7,395.1,662.3,3.0,838.1
5983,2023-05-15,64,10,1976.8,690.5,12.8,694.2
5984,2025-03-17,117,3,77.7,119.3,2.2,227.5
5985,2025-03-17,90,11,13.9,35.8,2.5,28.6
5986,2025-07-07,61,19,0.0,140.7,0.0,244.6
5987,2025-05-12,7,17,320.4,125.9,12.6,182.1
5988,2025-04-14,37,17,1671.2,941.6,9.9,1171.7
5989,2023-07-10,2,6,483.5,1255.7,2.9,1093.6
5990,2023-01-01,100,11,311.4,68.2,14.1,113.1
5991,2025-03-17,38,12,709.6,406.0,6.7,446.9
5992,2025-02-17,93,6,644.7,309.3,11.0,300.1
5993,2025-01-20,45,13,238.6,404.1,3.5,796.1
5994,2025-12-22,75,6,878.9,478.2,8.3,774.6
5995,2025-04-14,24,11,0.0,143.6,0.0,553.7
5996,2024-08-05,1,1,1404.0,1806.9,7.8,910.7
5997,2025-07-07,108,21,1037.7,308.9,27.4,102.8
5998,2025-11-24,10,12,0.0,330.8,0.0,948.1
5999,2023-10-02,109,15,233.2,265.1,3.2,821.6
6000,2023-01-01,48,13,1928.8,817.7,11.2,679.5
6001,2023-09-04,93,6,646.6,309.3,11.1,298.2
6002,2024-04-15,112,16,0.0,416.6,0.0,646.5
6003,2025-07-07,49,4,1161.0,880.7,5.3,1929.6
6004,2023-10-02,16,7,19.8,407.6,0.3,639.7
6005,2024-09-30,106,8,687.7,322.5,11.8,431.7
6006,2023-10-30,56,1,2482.1,1470.0,10.1,2649.1
6007,2023-07-10,20,12,4326.9,2053.9,19.9,1131.1
6008,2023-03-20,19,8,534.2,148.6,11.3,220.1
6009,2024-01-22,31,5,706.4,320.3,9.3,155.7
6010,2023-07-10,91,21,422.2,969.8,4.2,1201.7
6011,2023-09-04,107,12,0.0,304.1,0.0,1370.7
6012,2023-01-01,98,14,928.2,353.3,10.0,214.7
6013,2023-11-27,34,22,644.7,370.0,9.4,248.3
6014,2024-04-15,38,16,0.0,216.6,0.0,1039.3
6015,2024-07-08,80,12,0.0,524.7,0.0,1230.7
6016,2025-08-04,102,6,641.2,505.6,15.2,245.7
6017,2023-10-02,17,15,319.6,276.1,12.7,150.4
6018,2024-01-22,34,4,545.0,371.8,8.5,311.2
6019,2023-05-15,49,5,0.0,445.2,0.0,1281.8
6020,2024-03-18,78,17,836.0,696.7,5.0,1221.5
6021,2023-10-30,31,8,202.6,533.9,2.0,1037.6
6022,2023-12-25,6,4,974.7,858.1,5.0,633.4
6023,2025-05-12,82,21,1004.0,381.3,11.4,425.0
6024,2024-10-28,114,21,342.0,379.9,4.4,828.3
6025,2023-07-10,105,2,790.1,1354.8,6.0,1338.0
6026,2023-02-20,41,1,257.7,282.5,4.8,484.2
6027,2024-04-15,27,15,718.0,340.8,13.4,209.8
6028,2025-06-09,14,6,212.8,223.6,11.0,38.2
6029,2023-06-12,97,11,560.2,196.6,20.4,113.4
6030,2023-11-27,33,15,75.5,28.9,14.8,24.7
6031,2025-09-01,82,7,0.0,330.4,0.0,1085.2
6032,2025-05-12,85,1,1070.3,311.7,11.5,321.0
6033,2023-12-25,100,4,254.5,87.1,12.2,99.1
6034,2025-03-17,71,13,863.0,310.5,25.7,186.8
6035,2023-12-25,69,14,15.9,421.4,0.2,765.3
6036,2023-08-07,102,9,47.4,564.5,0.9,775.5
6037,2023-02-20,36,8,196.0,334.2,6.8,154.5
6038,2025-01-20,57,6,2065.2,681.7,27.7,361.1
6039,2024-05-13,25,5,112.9,116.9,5.5,76.1
6040,2025-09-01,35,9,883.4,1702.5,2.5,2169.6
6041,2023-06-12,34,12,196.1,298.3,2.7,153.7
6042,2025-11-24,34,4,308.6,371.8,4.8,594.4
6043,2025-11-24,76,13,132.1,56.1,25.5,15.9
6044,2023-07-10,7,6,125.2,76.4,6.0,35.8
6045,2025-12-22,67,4,909.7,650.5,7.9,485.1
6046,2023-10-30,98,6,0.0,282.2,0.0,322.6
6047,2024-01-22,46,14,861.1,276.7,37.2,59.6
6048,2025-05-12,4,7,77.2,259.3,1.0,421.0
6049,2023-11-27,63,4,0.0,1340.9,0.0,1170.6
6050,2024-10-28,111,17,1177.5,1696.4,4.1,1685.0
6051,2023-10-30,53,3,788.0,601.7,6.1,1061.9
6052,2025-01-20,110,7,0.0,206.1,0.0,292.6
6053,2025-06-09,49,4,1577.4,880.7,7.2,762.6
6054,2024-10-28,76,3,103.2,62.2,19.0,27.7
6055,2024-05-13,119,21,0.0,224.9,0.0,384.1
6056,2023-08-07,26,11,630.3,350.4,6.4,512.7
6057,2023-06-12,98,12,456.6,368.3,4.4,624.2
6058,2025-05-12,29,19,1347.5,733.4,19.0,276.3
6059,2024-07-08,43,20,355.0,294.4,4.6,975.7
6060,2023-06-12,11,13,1881.3,792.0,13.2,1142.6
6061,2024-10-28,27,14,1425.9,593.7,13.8,281.0
6062,2025-12-22,61,5,129.0,84.0,12.6,39.3
6063,2025-06-09,106,21,604.6,466.9,8.1,400.2
6064,2023-11-27,56,8,0.0,1837.9,0.0,488.8
6065,2024-02-19,23,2,772.6,855.4,3.3,1261.7
6066,2024-03-18,118,6,1032.6,550.0,19.6,164.4
6067,2023-05-15,16,21,77.4,353.3,1.0,495.6
6068,2024-12-23,34,6,644.9,284.3,14.3,178.9
6069,2024-09-30,16,11,761.9,388.3,10.5,578.3
6070,2025-01-20,93,15,61.5,148.8,1.4,180.3
6071,2023-11-27,66,13,114.1,73.2,6.8,130.6
6072,2024-06-10,71,16,0.0,373.4,0.0,348.1
6073,2025-06-09,34,4,0.0,371.8,0.0,718.0
6074,2025-05-12,34,12,300.3,298.3,4.1,260.8
6075,2025-09-29,87,8,593.1,975.6,2.7,663.7
6076,2025-10-27,108,21,136.2,308.9,3.6,300.8
6077,2025-10-27,8,19,1445.3,1069.6,7.2,673.4
6078,2024-09-30,10,12,481.0,330.8,7.3,513.2
6079,2024-06-10,15,13,904.9,881.9,11.5,412.3
6080,2024-01-22,114,13,38.3,135.0,1.0,114.9
6081,2023-11-27,30,21,350.4,367.6,5.9,780.6
6082,2024-05-13,74,22,1954.3,1630.4,4.6,2908.7
6083,2024-02-19,3,10,565.8,453.1,4.9,1625.9
6084,2023-07-10,92,11,1008.7,1000.0,5.8,1221.6
6085,2023-10-02,56,18,0.0,1360.0,0.0,948.3
6086,2023-09-04,27,19,1111.9,436.0,14.0,522.0
6087,2024-09-30,19,19,48.8,292.9,0.9,302.6
6088,2024-08-05,48,18,269.9,1409.9,1.1,1847.9
6089,2024-09-30,38,1,1176.9,493.6,12.7,259.4
6090,2023-08-07,104,18,255.7,207.5,10.3,168.4
6091,2025-09-29,106,21,553.8,466.9,7.4,390.3
6092,2024-11-25,42,5,331.0,328.7,4.9,527.6
6093,2023-09-04,3,4,123.2,401.0,1.0,538.0
6094,2024-01-22,57,2,3264.8,1113.8,26.5,415.7
6095,2025-04-14,14,3,0.0,112.4,0.0,120.6
6096,2023-02-20,120,22,903.9,460.1,9.5,393.5
6097,2025-09-29,41,22,153.9,306.6,3.0,271.0
6098,2023-03-20,87,22,0.0,941.8,0.0,2014.0
6099,2023-01-01,66,18,211.8,135.4,8.2,98.5
6100,2025-11-24,91,11,685.4,780.6,8.1,431.0
6101,2025-03-17,118,21,216.0,869.1,3.0,440.1
6102,2023-02-20,50,10,381.8,864.1,1.6,1347.1
6103,2025-04-14,29,18,1174.8,410.7,20.0,272.2
6104,2024-02-19,44,2,447.1,707.7,4.9,989.4
6105,2025-04-14,35,1,4819.0,1465.1,11.7,1672.5
6106,2024-07-08,58,20,1386.3,1604.8,4.6,1350.5
6107,2024-07-08,74,4,3587.2,1932.6,9.0,1379.9
6108,2024-01-22,58,20,957.1,1604.8,3.1,2022.1
6109,2024-09-30,113,6,523.5,284.2,8.1,363.3
6110,2024-06-10,25,18,287.5,133.2,9.4,136.0
6111,2024-04-15,76,13,120.7,56.1,23.3,20.8
6112,2025-09-01,37,19,0.0,664.7,0.0,2067.0
6113,2024-01-22,74,6,0.0,857.7,0.0,2943.5
6114,2024-07-08,120,3,666.4,199.1,14.5,210.8
6115,2024-05-13,112,15,472.7,392.9,6.0,538.3
6116,2023-08-07,111,8,2245.2,1000.4,9.5,1125.8
6117,2024-03-18,95,11,5987.0,1530.3,29.3,1031.2
6118,2023-05-15,21,6,0.0,270.2,0.0,1671.8
6119,2024-03-18,8,13,1874.4,596.3,15.2,834.9
6120,2023-10-02,58,3,727.4,814.0,5.1,1330.4
6121,2024-06-10,70,10,1137.2,397.9,24.6,241.6
6122,2025-12-22,25,5,224.8,116.9,11.0,117.8
6123,2024-09-30,64,14,470.3,631.4,3.1,1215.0
6124,2025-09-29,98,6,158.7,282.2,2.3,492.9
6125,2025-12-22,94,4,342.5,430.0,4.4,611.9
6126,2023-02-20,45,5,401.6,396.7,5.3,118.3
6127,2024-10-28,20,12,0.0,2053.9,0.0,2947.9
6128,2024-10-28,24,12,0.0,174.5,0.0,958.7
6129,2023-10-02,28,5,430.0,1116.1,4.3,966.1
6130,2025-06-09,26,18,0.0,298.4,0.0,830.2
6131,2024-05-13,96,9,42.9,561.7,0.4,553.3
6132,2024-04-15,79,15,286.5,783.3,3.9,539.8
6133,2025-02-17,19,5,320.8,159.0,9.8,193.1
6134,2023-06-12,83,5,0.0,480.5,0.0,2642.8
6135,2024-06-10,84,17,654.2,238.8,10.4,432.3
6136,2023-02-20,76,3,54.4,62.2,10.0,18.6
6137,2024-02-19,104,17,106.0,253.7,3.8,258.3
6138,2025-12-22,71,15,0.0,306.2,0.0,201.1
6139,2023-10-02,100,11,23.6,68.2,1.1,161.8
6140,2023-01-23,7,3,74.6,78.7,4.9,51.8
6141,2023-03-20,36,19,555.2,243.9,17.7,169.6
6142,2025-10-27,48,4,1347.1,1351.2,3.9,3576.4
6143,2023-03-20,6,22,358.4,1069.3,1.6,767.3
6144,2024-12-23,59,18,1408.3,1016.9,6.6,2034.4
6145,2025-08-04,90,12,61.3,36.6,9.9,56.4
6146,2023-01-23,10,3,540.7,197.3,17.2,138.5
6147,2024-02-19,112,18,53.1,562.2,0.5,595.0
6148,2025-01-20,59,1,464.5,1199.3,1.7,1351.2
6149,2024-01-22,4,10,0.0,403.1,0.0,934.3
6150,2024-09-30,52,7,289.6,241.7,7.2,326.6
6151,2023-10-02,52,7,262.2,241.7,6.5,291.1
6152,2023-09-04,67,1,1307.1,619.4,11.2,731.2
6153,2025-01-20,91,6,480.8,540.4,7.2,292.0
6154,2024-10-28,17,11,0.0,411.7,0.0,819.6
6155,2024-04-15,85,4,0.0,495.3,0.0,1475.6
6156,2025-05-12,94,22,350.6,407.6,4.2,253.3
6157,2025-10-27,53,3,608.0,601.7,4.7,1220.5
6158,2024-07-08,77,21,630.0,329.0,13.0,442.7
6159,2024-02-19,102,10,682.3,505.5,10.9,773.4
6160,2024-05-13,17,11,0.0,411.7,0.0,301.1
6161,2025-08-04,41,8,349.9,139.2,9.2,388.7
6162,2023-05-15,19,6,145.3,250.3,3.4,368.7
6163,2023-10-02,2,7,1280.2,2044.2,6.2,1369.8
6164,2024-01-22,45,15,906.5,400.3,11.3,270.9
6165,2024-10-28,5,7,1804.7,662.3,13.5,542.3
6166,2023-08-07,72,15,0.0,640.8,0.0,907.5
6167,2024-05-13,54,12,1810.5,644.6,10.8,519.6
6168,2024-08-05,93,3,160.8,166.2,3.9,397.4
6169,2024-10-28,22,9,791.9,632.9,7.2,630.0
6170,2023-10-30,19,19,306.4,292.9,5.6,388.8
6171,2023-02-20,38,12,504.1,406.0,4.8,813.9
6172,2024-10-28,3,15,627.1,321.4,10.1,456.3
6173,2024-08-05,46,14,85.8,276.7,3.7,332.0
6174,2023-11-27,112,18,675.8,562.2,6.9,580.5
6175,2024-11-25,7,17,0.0,125.9,0.0,173.5
6176,2023-12-25,32,17,66.0,80.0,2.5,239.9
6177,2023-01-01,29,5,361.9,475.8,8.6,365.3
6178,2024-03-18,14,6,75.4,223.6,3.9,307.6
6179,2023-01-01,4,22,724.9,438.1,8.5,887.4
6180,2023-08-07,98,19,917.1,333.6,11.3,396.7
6181,2025-10-27,9,16,0.0,331.5,0.0,715.4
6182,2025-01-20,103,12,128.4,190.5,2.8,216.2
6183,2023-05-15,52,15,306.0,137.3,11.5,152.1
6184,2024-09-02,87,8,1492.8,975.6,6.7,705.9
6185,2024-01-22,74,3,2255.5,1072.7,11.4,419.5
6186,2023-11-27,6,19,1126.0,707.7,7.3,1232.2
6187,2025-12-22,82,6,437.9,276.4,7.5,376.0
6188,2024-05-13,58,1,771.0,1659.8,2.6,3487.4
6189,2025-03-17,48,1,4837.0,1089.4,15.4,1084.2
6190,2024-10-28,17,12,258.7,496.5,5.3,441.3
6191,2024-06-10,10,6,0.0,272.0,0.0,1032.2
6192,2023-01-01,15,13,680.4,881.9,8.6,551.0
6193,2025-01-20,114,14,900.9,285.4,12.7,279.7
6194,2023-05-15,37,17,244.7,941.6,1.4,1455.1
6195,2025-02-17,93,17,382.9,275.5,5.1,516.9
6196,2025-08-04,53,1,1263.7,1454.6,4.9,1148.9
6197,2025-02-17,75,19,1064.8,501.0,8.5,325.7
6198,2024-11-25,29,17,826.2,491.1,11.3,264.8
6199,2023-05-15,85,19,109.5,443.0,1.4,360.5
6200,2023-04-17,93,8,548.6,288.5,9.0,421.7
6201,2023-04-17,44,13,130.1,355.5,3.1,137.5
6202,2025-03-17,97,2,0.0,302.8,0.0,250.4
6203,2024-08-05,9,7,1010.0,431.3,14.9,324.9
6204,2023-09-04,55,11,500.7,1351.3,1.9,1534.3
6205,2024-10-28,13,21,751.1,514.3,17.2,240.0
6206,2024-09-30,42,22,22.2,716.8,0.2,1169.5
6207,2023-12-25,115,1,2983.9,1637.3,17.2,990.1
6208,2023-04-17,94,4,1049.1,430.0,13.4,317.4
6209,2024-08-05,13,2,346.3,627.9,6.7,332.3
6210,2025-08-04,39,3,0.0,214.7,0.0,913.7
6211,2024-02-19,12,16,2068.5,1131.1,10.8,725.7
6212,2024-08-05,14,5,209.1,165.3,15.0,58.7
6213,2023-03-20,40,4,1263.9,1219.2,8.7,478.2
6214,2024-07-08,34,16,40.6,189.8,0.9,171.9
6215,2024-09-30,2,14,323.3,1629.8,1.5,653.0
6216,2023-09-04,103,10,321.9,222.8,7.6,333.2
6217,2024-03-18,94,4,657.3,430.0,8.4,525.6
6218,2025-09-01,91,6,1628.2,540.4,24.4,353.6
6219,2024-04-15,89,3,552.8,335.2,6.9,231.0
6220,2024-07-08,86,20,1330.1,1014.6,6.6,921.5
6221,2023-12-25,85,6,649.5,312.7,9.9,519.1
6222,2025-05-12,14,3,0.0,112.4,0.0,284.7
6223,2024-11-25,77,19,630.6,455.8,16.1,314.6
6224,2023-09-04,1,2,5327.3,1612.9,26.3,296.2
6225,2024-03-18,35,13,353.8,766.3,1.8,904.2
6226,2023-04-17,9,17,0.0,366.3,0.0,693.7
6227,2023-03-20,118,19,827.1,519.9,14.3,576.9
6228,2024-11-25,1,2,1133.6,1612.9,5.6,5559.6
6229,2025-01-20,36,12,1187.9,418.3,33.5,375.7
6230,2024-09-30,51,22,553.9,319.1,13.2,258.4
6231,2024-01-22,11,1,2006.2,1354.0,6.6,1255.3
6232,2025-02-17,85,6,687.3,312.7,10.5,307.2
6233,2023-06-12,112,15,304.3,392.9,3.9,305.1
6234,2024-10-28,21,15,0.0,227.9,0.0,316.1
6235,2024-10-28,65,12,1232.9,1115.7,6.8,1460.4
6236,2025-04-14,19,3,394.8,113.3,13.0,158.0
6237,2024-07-08,22,21,1991.7,484.3,15.6,609.0
6238,2025-01-20,26,10,1194.9,419.3,11.5,418.4
6239,2024-08-05,44,8,0.0,659.5,0.0,1042.7
6240,2025-12-22,71,22,921.1,490.0,12.4,236.6
6241,2023-10-30,90,11,61.1,35.8,10.9,37.3
6242,2023-02-20,17,6,0.0,281.8,0.0,135.7
6243,2025-02-17,29,10,1773.0,898.5,21.8,316.6
6244,2024-06-10,3,10,1249.7,453.1,10.7,804.0
6245,2024-02-19,2,8,6021.7,976.7,34.4,1110.3
6246,2025-09-29,88,10,1212.6,635.5,10.1,935.7
6247,2023-03-20,100,4,303.0,87.1,14.5,50.6
6248,2024-09-02,107,6,0.0,194.7,0.0,404.0
6249,2024-06-10,33,4,119.4,45.7,13.7,34.9
6250,2023-11-27,99,2,57.0,851.3,0.4,924.6
6251,2025-09-01,38,4,530.5,520.8,5.5,618.5
6252,2024-03-18,14,1,640.1,208.3,23.7,154.2
6253,2025-02-17,104,11,716.4,329.9,23.0,175.4
6254,2023-12-25,33,1,101.6,32.1,10.5,43.1
6255,2025-12-22,86,15,0.0,319.2,0.0,726.4
6256,2023-04-17,31,1,0.0,582.6,0.0,2734.0
6257,2025-09-29,34,7,1039.4,308.4,18.1,239.2
6258,2025-02-17,91,21,901.1,969.8,9.0,358.0
6259,2024-09-02,40,12,824.6,1553.8,5.4,551.6
6260,2023-04-17,25,4,0.0,127.9,0.0,462.5
6261,2025-09-29,30,6,155.7,155.6,3.9,312.3
6262,2023-10-02,4,3,263.3,207.6,6.8,241.8
6263,2024-07-08,91,11,300.9,780.6,3.5,284.8
6264,2023-11-27,53,8,0.0,821.2,0.0,4504.1
6265,2024-08-05,75,18,0.0,390.6,0.0,1067.2
6266,2025-12-22,31,4,884.3,459.4,6.4,1095.7
6267,2023-06-12,95,20,4528.2,1835.3,20.8,1150.4
6268,2023-02-20,82,9,277.5,289.0,3.9,564.5
6269,2023-01-23,53,3,1486.6,601.7,11.4,482.2
6270,2023-01-01,107,15,142.9,228.6,3.6,485.1
6271,2025-06-09,30,3,353.1,137.1,11.7,143.7
6272,2024-05-13,76,12,235.4,97.3,22.1,60.5
6273,2025-10-27,111,20,29.7,1396.0,0.1,1926.3
6274,2025-03-17,63,9,1714.8,1062.3,12.2,597.4
6275,2025-07-07,59,20,1132.9,896.5,3.9,2163.6
6276,2024-08-05,113,10,0.0,373.6,0.0,845.7
6277,2024-11-25,9,17,424.1,366.3,5.7,502.1
6278,2025-02-17,47,20,1496.0,1025.6,5.6,498.9
6279,2023-09-04,86,14,305.6,919.5,1.5,2208.3
6280,2023-10-30,26,11,402.6,350.4,4.1,257.8
6281,2023-05-15,8,9,1599.8,1215.1,7.4,1702.9
6282,2024-05-13,42,10,299.3,730.0,2.2,984.2
6283,2023-04-17,97,4,247.7,284.1,8.7,161.4
6284,2025-09-29,70,10,292.6,397.9,6.3,239.1
6285,2023-12-25,37,22,2682.4,981.1,13.3,792.7
6286,2023-12-25,58,5,479.8,718.7,3.3,698.0
6287,2024-02-19,42,16,0.0,369.8,0.0,1108.8
6288,2024-02-19,42,2,1061.2,695.6,8.2,1048.4
6289,2025-08-04,75,8,296.8,394.7,2.6,962.4
6290,2024-07-08,64,11,0.0,755.5,0.0,684.9
6291,2025-09-01,26,4,406.3,567.2,4.0,314.7
6292,2023-08-07,3,15,96.2,321.4,1.6,372.7
6293,2023-10-30,17,7,0.0,463.3,0.0,496.0
6294,2023-07-10,75,13,27.6,372.2,0.4,1340.3
6295,2023-08-07,74,18,152.2,975.1,0.5,1755.6
6296,2025-07-07,44,13,0.0,355.5,0.0,252.9
6297,2024-08-05,112,19,157.4,595.7,1.3,958.3
6298,2023-12-25,116,3,514.0,463.0,9.1,493.4
6299,2023-10-02,101,6,51.3,53.1,4.1,44.6
6300,2025-01-20,53,9,2450.8,1160.7,11.8,586.0
6301,2024-06-10,86,10,956.4,817.9,5.1,1126.1
6302,2024-09-02,42,9,533.0,629.4,5.0,525.3
6303,2025-05-12,91,11,893.2,780.6,10.5,740.8
6304,2025-06-09,93,14,181.7,303.1,2.3,526.0
6305,2023-06-12,42,22,114.6,716.8,0.8,645.4
6306,2025-11-24,55,10,3483.1,1421.7,11.6,919.8
6307,2024-05-13,72,12,0.0,1202.3,0.0,806.2
6308,2024-08-05,30,19,525.7,187.4,11.3,259.8
6309,2025-08-04,38,13,0.0,152.1,0.0,314.9
6310,2025-05-12,99,15,857.6,238.1,10.6,246.0
6311,2025-09-29,112,15,844.5,392.9,10.7,326.3
6312,2023-12-25,94,20,0.0,362.3,0.0,909.0
6313,2023-10-02,34,11,592.8,349.7,9.7,560.9
6314,2024-01-22,72,12,1044.4,1202.3,7.1,980.9
6315,2024-05-13,47,10,667.3,1429.1,2.3,1522.1
6316,2025-07-07,29,1,1108.8,830.6,13.1,539.8
6317,2025-03-17,44,17,1233.1,929.8,15.9,568.8
6318,2024-07-08,68,8,21.3,751.4,0.1,841.6
6319,2025-12-22,118,5,411.9,403.0,10.3,159.6
6320,2023-03-20,45,5,622.3,396.7,8.2,499.3
6321,2025-12-22,48,4,2696.8,1351.2,7.9,1545.1
6322,2025-02-17,65,17,2475.5,1451.4,17.7,1126.9
6323,2024-12-23,9,9,0.0,289.9,0.0,423.1
6324,2023-12-25,107,22,281.4,360.1,3.4,996.6
6325,2025-01-20,26,11,0.0,350.4,0.0,614.1
6326,2025-12-22,99,15,98.3,238.1,1.2,649.1
6327,2024-02-19,116,11,712.2,1144.2,6.7,192.5
6328,2025-04-14,72,5,93.5,533.9,1.3,446.7
6329,2023-12-25,88,17,167.0,384.0,1.5,305.1
6330,2023-05-15,58,20,5664.1,1604.8,18.6,817.1
6331,2025-11-24,74,7,1984.5,1658.6,5.5,3554.2
6332,2023-01-01,57,2,1250.0,1113.8,10.2,534.4
6333,2025-10-27,71,7,812.0,579.4,13.9,261.0
6334,2023-09-04,120,6,200.4,270.0,3.1,685.6
6335,2023-01-23,109,20,1217.2,790.0,8.7,934.7
6336,2023-05-15,66,18,253.2,135.4,9.8,89.6
6337,2023-04-17,12,20,1827.3,1476.3,6.2,2192.4
6338,2023-06-12,86,7,997.3,706.6,6.3,1088.7
6339,2025-12-22,95,12,1630.4,1800.7,7.8,647.7
6340,2025-05-12,115,8,2223.5,1539.3,15.8,1030.6
6341,2024-09-30,71,6,1287.3,580.0,27.1,392.6
6342,2023-09-04,74,10,5948.1,2326.5,15.2,2111.3
6343,2025-07-07,1,21,79.7,1709.9,0.5,1046.7
6344,2024-11-25,37,2,0.0,866.2,0.0,3264.6
6345,2024-08-05,72,10,990.7,1523.0,7.1,863.6
6346,2024-12-23,55,21,1680.2,1049.0,6.2,1402.8
6347,2025-12-22,1,11,494.5,1092.9,2.7,1344.4
6348,2025-09-01,99,6,920.9,434.8,9.2,436.6
6349,2025-12-22,33,11,95.5,41.0,10.9,29.7
6350,2025-02-17,62,2,0.0,684.2,0.0,2326.8
6351,2024-01-22,4,21,122.1,303.6,1.5,546.3
6352,2025-12-22,118,17,1525.3,595.7,23.2,324.3
6353,2024-09-02,47,10,2416.1,1429.1,8.2,1352.2
6354,2023-08-07,50,15,905.8,694.9,7.2,758.3
6355,2024-04-15,111,10,0.0,1092.1,0.0,2449.8
6356,2025-02-17,116,17,2152.7,654.8,23.9,339.9
6357,2025-04-14,66,13,49.8,73.2,3.0,59.2
6358,2024-11-25,120,22,554.4,460.1,5.9,442.5
6359,2023-05-15,67,10,0.0,486.0,0.0,1086.3
6360,2025-01-20,20,17,1125.6,2103.7,5.8,1995.4
6361,2025-09-01,25,18,154.8,133.2,5.1,230.5
6362,2024-01-22,39,8,613.2,517.8,6.7,463.8
6363,2024-02-19,48,17,218.6,1622.8,0.8,1726.0
6364,2025-02-17,15,8,1231.8,1145.8,10.2,371.4
6365,2023-04-17,33,15,35.0,28.9,6.9,19.3
6366,2025-08-04,3,13,679.3,366.6,11.9,221.2
6367,2024-08-05,66,15,0.0,94.3,0.0,132.9
6368,2024-01-22,16,11,395.4,388.3,5.5,839.1
6369,2023-12-25,115,8,0.0,1539.3,0.0,1047.7
6370,2023-07-10,26,14,1016.1,346.3,9.6,485.1
6371,2023-10-30,80,4,257.0,423.6,2.7,792.1
6372,2025-08-04,34,6,184.6,284.3,4.1,478.3
6373,2023-05-15,46,7,59.1,169.1,2.5,100.8
6374,2023-09-04,9,16,0.0,331.5,0.0,1440.4
6375,2025-08-04,85,5,179.7,214.1,3.7,272.0
6376,2023-05-15,108,15,149.8,206.8,7.1,113.7
6377,2023-01-23,56,19,2685.9,1707.1,14.2,1026.6
6378,2023-05-15,98,12,0.0,368.3,0.0,696.1
6379,2025-04-14,11,14,0.0,1725.9,0.0,3077.7
6380,2024-05-13,111,13,0.0,557.6,0.0,1997.9
6381,2024-08-05,44,17,1371.2,929.8,17.6,573.9
6382,2023-06-12,102,11,443.4,431.6,7.1,188.9
6383,2023-03-20,110,21,715.9,397.8,23.4,476.4
6384,2023-05-15,11,12,3096.5,1526.5,9.0,875.7
6385,2023-09-04,78,6,1072.1,641.5,8.2,715.7
6386,2024-09-30,1,14,2852.6,1472.3,15.8,821.8
6387,2023-09-04,15,13,163.7,881.9,2.1,588.1
6388,2025-10-27,30,17,456.3,245.2,9.0,412.1
6389,2025-07-07,106,16,290.9,204.2,5.3,282.9
6390,2025-07-07,56,1,0.0,1470.0,0.0,1969.4
6391,2023-03-20,17,21,363.6,440.3,7.8,165.5
6392,2025-07-07,42,2,253.3,695.6,1.9,589.3
6393,2023-06-12,79,6,1129.0,924.1,11.5,714.7
6394,2024-10-28,33,19,102.9,34.3,13.4,37.0
6395,2023-12-25,69,11,6.5,482.7,0.1,508.4
6396,2023-06-12,16,13,0.0,213.0,0.0,330.0
6397,2025-05-12,13,17,0.0,472.0,0.0,303.6
6398,2025-05-12,111,20,1215.8,1396.0,4.0,3515.4
6399,2024-09-02,30,17,615.3,245.2,12.2,235.7
6400,2023-10-02,106,1,279.7,285.9,3.7,407.5
6401,2023-04-17,19,3,158.3,113.3,5.2,142.0
6402,2025-10-27,111,19,1237.3,1384.7,4.7,1613.4
6403,2023-01-01,101,6,129.0,53.1,10.4,46.2
6404,2025-10-27,82,6,144.7,276.4,2.5,338.9
6405,2023-11-27,93,14,948.4,303.1,11.8,419.8
6406,2024-11-25,95,12,2874.3,1800.7,13.8,2461.8
6407,2025-11-24,96,5,0.0,246.9,0.0,755.5
6408,2023-04-17,72,10,3811.8,1523.0,27.3,515.2
6409,2024-12-23,54,16,234.9,350.3,2.2,959.0
6410,2024-11-25,37,10,1863.3,853.1,10.4,691.4
6411,2025-06-09,115,14,0.0,1435.7,0.0,2266.6
6412,2023-01-01,104,17,171.1,253.7,6.2,163.9
6413,2024-12-23,52,9,361.3,208.0,9.8,247.9
6414,2023-01-01,41,1,650.8,282.5,12.1,309.6
6415,2024-01-22,42,10,626.2,730.0,4.7,538.4
6416,2023-03-20,54,16,647.9,350.3,6.0,615.1
6417,2023-07-10,72,12,885.2,1202.3,6.0,1406.8
6418,2023-10-02,90,17,66.2,27.8,13.1,22.2
6419,2024-06-10,106,4,1152.4,447.1,15.3,326.1
6420,2024-12-23,70,8,376.0,355.5,10.6,320.3
6421,2023-08-07,41,20,0.0,199.2,0.0,689.9
6422,2023-01-01,24,11,287.5,143.6,9.2,157.5
6423,2023-05-15,93,6,128.2,309.3,2.2,223.8
6424,2023-03-20,2,18,3662.1,1219.4,23.4,632.3
6425,2023-03-20,1,21,3310.0,1709.9,19.5,747.8
6426,2024-08-05,74,7,1333.0,1658.6,3.7,1770.4
6427,2024-04-15,109,15,200.2,265.1,2.8,910.4
6428,2024-03-18,98,9,303.3,305.0,3.9,276.7
6429,2025-04-14,32,11,91.8,126.0,3.1,102.9
6430,2023-02-20,118,1,587.7,799.9,7.7,323.1
6431,2023-10-02,88,1,760.5,412.1,6.7,752.0
6432,2025-07-07,2,13,585.4,1169.0,5.0,1509.6
6433,2023-12-25,20,2,2731.8,1549.4,12.9,1600.7
6434,2025-03-17,24,4,0.0,122.2,0.0,218.3
6435,2025-04-14,84,5,278.5,203.2,8.3,168.2
6436,2025-04-14,70,10,365.8,397.9,7.9,385.5
6437,2025-10-27,103,1,253.1,201.6,6.3,230.0
6438,2023-09-04,17,6,17.3,281.8,0.5,87.7
6439,2024-05-13,3,10,2011.4,453.1,17.3,458.1
6440,2023-08-07,69,13,0.0,176.0,0.0,425.1
6441,2025-03-17,42,8,122.1,544.7,1.2,810.8
6442,2023-10-02,82,4,815.0,332.9,8.9,644.9
6443,2023-05-15,65,17,2558.0,1451.4,18.3,923.6
6444,2025-04-14,74,2,3138.8,1363.0,7.2,3079.1
6445,2024-10-28,2,18,736.7,1219.4,4.7,958.9
6446,2023-12-25,71,13,943.9,310.5,28.1,181.9
6447,2025-10-27,16,11,351.0,388.3,4.8,302.2
6448,2023-01-01,77,21,292.4,329.0,6.0,368.4
6449,2025-09-01,87,13,241.6,695.9,1.8,981.9
6450,2024-03-18,33,1,79.3,32.1,8.2,51.4
6451,2024-02-19,67,1,0.0,619.4,0.0,995.7
6452,2023-06-12,78,16,1208.0,485.5,9.5,393.1
6453,2025-09-29,61,5,212.8,84.0,20.9,39.3
6454,2023-01-01,9,1,622.4,314.2,6.6,534.1
6455,2025-06-09,41,18,298.3,151.0,7.5,186.3
6456,2025-02-17,19,8,585.7,148.6,12.4,205.7
6457,2024-08-05,110,6,107.5,224.4,5.2,101.5
6458,2023-10-02,17,12,905.7,496.5,18.7,411.0
6459,2023-10-02,61,12,120.2,246.1,5.3,184.2
6460,2024-12-23,91,6,1869.6,540.4,28.0,758.2
6461,2024-10-28,13,5,428.1,266.9,17.2,155.7
6462,2025-11-24,75,11,2208.1,732.1,15.2,677.6
6463,2023-02-20,73,20,160.6,986.3,1.9,644.2
6464,2025-02-17,46,7,207.1,169.1,8.9,150.1
6465,2025-04-14,118,6,1002.1,550.0,19.0,366.9
6466,2023-05-15,72,22,650.1,1068.9,4.5,1120.7
6467,2023-12-25,86,22,0.0,631.2,0.0,2335.7
6468,2024-01-22,106,20,952.4,394.7,12.2,533.2
6469,2024-09-02,3,18,714.4,503.4,8.3,545.8
6470,2025-06-09,38,7,570.8,306.2,6.6,778.1
6471,2024-07-08,34,11,489.8,349.7,8.0,296.3
6472,2024-11-25,18,21,1872.4,1229.4,5.2,3521.6
6473,2023-12-25,82,9,0.0,289.0,0.0,762.4
6474,2025-04-14,32,12,289.0,134.1,9.6,269.5
6475,2025-06-09,41,12,399.1,354.6,6.9,401.9
6476,2023-01-23,104,6,357.8,203.9,16.3,68.9
6477,2025-04-14,4,21,0.0,303.6,0.0,627.2
6478,2023-06-12,117,22,517.4,359.7,6.7,426.4
6479,2025-03-17,9,2,1022.9,413.2,11.6,207.1
6480,2025-04-14,106,4,1044.6,447.1,13.8,340.4
6481,2024-10-28,73,11,1083.7,949.4,12.6,676.7
6482,2023-04-17,56,4,2267.7,1786.3,9.7,1465.4
6483,2023-06-12,6,9,235.1,728.8,1.5,1319.9
6484,2024-12-23,113,15,75.1,215.0,1.6,648.7
6485,2023-03-20,115,10,6552.1,1992.9,35.4,625.4
6486,2025-03-17,45,15,561.4,400.3,7.0,451.5
6487,2023-06-12,9,1,1269.1,314.2,13.4,214.4
6488,2023-01-01,87,13,1216.3,695.9,9.1,772.5
6489,2025-10-27,9,17,1060.9,366.3,14.2,445.1
6490,2025-03-17,50,20,2680.4,1395.6,10.9,506.1
6491,2025-11-24,42,8,221.2,544.7,2.2,725.0
6492,2025-10-27,94,4,879.1,430.0,11.3,441.1
6493,2024-05-13,22,22,900.0,754.9,6.3,489.8
6494,2023-09-04,108,17,112.8,306.5,3.2,186.9
6495,2023-07-10,94,9,606.1,262.3,9.2,169.7
6496,2025-08-04,94,11,263.5,278.3,3.5,428.1
6497,2024-09-30,20,20,4379.4,2225.0,21.1,1272.5
6498,2024-08-05,77,19,826.5,455.8,21.1,209.5
6499,2023-10-02,75,19,677.2,501.0,5.4,1050.9
6500,2025-01-20,85,4,0.0,495.3,0.0,1622.9
6501,2023-05-15,95,13,147.3,765.0,1.4,1255.6
6502,2024-09-30,29,10,1409.4,898.5,17.3,433.3
6503,2023-10-02,51,11,0.0,428.1,0.0,519.2
6504,2024-05-13,55,10,1786.8,1421.7,6.0,2279.9
6505,2024-10-28,97,11,124.6,196.6,4.5,171.4
6506,2024-04-15,45,11,280.9,663.7,1.9,1240.5
6507,2023-06-12,52,4,158.2,192.6,3.4,394.7
6508,2025-01-20,47,18,2214.4,1163.9,10.5,829.6
6509,2025-06-09,24,12,214.8,174.5,6.3,175.4
6510,2025-11-24,75,13,809.5,372.2,10.5,496.6
6511,2023-01-01,20,12,2182.1,2053.9,10.0,458.4
6512,2023-07-10,61,22,509.1,234.9,21.9,108.4
6513,2024-09-02,77,19,194.5,455.8,5.0,218.1
6514,2024-09-02,51,20,319.9,308.4,8.2,191.3
6515,2024-04-15,45,21,1435.3,674.0,10.0,799.4
6516,2025-12-22,28,19,460.5,1650.5,2.8,674.3
6517,2023-09-04,86,15,227.1,319.2,2.3,745.6
6518,2023-11-27,24,13,0.0,52.9,0.0,254.0
6519,2023-06-12,37,19,1815.7,664.7,11.4,539.5
6520,2024-08-05,94,11,0.0,278.3,0.0,1020.7
6521,2024-06-10,53,18,2007.4,835.5,10.2,755.4
6522,2024-02-19,98,6,838.1,282.2,12.2,61.7
6523,2023-10-30,58,21,1258.6,1007.7,4.4,1616.2
6524,2025-01-20,119,16,62.0,178.9,1.7,191.0
6525,2023-02-20,3,6,296.0,363.7,3.7,421.4
6526,2023-10-30,95,15,0.0,1109.1,0.0,990.0
6527,2025-07-07,91,21,1463.7,969.8,14.6,533.9
6528,2023-10-30,8,13,1147.0,596.3,9.3,643.6
6529,2023-12-25,25,18,74.6,133.2,2.4,297.3
6530,2023-03-20,29,9,1487.1,636.4,22.2,274.4
6531,2024-08-05,111,13,1950.0,557.6,12.0,532.6
6532,2023-08-07,26,10,0.0,419.3,0.0,971.6
6533,2023-10-30,71,22,0.0,490.0,0.0,987.9
6534,2024-05-13,41,1,619.5,282.5,11.5,343.3
6535,2024-01-22,79,9,2371.0,1022.0,20.0,633.7
6536,2025-04-14,58,3,1171.2,814.0,8.3,2077.1
6537,2025-08-04,24,17,177.4,91.8,5.8,120.0
6538,2024-09-02,96,9,221.8,561.7,1.9,994.9
6539,2025-06-09,118,15,371.5,433.3,9.6,351.8
6540,2025-01-20,70,10,471.1,397.9,10.2,179.4
6541,2023-08-07,51,22,348.2,319.1,8.3,286.8
6542,2023-06-12,18,18,1094.1,1145.8,4.1,1894.9
6543,2023-01-01,71,6,432.8,580.0,9.1,304.2
6544,2023-12-25,49,5,0.0,445.2,0.0,677.9
6545,2025-03-17,72,10,2336.0,1523.0,16.7,2626.1
6546,2024-03-18,72,12,2226.9,1202.3,15.0,845.5
6547,2024-04-15,49,16,2340.6,574.6,16.2,556.4
6548,2023-09-04,74,6,1129.0,857.7,3.9,1475.6
6549,2025-05-12,102,8,1241.7,473.0,27.0,271.5
6550,2024-01-22,67,1,1954.0,619.4,16.7,528.5
6551,2024-02-19,5,14,508.6,635.6,3.4,608.5
6552,2023-06-12,115,22,6940.0,2457.1,33.7,642.4
6553,2024-09-30,62,20,117.0,806.3,0.7,1928.1
6554,2024-10-28,87,11,380.8,971.1,1.3,1648.1
6555,2024-08-05,98,13,428.0,216.2,9.1,201.1
6556,2025-06-09,114,13,373.5,135.0,9.7,282.5
6557,2023-04-17,29,5,441.0,475.8,10.5,216.4
6558,2024-07-08,70,10,382.0,397.9,8.3,149.7
6559,2025-09-01,69,18,365.5,313.7,6.2,392.6
6560,2024-07-08,29,9,474.9,636.4,7.1,387.8
6561,2023-10-30,54,16,384.6,350.3,3.6,809.3
6562,2023-10-30,29,8,401.3,595.2,6.9,244.0
6563,2024-11-25,40,6,1026.6,951.5,10.5,773.8
6564,2024-12-23,1,14,3104.9,1472.3,17.2,959.0
6565,2024-09-02,24,11,384.6,143.6,12.3,133.4
6566,2025-01-20,22,9,1826.0,632.9,16.6,211.8
6567,2024-03-18,33,4,21.8,45.7,2.5,37.3
6568,2023-01-23,5,7,1157.8,662.3,8.6,528.2
6569,2024-11-25,96,5,0.0,246.9,0.0,1584.3
6570,2023-06-12,20,17,1388.7,2103.7,7.2,1493.8
6571,2024-12-23,9,18,796.6,364.8,13.0,259.3
6572,2023-02-20,98,20,838.2,541.1,9.1,212.6
6573,2025-09-01,65,11,1751.0,1060.4,11.6,638.8
6574,2023-06-12,4,3,365.4,207.6,9.4,227.3
6575,2025-06-09,13,17,263.4,472.0,6.4,406.5
6576,2023-12-25,70,13,121.6,264.0,5.4,79.2
6577,2023-05-15,114,21,111.5,379.9,1.4,485.0
6578,2024-06-10,70,13,385.6,264.0,17.1,146.9
6579,2023-02-20,79,9,468.7,1022.0,3.9,344.6
6580,2024-10-28,45,12,923.9,776.7,6.1,1086.5
6581,2025-09-29,38,4,1178.1,520.8,12.2,188.1
6582,2023-01-23,56,4,0.0,1786.3,0.0,838.8
6583,2024-01-22,60,6,149.5,284.3,2.4,631.7
6584,2024-08-05,100,20,0.0,89.6,0.0,183.8
6585,2025-09-01,61,5,132.8,84.0,13.0,132.4
6586,2023-10-30,52,7,265.9,241.7,6.6,350.3
6587,2023-01-23,37,3,219.5,423.3,2.3,668.9
6588,2025-01-20,45,20,1991.8,587.0,13.6,602.7
6589,2023-07-10,76,12,131.8,97.3,12.4,63.8
6590,2024-06-10,32,11,226.1,126.0,7.7,178.0
6591,2023-06-12,32,5,48.5,58.9,3.2,91.3
6592,2023-12-25,9,18,814.7,364.8,13.3,548.5
6593,2025-07-07,107,6,444.1,194.7,8.6,267.0
6594,2023-09-04,30,6,71.2,155.6,1.8,300.9
6595,2023-08-07,102,3,303.8,355.5,10.4,212.8
6596,2023-08-07,48,18,2060.6,1409.9,8.1,1010.6
6597,2023-11-27,106,7,304.8,319.4,4.9,648.3
6598,2025-09-01,3,6,227.8,363.7,2.8,435.2
6599,2025-02-17,94,18,407.4,250.0,6.6,263.1
6600,2023-10-02,107,9,492.2,356.1,8.1,467.3
6601,2024-09-30,105,2,4767.5,1354.8,36.2,891.7
6602,2025-02-17,85,19,274.2,443.0,3.4,232.7
6603,2023-11-27,120,7,501.9,389.7,5.9,636.8
6604,2025-01-20,95,19,2597.8,1190.0,16.5,733.4
6605,2024-08-05,17,6,793.9,281.8,23.7,77.0
6606,2024-04-15,26,18,624.0,298.4,8.0,211.6
6607,2023-07-10,93,15,0.0,148.8,0.0,433.6
6608,2025-02-17,103,12,13.9,190.5,0.3,188.0
6609,2025-09-01,118,19,250.9,519.9,4.3,381.2
6610,2023-07-10,109,12,381.3,561.6,2.7,696.0
6611,2023-11-27,32,5,56.3,58.9,3.7,156.5
6612,2024-07-08,104,12,808.0,282.7,24.3,190.4
6613,2025-10-27,71,17,392.3,688.2,6.6,557.8
6614,2025-08-04,36,14,456.5,271.1,13.7,185.7
6615,2025-12-22,83,9,2249.0,966.3,9.3,1434.2
6616,2024-09-02,66,3,129.1,58.9,8.1,88.8
6617,2024-03-18,108,13,196.4,134.0,11.0,72.2
6618,2023-08-07,14,6,548.1,223.6,28.3,111.8
6619,2023-03-20,40,8,1170.2,1169.4,10.5,712.8
6620,2025-12-22,117,22,530.4,359.7,6.9,562.9
6621,2025-12-22,15,17,0.0,1219.8,0.0,2519.4
6622,2023-03-20,53,14,1990.3,1347.8,7.4,768.3
6623,2025-07-07,76,7,69.5,79.9,6.9,53.6
6624,2025-07-07,88,17,0.0,384.0,0.0,1822.3
6625,2023-12-25,80,22,250.7,496.4,2.6,542.4
6626,2023-01-23,3,15,0.0,321.4,0.0,660.6
6627,2025-07-07,43,22,648.4,302.8,8.1,210.7
6628,2025-05-12,4,22,368.6,438.1,4.3,455.5
6629,2025-07-07,24,17,0.0,91.8,0.0,323.2
6630,2025-10-27,6,22,11.5,1069.3,0.1,2307.1
6631,2025-10-27,66,12,42.7,162.4,1.3,175.6
6632,2023-07-10,98,10,599.4,360.3,6.2,710.9
6633,2023-12-25,5,11,777.3,692.2,5.2,1432.3
6634,2023-01-01,78,6,1551.1,641.5,11.9,346.1
6635,2024-07-08,41,15,380.6,127.5,13.0,115.6
6636,2025-04-14,18,21,89.0,1229.4,0.2,3495.2
6637,2023-04-17,36,12,392.4,418.3,11.1,257.1
6638,2024-01-22,13,7,0.0,352.4,0.0,343.8
6639,2025-01-20,84,13,169.8,145.4,5.6,248.8
6640,2025-07-07,38,1,313.8,493.6,3.4,603.1
6641,2024-08-05,29,15,575.2,510.7,12.9,385.9
6642,2025-01-20,15,13,1023.8,881.9,13.0,689.2
6643,2024-09-02,117,22,751.7,359.7,9.7,304.1
6644,2023-04-17,43,9,318.9,205.7,5.1,648.9
6645,2024-09-02,114,19,638.0,196.6,9.5,298.2
6646,2024-07-08,51,22,497.5,319.1,11.9,191.8
6647,2025-11-24,13,15,392.3,263.7,16.0,173.8
6648,2025-04-14,19,2,1001.2,347.5,14.6,318.0
6649,2023-07-10,57,2,2823.4,1113.8,23.0,794.4
6650,2023-07-10,30,13,135.1,154.4,4.8,100.9
6651,2025-11-24,55,8,1471.3,1018.9,7.1,1014.9
6652,2025-11-24,94,11,0.0,278.3,0.0,776.0
6653,2025-07-07,82,7,616.0,330.4,8.5,297.4
6654,2025-09-01,51,20,1002.6,308.4,25.9,141.5
6655,2024-07-08,88,10,1482.8,635.5,12.4,610.0
6656,2024-08-05,43,10,1252.9,340.5,15.8,244.7
6657,2024-10-28,106,19,1184.5,374.0,18.8,159.6
6658,2023-11-27,102,6,320.4,505.6,7.6,722.3
6659,2025-01-20,89,19,228.3,690.0,1.7,537.8
6660,2024-11-25,67,10,913.9,486.0,7.4,680.9
6661,2024-04-15,41,1,23.3,282.5,0.4,465.3
6662,2023-11-27,76,6,0.0,89.5,0.0,61.5
6663,2025-02-17,60,9,707.3,399.4,9.5,414.9
6664,2024-06-10,38,13,0.0,152.1,0.0,352.7
6665,2023-04-17,49,4,1639.1,880.7,7.5,1364.8
6666,2024-04-15,54,10,0.0,557.4,0.0,956.9
6667,2023-08-07,20,15,2204.2,824.7,20.0,804.8
6668,2024-11-25,65,11,2640.2,1060.4,17.5,1265.4
6669,2025-05-12,32,3,41.0,47.1,3.0,143.9
6670,2023-12-25,41,13,99.1,157.4,3.8,308.1
6671,2025-08-04,116,18,777.5,618.5,9.5,301.6
6672,2025-04-14,31,5,0.0,320.3,0.0,486.7
6673,2025-03-17,48,18,0.0,1409.9,0.0,2086.0
6674,2023-01-23,8,13,981.5,596.3,7.9,735.3
6675,2023-01-23,17,16,517.9,316.5,15.3,71.8
6676,2023-01-23,34,12,9.0,298.3,0.1,402.7
6677,2025-09-29,80,5,476.9,179.0,9.7,284.0
6678,2023-03-20,60,6,357.7,284.3,5.7,746.1
6679,2023-08-07,98,7,648.3,266.7,7.0,177.3
6680,2023-01-23,115,14,3543.8,1435.7,18.6,1563.7
6681,2023-11-27,109,17,152.3,573.9,1.3,1071.5
6682,2023-11-27,42,10,971.0,730.0,7.3,1072.2
6683,2024-09-30,43,18,602.7,271.1,9.8,134.9
6684,2024-02-19,120,6,0.0,270.0,0.0,585.1
6685,2025-04-14,39,14,1655.1,483.0,13.0,562.9
6686,2025-09-01,41,13,274.6,157.4,10.4,132.6
6687,2025-11-24,94,4,897.7,430.0,11.5,429.4
6688,2025-09-29,61,18,250.7,181.8,15.9,151.9
6689,2025-09-01,49,4,2043.7,880.7,9.3,1097.4
6690,2025-09-29,43,9,763.6,205.7,12.1,380.7
6691,2023-01-01,36,19,396.1,243.9,12.6,92.6
6692,2025-07-07,46,14,171.1,276.7,7.4,142.5
6693,2024-01-22,17,11,560.2,411.7,12.7,307.7
6694,2024-10-28,24,4,0.0,122.2,0.0,279.0
6695,2024-12-23,84,7,1007.1,355.2,16.8,241.7
6696,2025-06-09,48,21,4091.0,1867.9,12.8,1695.5
6697,2024-05-13,88,16,0.0,500.6,0.0,768.7
6698,2023-11-27,59,20,0.0,896.5,0.0,4846.2
6699,2023-06-12,12,20,1634.1,1476.3,5.5,2240.9
6700,2025-12-22,112,18,0.0,562.2,0.0,1528.2
6701,2024-07-08,83,5,1541.7,480.5,10.3,881.8
6702,2023-04-17,90,11,70.0,35.8,12.5,47.4
6703,2025-09-01,14,6,181.7,223.6,9.4,66.3
6704,2024-08-05,75,11,1681.2,732.1,11.6,504.9
6705,2023-08-07,56,19,1516.6,1707.1,8.0,1353.3
6706,2023-02-20,106,10,706.3,383.7,9.4,296.1
6707,2024-10-28,115,1,3565.6,1637.3,20.5,1238.0
6708,2023-10-30,58,1,2111.9,1659.8,7.1,2794.6
6709,2024-06-10,48,17,3625.6,1622.8,13.1,1689.9
6710,2024-10-28,45,20,0.0,587.0,0.0,2780.0
6711,2025-09-29,48,22,0.0,1773.3,0.0,3442.5
6712,2025-05-12,10,2,920.2,363.6,13.6,336.5
6713,2024-12-23,54,17,1310.8,707.3,9.6,1192.7
6714,2025-12-22,74,7,0.0,1658.6,0.0,5179.1
6715,2025-11-24,9,15,184.0,144.0,4.7,348.7
6716,2024-09-30,112,3,502.6,363.3,8.2,213.0
6717,2025-09-29,29,17,1377.4,491.1,18.9,278.4
6718,2024-09-02,32,1,97.6,137.0,3.5,128.3
6719,2024-03-18,18,5,1346.7,696.6,7.3,740.5
6720,2023-11-27,5,7,0.0,662.3,0.0,1877.8
6721,2025-02-17,5,12,0.0,736.1,0.0,829.0
6722,2024-09-02,37,8,1482.8,582.6,11.5,568.6
6723,2024-05-13,94,11,560.0,278.3,7.4,509.2
6724,2023-08-07,10,10,0.0,247.5,0.0,559.6
6725,2023-07-10,112,22,199.1,785.6,1.4,871.3
6726,2025-04-14,36,13,466.7,197.4,27.2,146.6
6727,2025-03-17,93,17,853.2,275.5,11.5,351.8
6728,2024-03-18,109,15,189.8,265.1,2.6,513.9
6729,2024-06-10,102,8,768.2,473.0,16.7,686.5
6730,2025-12-22,18,18,182.8,1145.8,0.7,3625.1
6731,2025-03-17,8,8,2391.1,1123.0,13.7,889.6
6732,2025-09-01,67,3,484.9,284.2,8.1,274.3
6733,2025-09-29,66,3,14.1,58.9,0.9,96.6
6734,2024-05-13,85,19,731.0,443.0,9.2,393.1
6735,2023-04-17,37,2,465.6,866.2,2.3,2197.6
6736,2023-03-20,52,15,215.4,137.3,8.1,114.2
6737,2025-12-22,102,16,0.0,515.3,0.0,248.3
6738,2025-05-12,92,13,331.0,482.0,3.4,233.6
6739,2025-12-22,65,17,917.4,1451.4,6.6,1163.6
6740,2024-11-25,73,21,287.7,646.5,3.4,1286.0
6741,2025-08-04,120,19,361.0,256.9,4.8,588.3
6742,2025-11-24,72,22,1507.8,1068.9,10.5,1318.1
6743,2023-12-25,26,14,0.0,346.3,0.0,2061.4
6744,2024-06-10,74,21,4295.6,1789.6,11.1,1436.3
6745,2025-03-17,114,14,503.4,285.4,7.1,677.2
6746,2023-03-20,81,11,2189.2,890.7,12.4,771.3
6747,2025-06-09,38,18,0.0,228.1,0.0,293.5
6748,2025-04-14,76,6,278.3,89.5,34.7,21.3
6749,2024-04-15,34,7,806.6,308.4,14.1,506.6
6750,2025-01-20,58,18,1953.6,860.6,8.5,1922.8
6751,2024-04-15,76,4,269.0,129.4,25.7,88.1
6752,2023-03-20,75,11,1845.8,732.1,12.7,340.3
6753,2023-05-15,105,17,497.3,907.8,4.6,525.9
6754,2025-02-17,43,22,331.8,302.8,4.1,463.3
6755,2023-01-23,54,6,1530.0,523.7,14.0,357.0
6756,2025-06-09,15,12,594.6,1692.1,3.2,1206.5
6757,2023-08-07,45,11,0.0,663.7,0.0,2141.7
6758,2025-09-29,33,4,19.7,45.7,2.3,41.3
6759,2025-03-17,102,14,530.9,773.4,8.5,358.7
6760,2024-07-08,58,22,2522.8,1225.6,8.4,1546.0
6761,2025-08-04,44,15,0.0,330.6,0.0,368.4
6762,2025-08-04,66,18,0.0,135.4,0.0,299.4
6763,2024-08-05,88,10,440.8,635.5,3.7,530.0
6764,2025-04-14,63,1,1538.1,1056.9,9.4,654.0
6765,2024-02-19,31,9,1054.9,597.6,8.0,429.7
6766,2024-08-05,48,5,1904.7,879.0,11.3,752.6
6767,2023-10-02,2,13,0.0,1169.0,0.0,3345.1
6768,2025-10-27,48,17,1407.5,1622.8,5.1,1059.0
6769,2023-10-30,79,15,1132.9,783.3,15.3,409.5
6770,2025-01-20,82,9,467.6,289.0,6.5,463.0
6771,2024-01-22,37,8,856.5,582.6,6.6,776.6
6772,2025-11-24,16,21,115.6,353.3,1.6,476.1
6773,2024-02-19,60,1,1019.7,503.4,10.5,932.7
6774,2023-05-15,9,17,535.1,366.3,7.2,195.3
6775,2024-12-23,104,18,521.6,207.5,21.0,154.5
6776,2025-04-14,17,12,1091.3,496.5,22.6,242.3
6777,2023-05-15,31,17,805.5,406.8,6.6,492.3
6778,2025-10-27,18,4,0.0,1910.1,0.0,4525.8
6779,2024-12-23,56,1,0.0,1470.0,0.0,3900.4
6780,2023-01-01,99,21,1558.8,780.9,11.6,427.6
6781,2024-08-05,19,2,0.0,347.5,0.0,801.4
6782,2025-09-29,43,20,392.1,294.4,5.1,622.5
6783,2025-03-17,19,2,382.6,347.5,5.6,156.1
6784,2025-02-17,24,17,23.0,91.8,0.8,103.0
6785,2025-05-12,51,11,853.1,428.1,21.6,232.1
6786,2025-02-17,12,21,1450.6,1289.8,5.6,1091.6
6787,2023-06-12,34,7,8.3,308.4,0.1,344.8
6788,2023-10-02,75,18,1235.6,390.6,10.6,878.8
6789,2024-01-22,43,21,592.7,333.6,7.6,360.6
6790,2024-08-05,37,8,453.6,582.6,3.5,664.6
6791,2025-03-17,72,12,556.9,1202.3,3.8,774.8
6792,2023-08-07,23,2,1124.9,855.4,4.8,704.6
6793,2023-03-20,26,4,609.1,567.2,6.1,510.8
6794,2025-01-20,21,14,1215.3,421.2,14.6,446.5
6795,2025-04-14,85,19,371.3,443.0,4.7,951.6
6796,2023-07-10,37,17,1089.7,941.6,6.5,1283.1
6797,2023-03-20,42,14,344.9,590.3,2.8,681.8
6798,2025-07-07,2,6,0.0,1255.7,0.0,925.3
6799,2025-11-24,78,17,488.8,696.7,2.9,1684.1
6800,2024-09-30,42,4,735.2,709.3,5.4,1388.3
6801,2023-12-25,29,15,808.1,510.7,18.1,183.7
6802,2023-07-10,98,20,557.8,541.1,6.1,400.3
6803,2023-10-30,37,19,1946.9,664.7,12.2,420.9
6804,2024-04-15,82,21,266.3,381.3,3.0,476.4
6805,2023-06-12,73,18,1091.3,767.1,16.5,248.2
6806,2024-02-19,41,12,287.5,354.6,5.0,410.1
6807,2023-03-20,89,18,310.1,392.0,2.5,392.6
6808,2025-12-22,50,15,1245.3,694.9,9.9,925.5
6809,2023-06-12,115,10,236.1,1992.9,1.3,1205.1
6810,2025-09-29,58,20,1164.1,1604.8,3.8,3836.6
6811,2023-08-07,117,16,244.1,313.3,4.7,200.1
6812,2023-01-01,39,8,547.1,517.8,6.0,498.0
6813,2023-01-23,26,10,1165.0,419.3,11.2,674.3
6814,2023-02-20,43,10,1000.5,340.5,12.6,159.1
6815,2024-08-05,19,8,118.4,148.6,2.5,225.4
6816,2025-06-09,10,2,373.6,363.6,5.5,583.7
6817,2024-12-23,61,16,276.0,145.5,17.7,62.5
6818,2025-12-22,19,8,156.4,148.6,3.3,442.4
6819,2023-10-30,36,8,246.2,334.2,8.5,288.3
6820,2023-05-15,69,18,177.3,313.7,3.0,279.4
6821,2024-03-18,54,4,122.5,624.3,0.8,891.0
6822,2024-03-18,98,14,6.4,353.3,0.1,693.6
6823,2025-05-12,112,12,573.8,592.0,4.1,634.3
6824,2025-10-27,34,22,430.2,370.0,6.3,594.1
6825,2025-12-22,26,14,0.0,346.3,0.0,2476.5
6826,2025-01-20,81,12,213.4,817.2,1.2,1062.3
6827,2023-03-20,38,12,825.8,406.0,7.8,418.4
6828,2023-01-01,42,14,875.5,590.3,7.1,728.2
6829,2024-07-08,15,4,3705.2,1135.1,24.4,765.8
6830,2023-04-17,84,11,134.8,394.2,2.1,383.0
6831,2024-07-08,48,1,0.0,1089.4,0.0,1941.1
6832,2024-07-08,1,20,3663.9,1975.1,18.8,784.3
6833,2023-01-23,104,18,516.3,207.5,20.8,186.8
6834,2024-03-18,62,22,2662.9,601.0,17.2,667.0
6835,2024-09-02,40,5,1286.2,700.9,17.9,183.5
6836,2023-10-02,81,4,1454.1,812.9,8.3,972.0
6837,2025-03-17,98,7,511.7,266.7,5.6,349.5
6838,2025-12-22,72,14,1373.8,1042.0,9.2,626.8
6839,2023-12-25,18,5,815.9,696.6,4.4,1018.9
6840,2025-02-17,20,9,2540.8,1276.9,14.8,580.3
6841,2023-08-07,103,12,542.2,190.5,11.9,221.6
6842,2025-09-01,93,2,670.4,522.4,7.8,528.2
6843,2025-02-17,102,14,784.3,773.4,12.5,225.5
6844,2024-02-19,47,22,2159.4,1657.6,7.0,2240.1
6845,2023-10-30,45,21,1379.2,674.0,9.6,559.8
6846,2024-02-19,44,7,1111.5,799.7,13.4,469.5
6847,2023-09-04,29,17,777.4,491.1,10.7,458.9
6848,2024-07-08,11,14,1740.8,1725.9,5.7,1607.6
6849,2024-05-13,51,13,0.0,227.6,0.0,174.2
6850,2024-04-15,11,9,3536.1,1138.3,13.8,1409.3
6851,2025-07-07,42,5,684.9,328.7,10.1,433.6
6852,2023-01-01,2,8,2310.6,976.7,13.2,499.4
6853,2024-10-28,105,4,39.4,988.5,0.4,2049.4
6854,2023-04-17,86,10,1750.7,817.9,9.4,873.0
6855,2024-09-02,79,1,348.1,1101.9,2.6,1390.2
6856,2023-07-10,54,16,36.7,350.3,0.3,1397.2
6857,2023-10-02,55,19,1520.2,1101.4,6.2,2149.4
6858,2024-05-13,51,1,0.0,305.1,0.0,305.3
6859,2025-09-01,45,13,975.1,404.1,14.1,312.0
6860,2024-09-30,34,4,605.2,371.8,9.5,651.1
6861,2023-04-17,100,20,191.5,89.6,8.6,123.3
6862,2023-02-20,102,6,435.3,505.6,10.3,261.6
6863,2025-07-07,80,4,754.8,423.6,7.8,473.8
6864,2023-11-27,18,5,0.0,696.6,0.0,2245.7
6865,2023-12-25,35,19,325.0,1516.6,0.9,1984.0
6866,2024-12-23,76,7,0.0,79.9,0.0,105.2
6867,2024-09-02,50,9,1088.6,1127.9,5.9,1184.9
6868,2025-06-09,3,6,149.5,363.7,1.9,362.7
6869,2023-03-20,34,7,790.8,308.4,13.8,294.0
6870,2023-10-02,86,22,166.3,631.2,0.8,1324.0
6871,2025-03-17,52,11,62.1,249.7,1.4,188.8
6872,2024-02-19,120,22,0.0,460.1,0.0,1353.0
6873,2025-01-20,118,5,974.1,403.0,24.5,281.3
6874,2023-10-30,21,14,333.8,421.2,4.0,746.4
6875,2025-06-09,2,16,1931.8,1349.1,12.8,1058.6
6876,2024-07-08,48,22,4127.2,1773.3,12.4,503.3
6877,2023-09-04,55,16,0.0,687.4,0.0,1602.0
6878,2025-05-12,95,20,1654.6,1835.3,7.6,2613.2
6879,2023-09-04,31,9,95.4,597.6,0.7,691.3
6880,2025-08-04,40,6,0.0,951.5,0.0,392.0
6881,2023-06-12,116,18,1552.5,618.5,18.9,465.4
6882,2024-01-22,75,21,18.2,716.5,0.1,1490.8
6883,2023-07-10,81,16,733.6,521.6,6.6,640.4
6884,2025-12-22,72,3,582.4,644.7,8.9,651.7
6885,2023-04-17,1,2,0.0,1612.9,0.0,2253.7
6886,2023-08-07,13,8,374.6,295.2,9.9,316.8
6887,2023-08-07,115,8,1588.7,1539.3,11.3,772.8
6888,2023-03-20,29,15,137.4,510.7,3.1,246.2
6889,2024-07-08,45,20,1355.2,587.0,9.3,957.4
6890,2023-08-07,2,6,1551.6,1255.7,9.4,1291.2
6891,2024-02-19,109,20,767.6,790.0,5.5,868.0
6892,2023-01-23,41,8,232.6,139.2,6.1,131.2
6893,2023-03-20,1,10,2241.8,1165.0,12.3,560.9
6894,2025-09-29,94,18,151.4,250.0,2.4,422.2
6895,2025-05-12,15,19,1838.5,1489.0,15.4,344.0
6896,2025-05-12,52,5,0.0,76.8,0.0,223.1
6897,2023-05-15,18,4,3051.9,1910.1,9.3,2306.1
6898,2024-10-28,12,21,292.9,1289.8,1.1,3351.5
6899,2024-04-15,33,15,36.6,28.9,7.2,45.5
6900,2025-11-24,48,18,951.5,1409.9,3.8,1910.2
6901,2024-12-23,44,2,482.6,707.7,5.3,717.1
6902,2024-06-10,16,22,159.4,497.8,2.0,432.3
6903,2024-12-23,37,3,15.5,423.3,0.2,450.5
6904,2025-10-27,10,10,268.8,247.5,4.1,463.3
6905,2024-07-08,51,20,569.0,308.4,14.7,204.0
6906,2024-06-10,111,8,698.5,1000.4,2.9,2017.1
6907,2025-12-22,111,10,162.7,1092.1,0.5,1671.5
6908,2024-05-13,29,7,279.9,727.9,3.8,752.7
6909,2024-03-18,78,9,1842.4,682.1,12.4,213.9
6910,2024-08-05,109,20,398.8,790.0,2.9,1054.7
6911,2025-12-22,108,15,333.8,206.8,15.9,108.9
6912,2023-07-10,110,19,362.5,181.8,14.4,134.7
6913,2023-06-12,2,22,103.6,2547.9,0.5,1332.3
6914,2023-05-15,24,11,0.0,143.6,0.0,378.3
6915,2023-07-10,22,20,482.6,538.9,3.7,545.3
6916,2024-03-18,33,21,102.0,44.9,11.5,50.4
6917,2024-04-15,91,21,1824.9,969.8,18.2,261.4
6918,2023-09-04,52,19,34.5,139.9,0.9,242.8
6919,2023-10-02,82,9,964.4,289.0,13.5,360.9
6920,2025-10-27,102,22,704.8,828.9,11.3,405.8
6921,2023-07-10,64,19,0.0,773.5,0.0,904.8
6922,2023-02-20,101,6,112.7,53.1,9.1,64.8
6923,2025-05-12,112,16,195.7,416.6,1.9,960.3
6924,2023-10-02,19,5,126.3,159.0,3.9,244.6
6925,2025-02-17,52,15,172.1,137.3,6.5,165.6
6926,2023-08-07,11,12,1533.6,1526.5,4.5,1988.6
6927,2023-09-04,50,12,3016.8,1260.0,11.6,1197.8
6928,2023-10-02,18,2,1939.7,1168.3,4.8,3237.9
6929,2024-11-25,84,12,782.8,304.8,10.7,336.2
6930,2023-01-23,23,17,1504.0,1172.0,7.9,1193.7
6931,2024-11-25,76,4,184.9,129.4,17.7,121.6
6932,2023-12-25,107,12,519.3,304.1,6.2,319.0
6933,2025-11-24,102,11,234.8,431.6,3.8,368.8
6934,2023-07-10,64,10,217.4,690.5,1.4,799.2
6935,2025-07-07,31,1,1114.0,582.6,8.4,975.6
6936,2023-06-12,33,10,0.0,34.2,0.0,79.8
6937,2023-08-07,73,11,528.4,949.4,6.2,971.1
6938,2025-08-04,57,6,1167.7,681.7,15.7,578.4
6939,2025-05-12,82,6,0.0,276.4,0.0,700.7
6940,2025-06-09,85,4,1403.4,495.3,15.0,264.4
6941,2025-04-14,73,20,1623.6,986.3,18.8,367.2
6942,2024-07-08,79,1,3483.9,1101.9,26.0,402.4
6943,2025-07-07,74,9,3466.7,1692.3,10.8,2465.6
6944,2023-12-25,81,11,1755.9,890.7,10.0,1248.4
6945,2024-11-25,11,13,0.0,792.0,0.0,4443.8
6946,2025-05-12,82,4,712.3,332.9,7.8,603.8
6947,2024-04-15,4,22,404.7,438.1,4.8,524.1
6948,2023-11-27,115,14,6986.3,1435.7,36.7,745.8
6949,2025-08-04,10,12,668.1,330.8,10.1,460.8
6950,2025-12-22,76,18,71.0,65.3,9.6,38.3
6951,2025-12-22,65,12,629.4,1115.7,3.5,767.9
6952,2023-04-17,109,17,656.9,573.9,5.8,345.6
6953,2023-08-07,79,1,0.0,1101.9,0.0,1719.9
6954,2025-10-27,52,10,264.2,151.9,5.4,321.4
6955,2025-01-20,102,14,277.5,773.4,4.4,526.5
6956,2024-06-10,32,14,185.9,149.2,6.9,155.9
6957,2024-09-30,6,11,236.2,608.4,1.2,442.0
6958,2024-08-05,13,17,1417.8,472.0,34.6,192.7
6959,2024-08-05,42,2,1056.7,695.6,8.1,337.1
6960,2025-04-14,54,12,209.7,644.6,1.3,1742.7
6961,2024-09-30,61,7,241.8,135.8,12.8,83.2
6962,2025-09-29,10,10,5.7,247.5,0.1,328.7
6963,2023-10-02,44,15,653.5,330.6,13.9,395.6
6964,2024-07-08,66,3,0.0,58.9,0.0,136.2
6965,2025-12-22,27,15,272.2,340.8,5.1,217.6
6966,2024-05-13,111,3,1919.9,899.1,12.6,451.4
6967,2024-06-10,29,7,1325.6,727.9,18.0,286.5
6968,2023-09-04,84,12,395.7,304.8,5.4,450.4
6969,2025-09-01,75,6,878.2,478.2,8.3,443.7
6970,2025-12-22,41,12,0.0,354.6,0.0,619.9
6971,2023-07-10,39,3,657.0,214.7,9.4,393.3
6972,2024-07-08,55,19,622.9,1101.4,2.5,958.9
6973,2023-10-30,20,9,1900.0,1276.9,11.1,698.4
6974,2023-04-17,56,13,253.5,1088.1,2.2,862.2
6975,2023-06-12,74,4,773.8,1932.6,1.9,1468.7
6976,2025-09-01,38,18,213.0,228.1,2.8,242.7
6977,2024-11-25,71,1,0.0,526.2,0.0,1576.0
6978,2024-02-19,107,6,0.0,194.7,0.0,501.2
6979,2025-02-17,118,1,885.5,799.9,11.7,291.8
6980,2025-02-17,37,4,2283.0,1042.2,13.1,749.6
6981,2025-10-27,55,19,1906.3,1101.4,7.7,1459.0
6982,2025-09-01,113,6,417.1,284.2,6.4,408.2
6983,2023-01-01,51,1,335.3,305.1,9.2,106.1
6984,2024-02-19,30,8,371.6,257.1,8.3,177.3
6985,2024-03-18,113,4,505.2,276.9,5.8,618.2
6986,2023-05-15,87,14,2623.7,1610.4,9.5,1554.5
6987,2025-09-29,54,7,263.5,549.5,1.9,845.7
6988,2025-07-07,34,6,588.0,284.3,13.0,181.9
6989,2025-11-24,72,5,0.0,533.9,0.0,356.5
6990,2024-10-28,22,21,0.0,484.3,0.0,1834.3
6991,2024-09-02,18,5,983.9,696.6,5.3,2212.8
6992,2024-08-05,36,19,35.7,243.9,1.1,150.6
6993,2024-02-19,23,22,178.3,1490.3,0.8,1778.6
6994,2024-12-23,102,17,1096.9,692.9,19.9,500.8
6995,2024-10-28,106,4,810.5,447.1,10.7,255.2
6996,2023-07-10,111,3,112.5,899.1,0.7,1037.5
6997,2023-06-12,31,5,44.8,320.3,0.6,303.7
6998,2023-11-27,110,19,353.4,181.8,14.1,160.5
6999,2025-11-24,54,10,1920.8,557.4,11.2,776.1
7000,2023-04-17,55,8,578.3,1018.9,2.8,699.1
7001,2025-06-09,120,7,462.1,389.7,5.4,518.7
7002,2025-11-24,114,17,261.4,244.1,3.8,657.8
7003,2024-09-02,106,19,819.5,374.0,13.0,235.0
7004,2025-11-24,48,4,2594.8,1351.2,7.6,2151.4
7005,2025-10-27,61,18,185.5,181.8,11.8,81.5
7006,2024-01-22,12,5,1976.1,554.1,13.3,432.6
7007,2023-04-17,1,12,2667.3,1754.4,13.8,412.3
7008,2025-01-20,87,14,4582.5,1610.4,16.5,1048.6
7009,2025-01-20,64,11,1147.0,755.5,7.4,1234.1
7010,2024-01-22,16,22,577.9,497.8,7.2,335.2
7011,2023-08-07,22,21,0.0,484.3,0.0,937.7
7012,2025-08-04,2,6,2228.7,1255.7,13.5,1279.4
7013,2024-12-23,93,8,0.0,288.5,0.0,1417.4
7014,2023-06-12,104,6,18.6,203.9,0.8,335.7
7015,2023-01-23,17,6,557.8,281.8,16.6,158.3
7016,2025-03-17,71,17,1579.1,688.2,26.6,113.6
7017,2025-09-29,6,14,1443.6,709.1,7.9,849.1
7018,2023-06-12,95,11,741.9,1530.3,3.6,1752.2
7019,2024-08-05,32,6,0.0,62.7,0.0,156.2
7020,2025-05-12,120,3,198.0,199.1,4.3,686.9
7021,2023-12-25,88,10,1096.0,635.5,9.1,1011.5
7022,2023-11-27,55,11,1100.0,1351.3,4.3,2518.1
7023,2024-10-28,20,17,1033.7,2103.7,5.4,917.2
7024,2025-07-07,48,5,1981.8,879.0,11.7,896.1
7025,2025-09-01,84,17,929.4,238.8,14.7,296.4
7026,2023-02-20,27,15,657.7,340.8,12.3,253.0
7027,2023-10-02,104,12,609.6,282.7,18.4,208.5
7028,2025-11-24,17,16,332.7,316.5,9.8,111.6
7029,2023-03-20,97,14,270.6,182.5,9.7,177.3
7030,2025-12-22,74,9,0.0,1692.3,0.0,8382.2
7031,2023-08-07,9,18,283.7,364.8,4.6,302.1
7032,2023-07-10,19,17,411.2,265.6,7.4,387.6
7033,2025-08-04,104,13,0.0,141.2,0.0,87.9
7034,2023-10-02,56,8,2071.6,1837.9,12.8,1016.7
7035,2023-06-12,73,4,1440.5,796.2,15.3,384.2
7036,2023-01-23,102,11,1388.2,431.6,22.2,419.7
7037,2024-09-30,58,21,4338.0,1007.7,15.0,1204.7
7038,2024-06-10,51,7,474.0,365.8,12.7,261.9
7039,2025-10-27,66,6,50.9,80.9,2.3,87.8
7040,2024-12-23,106,1,427.3,285.9,5.6,778.5
7041,2025-02-17,41,1,965.6,282.5,17.9,212.3
7042,2024-11-25,102,8,0.0,473.0,0.0,959.9
7043,2024-07-08,109,21,1601.6,641.1,12.3,781.2
7044,2023-12-25,42,9,96.9,629.4,0.9,840.8
7045,2024-03-18,46,7,255.0,169.1,11.0,90.1
7046,2024-09-02,62,2,115.7,684.2,0.7,2069.0
7047,2023-06-12,58,18,0.0,860.6,0.0,2314.5
7048,2024-04-15,33,20,19.2,48.2,2.0,48.2
7049,2024-09-30,54,7,0.0,549.5,0.0,1356.2
7050,2023-10-30,92,13,237.5,482.0,2.4,706.5
7051,2023-12-25,63,7,0.0,1557.6,0.0,2021.2
7052,2023-04-17,91,11,691.2,780.6,8.1,337.3
7053,2024-06-10,35,2,4061.7,1653.1,10.0,2836.0
7054,2023-12-25,18,21,0.0,1229.4,0.0,3241.9
7055,2023-10-30,2,14,3023.1,1629.8,14.1,1882.2
7056,2023-09-04,58,5,724.1,718.7,5.1,600.2
7057,2023-08-07,17,11,640.8,411.7,14.5,154.7
7058,2023-12-25,112,18,126.5,562.2,1.3,1117.7
7059,2025-06-09,19,6,115.0,250.3,2.7,399.0
7060,2024-07-08,78,6,1708.3,641.5,13.1,195.2
7061,2025-06-09,28,4,936.1,1912.3,4.4,1294.6
7062,2023-10-30,36,19,28.3,243.9,0.9,200.1
7063,2024-03-18,61,17,0.0,231.1,0.0,111.0
7064,2024-03-18,44,22,1062.5,613.7,11.6,464.8
7065,2025-12-22,111,21,2094.4,1672.3,7.1,1971.3
7066,2025-11-24,44,17,572.3,929.8,7.4,1262.4
7067,2024-05-13,1,11,6679.1,1092.9,35.9,582.1
7068,2025-09-29,52,2,302.1,269.0,6.6,214.5
7069,2023-11-27,45,16,134.2,506.6,1.4,923.6
7070,2024-12-23,15,22,0.0,1475.2,0.0,853.3
7071,2025-12-22,94,22,498.9,407.6,6.0,786.7
7072,2025-01-20,85,1,371.8,311.7,4.0,393.3
7073,2023-03-20,54,6,883.9,523.7,8.1,943.5
7074,2025-11-24,92,11,1326.3,1000.0,7.6,1590.6
7075,2023-05-15,98,19,1070.3,333.6,13.2,364.5
7076,2025-09-29,1,13,877.3,670.2,9.9,390.4
7077,2023-01-01,79,9,951.4,1022.0,8.0,467.6
7078,2025-01-20,96,9,1431.6,561.7,12.1,539.6
7079,2024-05-13,93,22,65.0,361.6,0.7,1189.1
7080,2025-04-14,23,14,1613.0,1006.0,7.6,927.3
7081,2025-01-20,94,3,646.7,158.9,16.1,97.0
7082,2023-01-01,75,19,1519.0,501.0,12.1,387.4
7083,2025-09-29,41,20,141.5,199.2,2.5,206.6
7084,2023-04-17,48,21,1459.3,1867.9,4.6,2840.5
7085,2025-02-17,38,13,43.7,152.1,0.9,218.3
7086,2023-11-27,52,19,11.2,139.9,0.3,236.4
7087,2023-08-07,111,15,487.5,690.0,2.8,1562.5
7088,2025-09-29,111,17,3279.2,1696.4,11.4,1664.7
7089,2025-09-29,49,16,641.3,574.6,4.4,1382.1
7090,2024-12-23,21,15,38.6,227.9,0.9,484.9
7091,2023-02-20,61,16,0.0,145.5,0.0,181.5
7092,2025-05-12,6,7,56.0,555.5,0.3,742.8
7093,2025-05-12,72,10,204.2,1523.0,1.5,532.6
7094,2023-11-27,29,18,0.0,410.7,0.0,554.1
7095,2024-09-02,54,13,11.4,325.4,0.1,318.3
7096,2024-10-28,118,15,745.1,433.3,19.3,125.8
7097,2023-10-30,110,21,700.3,397.8,22.9,179.1
7098,2023-10-02,79,15,104.5,783.3,1.4,952.1
7099,2023-12-25,51,22,965.7,319.1,23.0,313.0
7100,2023-08-07,2,8,0.0,976.7,0.0,775.7
7101,2024-09-30,46,14,160.1,276.7,6.9,206.2
7102,2024-10-28,74,11,0.0,2195.6,0.0,5781.4
7103,2023-09-04,84,11,454.2,394.2,7.1,385.0
7104,2023-12-25,106,4,73.3,447.1,1.0,436.2
7105,2025-04-14,9,18,0.0,364.8,0.0,965.8
7106,2025-08-04,28,5,1251.2,1116.1,12.4,868.4
7107,2025-07-07,41,7,362.8,310.0,7.4,351.6
7108,2023-11-27,9,7,988.8,431.3,14.6,579.7
7109,2024-11-25,82,6,0.0,276.4,0.0,361.1
7110,2025-09-01,95,11,0.0,1530.3,0.0,2291.9
7111,2025-10-27,17,15,162.9,276.1,6.5,212.4
7112,2025-05-12,45,11,1219.6,663.7,8.3,687.4
7113,2025-09-01,111,3,375.5,899.1,2.5,1222.7
7114,2024-01-22,4,19,754.6,301.3,12.1,302.4
7115,2023-01-01,47,22,1380.8,1657.6,4.5,1598.6
7116,2023-11-27,2,22,4701.3,2547.9,21.8,1044.8
7117,2024-05-13,81,3,0.0,450.2,0.0,1415.7
7118,2025-01-20,72,22,2286.6,1068.9,15.9,426.5
7119,2023-12-25,33,4,96.0,45.7,11.0,49.6
7120,2023-11-27,48,13,267.5,817.7,1.6,912.7
7121,2024-09-30,102,11,11.1,431.6,0.2,695.6
7122,2023-05-15,30,8,569.2,257.1,12.8,281.6
7123,2024-07-08,55,11,1644.8,1351.3,6.4,2159.5
7124,2023-01-01,41,20,681.8,199.2,11.9,256.3
7125,2023-09-04,67,3,0.0,284.2,0.0,636.2
7126,2025-09-01,6,9,1106.6,728.8,6.9,547.4
7127,2023-02-20,45,21,306.9,674.0,2.1,1352.5
7128,2023-03-20,115,14,1236.0,1435.7,6.5,908.8
7129,2023-12-25,83,13,234.8,747.8,1.5,1284.0
7130,2025-04-14,37,4,570.6,1042.2,3.3,1599.2
7131,2025-09-01,56,8,0.0,1837.9,0.0,2302.0
7132,2023-08-07,106,20,40.2,394.7,0.5,390.3
7133,2023-02-20,26,17,942.6,309.1,11.1,204.2
7134,2025-11-24,32,2,104.0,114.9,3.5,262.2
7135,2024-05-13,39,12,1091.4,773.3,8.4,529.0
7136,2025-01-20,76,18,238.8,65.3,32.3,39.5
7137,2024-07-08,105,17,3223.3,907.8,29.8,237.4
7138,2023-12-25,74,10,12.6,2326.5,0.0,3612.7
7139,2024-06-10,39,4,555.5,711.6,4.1,890.0
7140,2025-01-20,83,9,468.4,966.3,1.9,1558.6
7141,2023-12-25,100,11,0.0,68.2,0.0,390.9
7142,2025-07-07,54,13,210.4,325.4,2.6,258.6
7143,2024-04-15,108,15,242.6,206.8,11.6,307.0
7144,2023-08-07,97,2,466.6,302.8,15.7,153.1
7145,2024-07-08,8,9,1461.0,1215.1,6.7,916.7
7146,2023-04-17,17,19,773.3,339.3,20.6,218.0
7147,2025-09-01,58,1,2430.0,1659.8,8.2,1296.8
7148,2023-06-12,53,5,0.0,550.8,0.0,1799.3
7149,2025-01-20,32,14,151.5,149.2,5.6,167.2
7150,2025-08-04,90,14,26.3,22.9,4.7,59.5
7151,2025-05-12,67,10,1253.0,486.0,10.2,728.7
7152,2025-01-20,86,10,738.5,817.9,4.0,667.6
7153,2024-12-23,110,7,436.0,206.1,15.7,284.0
7154,2025-04-14,112,19,1072.2,595.7,8.7,435.3
7155,2024-09-02,36,6,0.0,320.6,0.0,146.5
7156,2023-04-17,50,10,1869.7,864.1,7.7,1173.1
7157,2024-11-25,95,13,1318.3,765.0,13.0,410.2
7158,2025-05-12,13,15,428.7,263.7,17.5,230.8
7159,2024-11-25,73,17,0.0,586.1,0.0,791.3
7160,2024-12-23,33,19,57.6,34.3,7.5,64.7
7161,2023-02-20,84,11,218.9,394.2,3.4,252.5
7162,2025-09-01,98,10,383.4,360.3,4.0,534.5
7163,2024-03-18,16,12,825.5,371.0,10.8,325.2
7164,2024-03-18,113,2,833.5,532.0,8.8,686.7
7165,2023-02-20,51,22,196.0,319.1,4.7,195.5
7166,2025-11-24,59,20,0.0,896.5,0.0,4183.9
7167,2025-10-27,103,10,104.1,222.8,2.5,155.2
7168,2024-12-23,58,1,1855.1,1659.8,6.3,2249.9
7169,2025-11-24,88,10,0.0,635.5,0.0,1545.7
7170,2023-03-20,68,18,737.9,1111.6,4.0,1299.9
7171,2024-08-05,16,21,32.1,353.3,0.4,512.4
7172,2025-03-17,85,5,0.0,214.1,0.0,446.7
7173,2025-02-17,89,1,132.7,772.4,0.8,1279.6
7174,2023-06-12,104,17,454.3,253.7,16.5,85.9
7175,2025-06-09,42,9,374.3,629.4,3.5,601.8
7176,2023-10-30,55,21,2262.7,1049.0,8.3,820.2
7177,2024-01-22,84,15,454.3,196.3,13.2,130.2
7178,2023-12-25,26,4,0.0,567.2,0.0,1038.1
7179,2024-10-28,51,11,134.8,428.1,3.4,300.0
7180,2025-07-07,54,17,0.0,707.3,0.0,1032.1
7181,2024-04-15,64,17,0.0,673.3,0.0,1099.9
7182,2023-02-20,82,7,1189.3,330.4,16.4,318.1
7183,2023-01-01,92,2,1799.5,888.4,9.5,683.6
7184,2023-01-23,45,11,1775.9,663.7,12.1,526.7
7185,2025-10-27,25,4,18.0,127.9,0.5,191.1
7186,2024-03-18,80,6,701.9,333.1,11.1,183.5
7187,2023-10-30,63,1,695.2,1056.9,4.3,1499.2
7188,2023-03-20,57,15,831.9,488.0,15.4,317.1
7189,2024-05-13,99,19,0.0,648.5,0.0,948.4
7190,2025-09-29,32,6,273.5,62.7,14.3,93.8
7191,2025-11-24,16,20,428.9,438.7,4.8,823.0
7192,2025-11-24,94,14,0.0,425.2,0.0,3085.0
7193,2025-10-27,53,18,2243.4,835.5,11.4,742.9
7194,2024-03-18,98,10,261.8,360.3,2.7,553.4
7195,2024-09-02,55,11,1063.6,1351.3,4.1,1207.1
7196,2025-07-07,32,14,141.7,149.2,5.2,235.0
7197,2024-11-25,1,21,2777.0,1709.9,16.4,730.8
7198,2025-02-17,7,22,477.5,121.7,14.8,154.2
7199,2025-10-27,16,7,406.1,407.6,6.0,704.6
7200,2024-09-30,20,17,656.2,2103.7,3.4,1294.5
7201,2023-12-25,49,16,1015.8,574.6,7.0,820.3
7202,2023-04-17,118,6,0.0,550.0,0.0,165.5
7203,2024-03-18,50,10,1021.5,864.1,4.2,1489.5
7204,2024-11-25,91,6,114.1,540.4,1.7,973.9
7205,2023-06-12,73,17,739.1,586.1,8.9,434.6
7206,2025-12-22,4,4,0.0,346.1,0.0,1073.2
7207,2025-10-27,3,5,34.0,388.2,0.5,364.3
7208,2023-05-15,86,15,949.5,319.2,9.4,572.0
7209,2023-11-27,36,8,553.8,334.2,19.2,189.8
7210,2024-04-15,84,4,822.2,367.9,13.4,535.4
7211,2025-11-24,76,6,23.4,89.5,2.9,47.1
7212,2024-11-25,53,18,1626.9,835.5,8.3,1821.2
7213,2024-11-25,118,1,53.8,799.9,0.7,864.8
7214,2025-02-17,4,4,0.0,346.1,0.0,748.3
7215,2025-09-01,2,16,533.1,1349.1,3.5,1000.1
7216,2024-12-23,58,7,0.0,907.6,0.0,2150.3
7217,2024-06-10,115,14,1593.8,1435.7,8.4,1282.5
7218,2023-02-20,16,21,28.1,353.3,0.4,378.8
7219,2023-07-10,87,13,887.6,695.9,6.6,860.9
7220,2025-05-12,23,5,925.8,555.2,7.3,656.2
7221,2024-11-25,56,6,1905.7,1535.4,13.0,589.2
7222,2023-09-04,41,18,200.8,151.0,5.1,283.8
7223,2023-10-02,72,10,1506.2,1523.0,10.8,711.1
7224,2025-12-22,83,5,0.0,480.5,0.0,641.3
7225,2024-12-23,34,16,474.3,189.8,10.9,241.5
7226,2023-10-02,69,18,559.0,313.7,9.4,251.9
7227,2025-05-12,87,21,1166.2,1095.0,4.2,1850.0
7228,2023-06-12,119,8,0.0,157.7,0.0,640.7
7229,2023-06-12,88,15,0.0,266.1,0.0,590.5
7230,2024-04-15,97,4,322.3,284.1,11.3,171.5
7231,2025-03-17,24,12,218.8,174.5,6.4,152.3
7232,2025-02-17,17,12,946.8,496.5,19.6,167.3
7233,2023-06-12,58,16,1017.0,985.6,5.0,925.1
7234,2024-09-30,39,4,852.2,711.6,6.4,1123.4
7235,2024-08-05,6,22,523.8,1069.3,2.3,662.6
7236,2023-10-30,33,15,44.5,28.9,8.7,34.3
7237,2023-01-01,111,10,2543.6,1092.1,7.8,1620.3
7238,2023-12-25,100,2,248.5,120.3,11.0,105.3
7239,2023-01-01,116,18,948.2,618.5,11.6,216.9
7240,2023-02-20,114,13,341.6,135.0,8.8,261.8
7241,2025-06-09,34,19,47.1,260.5,0.8,332.5
7242,2025-02-17,87,13,460.0,695.9,3.4,778.5
7243,2023-04-17,115,22,2179.5,2457.1,10.6,1426.3
7244,2024-10-28,62,22,357.0,601.0,2.3,810.0
7245,2023-10-02,61,7,320.5,135.8,16.9,89.0
7246,2023-01-01,54,10,1723.8,557.4,10.1,1290.2
7247,2025-07-07,104,11,707.6,329.9,22.7,108.5
7248,2023-11-27,46,7,46.1,169.1,2.0,231.0
7249,2024-05-13,3,21,0.0,747.4,0.0,3556.9
7250,2024-10-28,34,4,269.4,371.8,4.2,294.9
7251,2025-11-24,46,7,0.0,169.1,0.0,374.3
7252,2025-05-12,30,9,0.0,181.7,0.0,536.0
7253,2024-12-23,19,4,0.0,209.1,0.0,527.4
7254,2023-02-20,28,13,907.8,699.4,8.2,1009.3
7255,2025-10-27,114,2,393.4,459.6,5.2,748.0
7256,2025-08-04,106,8,676.3,322.5,11.6,284.1
7257,2023-01-23,33,10,33.6,34.2,3.5,89.6
7258,2023-05-15,97,2,72.8,302.8,2.5,175.4
7259,2024-04-15,32,1,267.2,137.0,9.6,148.7
7260,2025-12-22,15,2,648.1,1277.7,3.6,999.0
7261,2023-10-30,119,15,0.0,113.0,0.0,814.8
7262,2023-06-12,33,16,16.6,28.5,2.4,57.6
7263,2023-10-02,88,14,247.3,673.4,2.1,796.0
7264,2023-01-23,29,19,1263.6,733.4,17.8,816.1
7265,2023-02-20,1,20,695.2,1975.1,3.6,982.8
7266,2024-03-18,30,21,367.2,367.6,6.1,530.4
7267,2023-02-20,13,21,685.4,514.3,15.7,275.9
7268,2024-10-28,74,18,0.0,975.1,0.0,3988.9
7269,2023-10-02,44,2,497.8,707.7,5.4,816.0
7270,2023-09-04,15,2,65.4,1277.7,0.4,841.9
7271,2024-02-19,28,13,2317.7,699.4,21.0,737.9
7272,2024-08-05,118,1,696.0,799.9,9.2,1164.8
7273,2023-07-10,38,12,0.0,406.0,0.0,651.4
7274,2024-08-05,56,1,895.3,1470.0,3.7,1540.9
7275,2024-07-08,114,2,407.5,459.6,5.4,490.0
7276,2024-07-08,35,2,2553.4,1653.1,6.3,1154.7
7277,2025-02-17,57,2,557.9,1113.8,4.5,250.2
7278,2024-11-25,48,13,1152.6,817.7,6.7,915.1
7279,2025-01-20,25,18,51.8,133.2,1.7,257.8
7280,2023-01-23,89,19,1002.1,690.0,7.4,551.3
7281,2024-10-28,3,6,940.4,363.7,11.7,802.5
7282,2025-09-29,35,12,7232.3,2577.0,16.9,1532.7
7283,2023-04-17,35,13,587.7,766.3,3.0,1840.0
7284,2023-04-17,72,18,758.4,847.3,7.2,909.3
7285,2024-09-02,50,13,0.0,543.5,0.0,1352.3
7286,2024-05-13,54,13,369.0,325.4,4.5,731.7
7287,2023-06-12,11,1,4358.0,1354.0,14.4,1624.6
7288,2024-09-30,39,3,835.7,214.7,11.9,214.6
7289,2023-09-04,71,2,653.3,797.9,9.1,483.4
7290,2023-08-07,17,16,0.0,316.5,0.0,212.7
7291,2024-04-15,28,5,1653.2,1116.1,16.4,439.1
7292,2023-10-30,109,17,0.0,573.9,0.0,1910.9
7293,2024-03-18,4,10,637.1,403.1,7.3,718.6
7294,2024-04-15,40,8,1171.7,1169.4,10.5,1074.1
7295,2024-12-23,3,6,176.0,363.7,2.2,294.8
7296,2023-07-10,107,12,530.2,304.1,6.3,697.5
7297,2023-02-20,11,9,266.7,1138.3,1.0,1663.1
7298,2025-07-07,119,15,14.8,113.0,0.5,206.3
7299,2025-02-17,38,19,745.1,333.6,8.5,136.7
7300,2023-01-23,55,16,1404.8,687.4,7.3,1207.0
7301,2023-02-20,55,10,1241.4,1421.7,4.1,2440.1
7302,2023-06-12,120,22,0.0,460.1,0.0,634.4
7303,2024-10-28,81,12,909.7,817.2,5.1,836.1
7304,2023-05-15,54,6,0.0,523.7,0.0,1000.5
7305,2024-02-19,11,19,585.7,1502.0,2.4,3575.4
7306,2024-09-02,113,2,1159.5,532.0,12.3,298.3
7307,2024-05-13,115,14,3168.7,1435.7,16.7,845.4
7308,2025-10-27,3,21,738.4,747.4,6.5,1121.2
7309,2025-02-17,33,10,69.2,34.2,7.2,56.8
7310,2023-10-30,45,3,0.0,225.7,0.0,884.3
7311,2025-04-14,24,13,161.9,52.9,10.9,97.8
7312,2025-10-27,14,6,229.2,223.6,11.8,65.4
7313,2025-01-20,89,3,518.6,335.2,6.5,368.4
7314,2023-05-15,80,18,316.6,413.2,4.7,319.2
7315,2023-07-10,111,15,1669.8,690.0,9.5,980.6
7316,2024-02-19,20,15,0.0,824.7,0.0,740.9
7317,2025-04-14,102,8,0.0,473.0,0.0,113.5
7318,2024-04-15,80,4,1125.4,423.6,11.7,501.6
7319,2025-10-27,61,16,254.2,145.5,16.3,83.8
7320,2024-05-13,93,15,405.5,148.8,9.0,267.7
7321,2025-12-22,7,5,195.0,69.1,11.3,83.1
7322,2024-10-28,12,13,0.0,636.2,0.0,2299.8
7323,2024-02-19,42,9,1742.5,629.4,16.4,364.5
7324,2024-09-30,10,9,143.6,280.7,2.7,423.4
7325,2025-09-29,95,12,935.6,1800.7,4.5,878.5
7326,2024-01-22,2,22,5758.6,2547.9,26.8,524.1
7327,2024-03-18,17,11,404.6,411.7,9.1,110.7
7328,2024-09-02,51,14,0.0,302.3,0.0,290.5
7329,2023-09-04,36,14,267.9,271.1,8.0,218.3
7330,2024-01-22,73,20,1636.5,986.3,19.0,251.7
7331,2024-07-08,32,2,6.4,114.9,0.2,226.7
7332,2024-06-10,78,16,919.2,485.5,7.2,391.0
7333,2024-09-30,73,21,812.5,646.5,9.7,729.3
7334,2024-10-28,96,5,0.0,246.9,0.0,820.8
7335,2025-01-20,111,17,0.0,1696.4,0.0,1991.0
7336,2024-08-05,69,18,562.4,313.7,9.5,505.0
7337,2023-10-02,12,14,1870.2,1407.4,7.0,1386.0
7338,2024-02-19,56,13,768.3,1088.1,6.8,1854.0
7339,2025-12-22,73,10,1752.6,964.2,19.2,1040.5
7340,2023-04-17,107,15,87.0,228.6,2.2,229.8
7341,2024-03-18,20,21,5995.1,2100.4,28.5,1025.3
7342,2024-10-28,61,22,968.8,234.9,41.8,70.3
7343,2024-12-23,69,18,219.9,313.7,3.7,782.7
7344,2024-05-13,27,15,332.0,340.8,6.2,290.1
7345,2025-09-01,41,22,269.8,306.6,5.2,208.7
7346,2024-09-30,120,19,266.5,256.9,3.6,769.8
7347,2025-06-09,24,4,0.0,122.2,0.0,284.9
7348,2025-10-27,40,12,299.3,1553.8,2.0,1463.5
7349,2023-07-10,78,15,682.1,498.7,7.5,353.6
7350,2024-12-23,17,1,755.9,420.1,17.1,542.4
7351,2025-09-29,20,17,0.0,2103.7,0.0,7921.3
7352,2023-07-10,80,18,465.4,413.2,6.8,239.9
7353,2024-07-08,3,18,0.0,503.4,0.0,1410.8
7354,2025-09-01,9,18,317.9,364.8,5.2,495.4
7355,2025-09-01,74,9,2034.1,1692.3,6.4,3097.5
7356,2024-10-28,3,19,554.3,474.2,5.6,924.1
7357,2025-05-12,83,5,1265.7,480.5,8.4,1016.3
7358,2024-07-08,94,14,286.2,425.2,3.5,515.9
7359,2024-09-02,111,10,648.1,1092.1,2.0,1810.4
7360,2024-10-28,5,12,478.5,736.1,3.2,920.0
7361,2024-02-19,119,4,0.0,191.6,0.0,731.2
7362,2023-10-30,99,15,0.0,238.1,0.0,1856.7
7363,2023-03-20,31,5,0.0,320.3,0.0,410.4
7364,2023-01-01,54,7,804.4,549.5,5.7,606.3
7365,2023-11-27,58,16,2668.8,985.6,13.0,666.1
7366,2024-02-19,68,18,788.1,1111.6,4.3,1553.0
7367,2024-02-19,94,22,763.7,407.6,9.2,406.7
7368,2025-05-12,40,4,1261.9,1219.2,8.7,1445.8
7369,2025-05-12,2,7,885.8,2044.2,4.3,2803.4
7370,2024-07-08,58,16,1077.6,985.6,5.3,686.6
7371,2024-06-10,3,1,151.5,436.8,1.3,757.4
7372,2023-01-23,98,11,589.0,451.6,7.0,482.5
7373,2025-02-17,58,21,3758.3,1007.7,13.0,951.3
7374,2024-02-19,55,10,667.1,1421.7,2.2,1639.7
7375,2023-02-20,15,12,322.1,1692.1,1.8,463.5
7376,2024-08-05,118,15,802.3,433.3,20.8,106.5
7377,2023-12-25,1,21,0.0,1709.9,0.0,896.8
7378,2025-09-29,105,13,0.0,458.6,0.0,293.1
7379,2025-09-29,43,22,0.0,302.8,0.0,553.8
7380,2025-06-09,88,15,419.8,266.1,6.4,470.3
7381,2025-09-01,31,15,0.0,242.5,0.0,810.2
7382,2024-08-05,13,8,1158.6,295.2,30.6,139.5
7383,2025-08-04,45,3,307.3,225.7,4.0,628.4
7384,2023-07-10,75,19,1704.0,501.0,13.6,767.3
7385,2024-01-22,71,2,147.7,797.9,2.1,295.2
7386,2024-03-18,114,17,472.6,244.1,6.8,446.6
7387,2025-12-22,5,12,465.7,736.1,3.1,889.6
7388,2023-06-12,13,20,325.4,389.2,7.0,210.0
7389,2024-09-30,102,14,480.3,773.4,7.7,347.6
7390,2023-11-27,115,8,1719.1,1539.3,12.2,1040.0
7391,2024-10-28,116,18,732.6,618.5,8.9,346.5
7392,2024-02-19,21,5,431.7,191.8,11.1,130.3
7393,2025-02-17,76,4,339.9,129.4,32.5,48.8
7394,2025-01-20,95,15,2493.4,1109.1,23.2,702.4
7395,2024-01-22,32,14,68.9,149.2,2.5,96.6
7396,2023-12-25,84,5,263.9,203.2,7.8,373.7
7397,2023-09-04,23,17,2261.4,1172.0,11.9,1270.6
7398,2023-09-04,66,16,0.0,92.0,0.0,273.8
7399,2025-09-01,56,13,892.1,1088.1,7.9,1052.6
7400,2023-01-23,68,8,716.8,751.4,3.9,1724.6
7401,2025-09-01,102,9,529.4,564.5,10.6,423.4
7402,2024-11-25,116,15,58.9,533.8,1.1,493.3
7403,2025-12-22,76,7,21.0,79.9,2.1,94.0
7404,2023-09-04,51,11,383.9,428.1,9.7,334.8
7405,2025-09-01,62,22,1422.2,601.0,9.2,1374.9
7406,2023-10-02,115,14,0.0,1435.7,0.0,1211.9
7407,2023-08-07,34,7,1078.7,308.4,18.8,286.8
7408,2023-05-15,35,13,638.9,766.3,3.2,1048.6
7409,2024-08-05,36,14,965.9,271.1,28.9,196.0
7410,2024-12-23,85,4,137.7,495.3,1.5,1105.2
7411,2025-09-01,35,15,1957.9,1108.4,9.8,1067.6
7412,2025-10-27,47,20,931.9,1025.6,3.5,2216.7
7413,2023-09-04,119,4,0.0,191.6,0.0,283.0
7414,2025-11-24,12,13,85.0,636.2,0.6,737.7
7415,2024-09-30,114,2,700.9,459.6,9.3,278.6
7416,2025-07-07,21,5,337.6,191.8,8.7,274.1
7417,2024-11-25,65,19,101.6,1189.3,0.8,671.1
7418,2024-05-13,71,1,66.7,526.2,0.9,634.7
7419,2025-11-24,63,1,710.9,1056.9,4.4,1057.3
7420,2025-04-14,29,19,509.2,733.4,7.2,354.4
7421,2023-01-01,74,7,3055.5,1658.6,8.4,1757.9
7422,2025-12-22,56,8,2901.2,1837.9,17.9,1520.3
7423,2025-02-17,30,18,652.5,210.3,15.1,263.0
7424,2024-09-02,15,8,820.7,1145.8,6.8,468.4
7425,2024-10-28,51,20,0.0,308.4,0.0,495.2
7426,2023-09-04,45,13,759.1,404.1,11.0,201.0
7427,2025-05-12,98,14,565.3,353.3,6.1,413.9
7428,2024-06-10,8,9,1717.8,1215.1,7.9,657.7
7429,2024-06-10,94,11,178.8,278.3,2.4,262.8
7430,2023-10-02,26,7,221.7,427.3,2.3,882.3
7431,2023-10-02,111,21,1419.6,1672.3,4.8,1208.3
7432,2023-06-12,11,12,0.0,1526.5,0.0,2569.9
7433,2023-12-25,29,17,542.7,491.1,7.4,730.2
7434,2025-04-14,4,3,0.0,207.6,0.0,307.8
7435,2024-09-30,67,3,544.9,284.2,9.1,284.8
7436,2025-10-27,9,13,720.5,183.0,16.6,152.2
7437,2024-12-23,74,21,223.4,1789.6,0.6,2513.0
7438,2023-04-17,47,4,0.0,1113.1,0.0,2925.4
7439,2025-12-22,26,11,0.0,350.4,0.0,1403.2
7440,2025-04-14,100,11,167.1,68.2,7.6,83.7
7441,2023-09-04,81,13,977.9,329.8,11.8,400.9
7442,2023-01-23,61,4,637.2,183.4,28.1,81.5
7443,2025-11-24,82,4,827.5,332.9,9.1,660.2
7444,2023-02-20,3,15,398.4,321.4,6.4,272.5
7445,2024-04-15,25,1,97.5,177.0,2.8,278.2
7446,2024-05-13,68,18,1835.8,1111.6,10.0,505.4
7447,2023-01-01,111,8,201.2,1000.4,0.8,4029.1
7448,2023-10-30,72,10,2627.3,1523.0,18.8,721.6
7449,2025-12-22,63,2,1206.2,1144.2,7.1,939.7
7450,2025-03-17,34,7,0.0,308.4,0.0,663.1
7451,2024-02-19,23,14,2363.5,1006.0,11.1,1103.2
7452,2025-09-29,107,15,0.0,228.6,0.0,1143.9
7453,2023-05-15,55,21,0.0,1049.0,0.0,2863.8
7454,2024-09-02,37,3,359.3,423.3,3.7,329.6
7455,2023-10-30,76,9,100.6,109.4,11.4,52.0
7456,2024-09-02,31,5,1012.7,320.3,13.4,354.5
7457,2023-11-27,15,22,1717.2,1475.2,11.1,675.3
7458,2024-05-13,10,2,269.0,363.6,4.0,357.2
7459,2024-07-08,18,3,606.2,698.6,3.2,861.5
7460,2024-06-10,11,12,1159.0,1526.5,3.4,2867.0
7461,2024-05-13,112,13,695.8,363.7,10.9,716.6
7462,2024-09-02,74,22,2207.5,1630.4,5.2,2254.7
7463,2023-08-07,66,6,272.4,80.9,12.1,95.6
7464,2025-06-09,64,16,1065.6,632.1,10.0,744.3
7465,2025-02-17,80,12,0.0,524.7,0.0,1074.0
7466,2025-05-12,83,9,0.0,966.3,0.0,1132.1
7467,2024-11-25,113,4,0.0,276.9,0.0,2213.1
7468,2023-07-10,33,16,3.1,28.5,0.5,30.1
7469,2023-02-20,63,7,1365.1,1557.6,8.9,357.1
7470,2025-09-01,52,9,462.2,208.0,12.5,147.0
7471,2023-02-20,93,22,474.9,361.6,5.2,305.4
7472,2023-01-23,32,2,140.1,114.9,4.7,116.7
7473,2023-03-20,22,22,1473.9,754.9,10.4,469.8
7474,2025-08-04,98,10,0.0,360.3,0.0,1360.5
7475,2025-10-27,93,14,917.2,303.1,11.4,461.5
7476,2024-09-30,4,22,832.0,438.1,9.8,313.8
7477,2024-09-30,116,17,895.6,654.8,9.9,797.9
7478,2025-06-09,29,17,754.1,491.1,10.3,473.9
7479,2024-04-15,29,8,806.0,595.2,13.8,693.6
7480,2024-08-05,29,1,388.3,830.6,4.6,203.5
7481,2023-11-27,72,2,2485.4,1419.0,19.1,454.8
7482,2023-01-01,120,19,496.1,256.9,6.6,518.4
7483,2023-05-15,52,2,162.6,269.0,3.6,649.2
7484,2025-03-17,92,11,975.0,1000.0,5.6,615.5
7485,2023-04-17,28,5,1024.2,1116.1,10.2,708.9
7486,2024-03-18,84,7,730.2,355.2,12.2,398.3
7487,2024-01-22,19,5,297.0,159.0,9.1,148.9
7488,2023-07-10,20,20,1942.4,2225.0,9.4,1150.5
7489,2023-09-04,98,19,893.0,333.6,11.0,407.0
7490,2025-10-27,57,16,1472.4,622.9,20.3,403.2
7491,2024-06-10,38,7,754.2,306.2,8.7,201.5
7492,2024-06-10,47,10,1132.7,1429.1,3.8,2140.0
7493,2025-04-14,29,9,455.6,636.4,6.8,349.5
7494,2025-04-14,42,18,1750.0,594.8,18.2,435.7
7495,2025-09-29,115,10,2205.1,1992.9,11.9,1031.8
7496,2025-11-24,118,15,337.2,433.3,8.7,266.4
7497,2023-03-20,105,13,995.7,458.6,17.0,371.1
7498,2023-10-02,48,4,2805.3,1351.2,8.2,2562.7
7499,2023-05-15,42,5,682.2,328.7,10.0,554.0
7500,2025-09-29,56,3,0.0,1209.0,0.0,1067.2
7501,2023-01-23,104,8,595.6,225.9,26.1,174.0
7502,2023-02-20,114,19,768.2,196.6,11.4,209.0
7503,2025-11-24,2,14,0.0,1629.8,0.0,3568.9
7504,2023-12-25,11,19,122.6,1502.0,0.5,1759.8
7505,2024-12-23,102,10,502.3,505.5,8.0,241.6
7506,2025-04-14,8,19,0.0,1069.6,0.0,3346.7
7507,2025-08-04,17,7,890.9,463.3,21.7,221.6
7508,2025-10-27,88,8,249.1,365.8,2.8,690.5
7509,2024-11-25,73,4,1444.8,796.2,15.3,1109.0
7510,2024-05-13,99,2,0.0,851.3,0.0,1648.7
7511,2025-10-27,108,17,244.2,306.5,7.0,116.1
7512,2025-12-22,99,19,489.9,648.5,4.1,1055.6
7513,2025-11-24,87,12,0.0,1280.6,0.0,4470.4
7514,2024-08-05,28,17,1573.7,2125.5,8.0,1320.4
7515,2025-04-14,107,19,525.4,307.3,8.6,373.4
7516,2023-07-10,15,8,696.5,1145.8,5.8,994.8
7517,2024-04-15,38,8,305.3,362.2,4.1,237.5
7518,2025-12-22,104,10,61.9,353.2,1.9,332.6
7519,2024-10-28,6,19,717.0,707.7,4.6,1337.8
7520,2025-09-29,2,16,165.7,1349.1,1.1,618.4
7521,2023-07-10,106,1,752.1,285.9,9.8,498.2
7522,2023-07-10,81,20,2263.8,989.5,12.4,993.2
7523,2024-09-30,87,13,475.6,695.9,3.6,744.7
7524,2024-04-15,98,7,783.7,266.7,8.5,642.0
7525,2024-03-18,21,15,549.9,227.9,13.0,200.7
7526,2024-11-25,97,2,291.4,302.8,9.8,332.2
7527,2023-02-20,47,22,1382.8,1657.6,4.5,1042.2
7528,2024-03-18,16,13,70.8,213.0,1.9,254.6
7529,2023-08-07,35,2,1460.5,1653.1,3.6,2112.6
7530,2025-08-04,117,8,116.2,199.2,2.3,661.1
7531,2024-02-19,51,13,256.0,227.6,13.1,160.4
7532,2023-02-20,55,11,188.6,1351.3,0.7,1822.8
7533,2025-05-12,98,9,63.4,305.0,0.8,456.9
7534,2024-03-18,76,9,69.8,109.4,7.9,98.5
7535,2023-06-12,6,22,1511.2,1069.3,6.6,753.7
7536,2025-09-29,72,18,9.0,847.3,0.1,1182.5
7537,2023-09-04,71,22,42.9,490.0,0.6,928.2
7538,2024-11-25,32,3,99.1,47.1,7.2,57.9
7539,2024-02-19,41,7,206.7,310.0,4.2,206.1
7540,2024-03-18,37,19,1681.2,664.7,10.5,503.3
7541,2023-05-15,44,2,1548.5,707.7,16.9,746.1
7542,2024-08-05,116,18,166.0,618.5,2.0,913.1
7543,2025-09-29,28,3,482.2,731.9,5.0,1320.9
7544,2023-02-20,2,7,1925.3,2044.2,9.3,1368.7
7545,2024-05-13,82,7,805.0,330.4,11.1,144.7
7546,2023-01-01,54,4,1840.8,624.3,11.9,754.7
7547,2024-02-19,64,5,606.4,349.7,8.1,638.3
7548,2023-07-10,30,3,76.3,137.1,2.5,322.4
7549,2024-12-23,103,12,226.9,190.5,5.0,194.3
7550,2023-03-20,15,8,1753.4,1145.8,14.5,591.5
7551,2024-04-15,20,12,2925.4,2053.9,13.5,1374.2
7552,2024-06-10,62,20,2.0,806.3,0.0,1460.1
7553,2025-09-01,84,14,420.2,400.2,6.8,428.2
7554,2023-03-20,25,13,0.0,87.9,0.0,148.5
7555,2023-07-10,116,17,867.4,654.8,9.6,444.2
7556,2023-02-20,59,1,1899.7,1199.3,6.9,1541.4
7557,2025-11-24,104,19,688.2,240.4,25.6,63.2
7558,2025-10-27,51,11,0.0,428.1,0.0,606.2
7559,2023-09-04,97,4,462.2,284.1,16.3,153.9
7560,2025-09-01,71,13,497.1,310.5,14.8,157.2
7561,2023-10-30,38,13,92.9,152.1,1.9,311.8
7562,2023-05-15,45,5,668.6,396.7,8.8,323.5
7563,2025-08-04,112,13,0.0,363.7,0.0,755.9
7564,2023-06-12,36,6,637.4,320.6,24.0,224.5
7565,2024-11-25,81,12,1988.5,817.2,11.1,1592.5
7566,2024-07-08,76,16,70.0,86.2,9.7,31.5
7567,2024-06-10,37,19,1162.2,664.7,7.3,800.8
7568,2025-02-17,45,16,459.3,506.6,4.8,326.7
7569,2024-09-30,93,17,0.0,275.5,0.0,653.6
7570,2023-05-15,29,9,1098.7,636.4,16.4,338.7
7571,2023-12-25,25,5,309.6,116.9,15.1,74.7
7572,2023-09-04,3,5,85.2,388.2,1.3,873.0
7573,2024-03-18,111,13,0.0,557.6,0.0,1375.3
7574,2024-02-19,102,9,89.3,564.5,1.8,454.9
7575,2024-09-02,24,17,0.0,91.8,0.0,140.1
7576,2024-08-05,55,10,3048.8,1421.7,10.2,2238.7
7577,2024-09-30,8,13,2337.3,596.3,18.9,389.6
7578,2024-09-30,72,12,0.0,1202.3,0.0,1239.9
7579,2024-01-22,85,5,383.4,214.1,8.0,185.6
7580,2023-01-01,8,9,0.0,1215.1,0.0,4236.4
7581,2023-10-30,19,3,78.5,113.3,2.6,399.9
7582,2025-10-27,81,5,368.5,454.2,4.2,803.3
7583,2023-08-07,53,5,747.7,550.8,5.3,817.8
7584,2023-04-17,30,21,720.8,367.6,12.0,235.7
7585,2025-09-01,77,19,427.3,455.8,10.9,289.6
7586,2024-02-19,73,11,1072.6,949.4,12.5,742.1
7587,2025-09-01,9,2,511.9,413.2,5.8,243.7
7588,2024-07-08,14,5,320.6,165.3,23.0,70.2
7589,2024-09-02,6,14,432.5,709.1,2.4,1452.0
7590,2023-09-04,14,1,226.2,208.3,8.4,145.4
7591,2025-09-29,45,3,193.8,225.7,2.5,637.5
7592,2025-10-27,73,20,830.9,986.3,9.6,1699.2
7593,2025-09-29,106,20,149.1,394.7,1.9,250.3
7594,2023-05-15,74,21,0.0,1789.6,0.0,2788.3
7595,2024-04-15,28,19,3508.9,1650.5,21.2,840.2
7596,2024-09-02,43,12,351.0,359.1,4.1,653.9
7597,2024-01-22,24,3,149.2,58.6,9.3,44.4
7598,2023-02-20,22,5,344.0,287.1,5.1,350.8
7599,2025-04-14,84,15,214.4,196.3,6.2,173.2
7600,2025-06-09,13,21,862.5,514.3,19.7,366.4
7601,2025-12-22,84,5,190.2,203.2,5.6,248.1
7602,2023-01-23,114,21,212.3,379.9,2.7,411.3
7603,2023-09-04,98,9,126.1,305.0,1.6,331.3
7604,2023-09-04,36,9,0.0,270.4,0.0,204.5
7605,2024-01-22,93,6,724.6,309.3,12.4,220.2
7606,2024-09-02,120,12,165.7,349.9,1.7,981.7
7607,2025-11-24,18,4,200.2,1910.1,0.6,2469.1
7608,2025-02-17,16,21,570.9,353.3,7.7,645.4
7609,2025-08-04,120,21,1311.0,339.5,14.8,338.8
7610,2024-10-28,39,10,1339.2,782.6,9.3,1364.5
7611,2025-09-01,81,16,0.0,521.6,0.0,657.3
7612,2024-11-25,28,3,2426.2,731.9,25.1,578.1
7613,2025-02-17,21,15,121.7,227.9,2.9,242.6
7614,2025-10-27,83,13,0.0,747.8,0.0,2248.1
7615,2025-01-20,8,13,686.4,596.3,5.6,1495.8
7616,2023-08-07,106,7,930.0,319.4,14.9,150.6
7617,2023-09-04,56,18,1566.9,1360.0,9.2,1077.7
7618,2023-04-17,84,17,591.0,238.8,9.4,243.9
7619,2023-03-20,11,1,3649.0,1354.0,12.1,853.6
7620,2024-10-28,36,13,185.9,197.4,10.8,95.8
7621,2025-04-14,2,14,5121.7,1629.8,23.9,342.0
7622,2024-08-05,88,1,0.0,412.1,0.0,1053.4
7623,2025-11-24,15,10,2390.2,1178.6,14.6,1260.3
7624,2023-01-23,56,3,1493.4,1209.0,13.7,1108.5
7625,2023-10-30,106,4,0.0,447.1,0.0,736.3
7626,2025-05-12,97,2,84.3,302.8,2.8,113.1
7627,2025-03-17,104,11,500.2,329.9,16.0,131.4
7628,2024-04-15,103,4,531.8,247.2,12.7,172.6
7629,2025-08-04,74,4,380.1,1932.6,1.0,2999.3
7630,2025-04-14,105,4,3173.4,988.5,28.4,382.8
7631,2025-09-29,11,14,3239.2,1725.9,10.6,1988.8
7632,2024-04-15,81,16,0.0,521.6,0.0,901.4
7633,2024-11-25,44,17,2374.0,929.8,30.6,375.8
7634,2023-04-17,79,2,1275.9,1301.2,8.7,1328.8
7635,2024-11-25,71,16,0.0,373.4,0.0,297.5
7636,2025-05-12,81,3,331.8,450.2,3.8,489.5
7637,2025-09-01,106,20,793.8,394.7,10.2,393.4
7638,2025-03-17,74,6,1394.8,857.7,4.8,1802.1
7639,2025-01-20,64,17,895.7,673.3,6.6,795.9
7640,2023-11-27,6,4,180.6,858.1,0.9,1996.0
7641,2024-05-13,81,5,0.0,454.2,0.0,507.1
7642,2025-06-09,45,3,777.2,225.7,10.2,208.0
7643,2023-07-10,70,10,537.8,397.9,11.6,146.3
7644,2024-06-10,72,14,0.0,1042.0,0.0,1027.9
7645,2023-01-23,78,9,1375.8,682.1,9.3,559.0
7646,2023-10-02,15,12,0.0,1692.1,0.0,2679.5
7647,2023-11-27,108,3,548.7,211.8,28.9,113.5
7648,2023-10-30,44,6,0.0,748.1,0.0,291.8
7649,2025-05-12,88,10,1000.4,635.5,8.3,535.0
7650,2025-11-24,94,9,102.9,262.3,1.6,587.8
7651,2024-11-25,84,5,225.5,203.2,6.7,239.7
7652,2025-07-07,53,19,1415.9,889.9,6.4,1114.0
7653,2023-08-07,52,9,35.6,208.0,1.0,270.7
7654,2023-06-12,61,22,272.6,234.9,11.8,268.8
7655,2025-10-27,115,22,4270.5,2457.1,20.7,1091.9
7656,2023-10-02,9,5,14.1,241.1,0.3,272.9
7657,2023-02-20,79,2,1202.1,1301.2,8.2,722.6
7658,2023-11-27,72,18,775.3,847.3,7.4,1062.2
7659,2024-10-28,112,12,1577.5,592.0,11.2,747.1
7660,2024-02-19,28,3,1343.2,731.9,13.9,416.1
7661,2024-02-19,117,3,122.9,119.3,3.5,228.7
7662,2023-03-20,26,14,0.0,346.3,0.0,538.8
7663,2024-02-19,93,3,583.5,166.2,14.0,266.0
7664,2023-02-20,34,12,279.3,298.3,3.8,345.5
7665,2024-04-15,107,21,674.0,411.7,9.4,634.9
7666,2024-09-02,24,12,9.1,174.5,0.3,168.0
7667,2025-10-27,39,14,770.0,483.0,6.0,1154.4
7668,2025-09-01,61,18,435.4,181.8,27.7,123.1
7669,2025-07-07,116,18,1785.1,618.5,21.8,600.8
7670,2025-04-14,26,11,442.2,350.4,4.5,704.0
7671,2024-09-30,6,22,1454.2,1069.3,6.3,668.2
7672,2023-12-25,48,9,737.4,1585.0,2.7,1660.2
7673,2024-11-25,17,12,168.9,496.5,3.5,534.2
7674,2023-08-07,48,4,2857.2,1351.2,8.4,1895.7
7675,2023-12-25,106,7,96.2,319.4,1.5,333.7
7676,2024-02-19,54,17,300.8,707.3,2.2,684.8
7677,2023-12-25,30,3,237.1,137.1,7.9,217.2
7678,2023-10-02,72,14,2975.0,1042.0,20.0,1497.5
7679,2025-08-04,70,8,37.2,355.5,1.1,310.6
7680,2023-11-27,7,3,97.2,78.7,6.3,43.3
7681,2023-06-12,116,3,765.8,463.0,13.5,316.7
7682,2023-06-12,82,6,194.2,276.4,3.3,248.1
7683,2025-05-12,119,14,0.0,279.0,0.0,1408.4
7684,2023-05-15,53,5,0.0,550.8,0.0,1048.4
7685,2023-05-15,39,14,0.0,483.0,0.0,656.7
7686,2023-06-12,13,11,374.2,411.6,8.3,448.9
7687,2023-04-17,71,22,755.2,490.0,10.2,311.8
7688,2025-10-27,24,3,0.0,58.6,0.0,253.3
7689,2025-04-14,60,6,994.0,284.3,16.0,352.7
7690,2025-09-01,105,4,1278.9,988.5,11.4,376.3
7691,2025-05-12,109,21,1242.1,641.1,9.5,901.1
7692,2025-07-07,72,14,1509.2,1042.0,10.1,732.1
7693,2024-10-28,52,9,400.8,208.0,10.9,248.0
7694,2025-05-12,32,17,183.2,80.0,7.0,122.7
7695,2024-10-28,31,16,710.5,540.3,7.4,863.8
7696,2025-05-12,74,18,794.5,975.1,2.6,1200.8
7697,2024-06-10,28,8,0.0,1678.8,0.0,890.6
7698,2024-02-19,100,20,303.5,89.6,13.7,85.3
7699,2024-09-30,3,19,931.9,474.2,9.4,469.0
7700,2024-05-13,57,2,2626.0,1113.8,21.3,853.6
7701,2025-10-27,38,9,332.3,352.5,4.0,569.4
7702,2023-11-27,1,12,0.0,1754.4,0.0,2825.1
7703,2025-06-09,94,4,364.1,430.0,4.7,640.4
7704,2025-09-01,107,21,682.5,411.7,9.5,592.3
7705,2024-01-22,43,20,1037.0,294.4,13.4,339.2
7706,2024-01-22,21,6,308.8,270.2,5.2,206.3
7707,2023-09-04,98,11,614.0,451.6,7.3,512.1
7708,2023-12-25,18,19,0.0,994.5,0.0,2153.0
7709,2023-01-01,84,5,352.7,203.2,10.5,112.3
7710,2025-01-20,28,3,1532.2,731.9,15.9,791.1
7711,2023-01-23,102,16,796.2,515.3,18.1,249.1
7712,2023-03-20,104,8,135.4,225.9,5.9,91.6
7713,2025-09-01,17,6,217.5,281.8,6.5,315.9
7714,2023-05-15,103,1,10.7,201.6,0.3,223.5
7715,2023-10-30,116,18,1838.5,618.5,22.4,813.2
7716,2024-02-19,118,21,2024.0,869.1,28.3,400.0
7717,2023-04-17,49,5,0.0,445.2,0.0,565.2
7718,2025-09-29,32,2,0.0,114.9,0.0,192.1
7719,2025-01-20,78,3,322.3,517.1,3.9,491.9
7720,2025-06-09,28,19,1515.8,1650.5,9.2,885.8
7721,2024-06-10,1,21,2219.3,1709.9,13.1,536.1
7722,2025-01-20,18,15,2247.4,662.8,10.8,624.1
7723,2024-07-08,101,3,82.5,40.3,9.5,47.4
7724,2023-02-20,84,14,731.2,400.2,11.8,455.4
7725,2024-10-28,38,4,446.6,520.8,4.6,915.8
7726,2025-02-17,59,20,1614.5,896.5,5.5,1590.6
7727,2025-03-17,43,20,411.8,294.4,5.3,398.1
7728,2024-12-23,55,10,2082.9,1421.7,7.0,2215.8
7729,2024-06-10,118,6,963.4,550.0,18.3,213.3
7730,2023-10-30,4,22,1170.4,438.1,13.8,461.3
7731,2023-06-12,30,21,267.0,367.6,4.5,743.3
7732,2024-01-22,61,16,176.4,145.5,11.3,82.9
7733,2024-07-08,11,9,1571.6,1138.3,6.2,1430.2
7734,2025-09-29,64,17,1218.8,673.3,9.0,795.5
7735,2023-09-04,88,1,491.1,412.1,4.3,613.2
7736,2025-12-22,87,11,293.7,971.1,1.0,3481.4
7737,2025-12-22,19,6,366.8,250.3,8.5,147.2
7738,2023-12-25,120,8,0.0,262.3,0.0,379.3
7739,2024-06-10,93,15,0.0,148.8,0.0,553.5
7740,2025-06-09,57,15,759.9,488.0,14.0,481.1
7741,2025-01-20,13,2,743.0,627.9,14.5,403.1
7742,2024-10-28,36,19,0.0,243.9,0.0,159.7
7743,2024-11-25,94,2,464.0,421.7,5.5,699.5
7744,2024-02-19,20,9,819.0,1276.9,4.8,968.5
7745,2024-05-13,35,19,1776.6,1516.6,5.1,2543.8
7746,2024-01-22,24,17,0.0,91.8,0.0,339.3
7747,2023-09-04,112,18,0.0,562.2,0.0,805.2
7748,2023-09-04,74,11,2214.4,2195.6,5.3,1195.1
7749,2023-01-01,80,6,764.0,333.1,12.1,322.6
7750,2023-09-04,53,14,1831.2,1347.8,6.8,1104.7
7751,2023-01-01,43,20,1255.2,294.4,16.2,142.8
7752,2023-06-12,53,14,0.0,1347.8,0.0,4423.9
7753,2024-09-30,111,19,272.7,1384.7,1.0,1261.9
7754,2025-12-22,61,17,343.6,231.1,17.4,120.1
7755,2023-11-27,108,15,481.2,206.8,23.0,102.9
7756,2025-05-12,9,7,787.7,431.3,11.6,432.6
7757,2024-12-23,72,2,2493.9,1419.0,19.1,1329.2
7758,2025-10-27,77,5,0.0,171.9,0.0,282.2
7759,2025-09-29,6,9,575.9,728.8,3.6,1574.4
7760,2024-10-28,4,10,603.7,403.1,7.0,523.6
7761,2025-06-09,106,17,912.0,415.2,13.9,487.1
7762,2023-02-20,66,16,275.0,92.0,12.2,207.7
7763,2023-09-04,64,17,0.0,673.3,0.0,1569.7
7764,2023-03-20,30,17,0.0,245.2,0.0,331.8
7765,2023-05-15,40,12,1892.8,1553.8,12.4,1632.7
7766,2024-12-23,32,3,123.9,47.1,8.9,100.0
7767,2024-11-25,47,20,441.3,1025.6,1.7,3320.7
7768,2025-05-12,15,17,696.4,1219.8,4.6,807.9
7769,2023-11-27,69,13,68.6,176.0,1.7,276.6
7770,2023-10-02,106,17,91.7,415.2,1.4,377.5
7771,2023-06-12,102,10,0.0,505.5,0.0,1917.7
7772,2024-08-05,120,6,78.7,270.0,1.2,305.2
7773,2023-06-12,120,6,649.5,270.0,10.1,488.5
7774,2025-06-09,9,16,447.3,331.5,7.5,329.7
7775,2023-03-20,66,16,119.0,92.0,5.3,145.4
7776,2025-01-20,65,12,1277.8,1115.7,7.0,817.1
7777,2023-02-20,36,12,383.5,418.3,10.8,266.0
7778,2025-01-20,7,5,165.3,69.1,9.6,91.0
7779,2025-06-09,72,9,1809.5,945.9,16.4,362.1
7780,2023-01-23,85,1,1048.2,311.7,11.2,464.2
7781,2024-06-10,75,21,1492.9,716.5,9.8,649.5
7782,2023-01-01,84,11,359.3,394.2,5.6,464.3
7783,2024-06-10,106,8,299.1,322.5,5.1,166.9
7784,2023-06-12,55,21,1042.7,1049.0,3.8,1203.0
7785,2024-09-02,81,5,738.9,454.2,8.5,582.9
7786,2024-03-18,111,7,0.0,1032.1,0.0,3209.5
7787,2025-06-09,41,22,0.0,306.6,0.0,456.5
7788,2024-12-23,9,15,189.5,144.0,4.8,292.1
7789,2024-10-28,22,18,666.0,568.2,6.7,882.0
7790,2024-01-22,28,3,1592.2,731.9,16.5,348.0
7791,2024-05-13,16,20,674.5,438.7,7.6,828.0
7792,2025-12-22,75,18,0.0,390.6,0.0,738.6
7793,2023-01-23,61,12,289.2,246.1,12.8,115.0
7794,2023-11-27,36,9,41.7,270.4,1.4,220.8
7795,2025-01-20,98,10,1334.7,360.3,13.8,157.0
7796,2025-12-22,62,20,593.6,806.3,3.6,1451.5
7797,2023-05-15,120,19,949.1,256.9,12.7,247.7
7798,2025-07-07,97,11,159.8,196.6,5.8,177.0
7799,2025-03-17,41,15,0.0,127.5,0.0,372.2
7800,2025-11-24,80,5,0.0,179.0,0.0,926.6
7801,2024-08-05,37,3,573.5,423.3,6.0,490.9
7802,2024-02-19,76,12,83.8,97.3,7.9,111.8
7803,2024-03-18,67,2,1285.3,762.4,9.9,518.0
7804,2023-02-20,69,18,489.9,313.7,8.3,268.3
7805,2024-03-18,17,14,227.9,502.5,5.0,246.0
7806,2025-05-12,82,3,9.1,177.7,0.2,233.7
7807,2024-04-15,78,17,895.9,696.7,5.3,688.5
7808,2024-04-15,82,6,0.0,276.4,0.0,590.5
7809,2023-10-30,52,19,45.5,139.9,1.1,265.3
7810,2023-07-10,61,4,572.4,183.4,25.2,148.9
7811,2025-02-17,106,4,871.8,447.1,11.6,447.7
7812,2023-11-27,39,10,1178.5,782.6,8.2,1230.2
7813,2025-06-09,87,11,0.0,971.1,0.0,4256.8
7814,2025-10-27,40,2,1116.4,1732.1,7.3,1101.2
7815,2024-09-02,90,12,44.2,36.6,7.1,43.2
7816,2024-08-05,12,13,0.0,636.2,0.0,2853.6
7817,2025-12-22,58,5,1153.8,718.7,8.0,649.3
7818,2025-03-17,61,12,0.0,246.1,0.0,282.1
7819,2025-12-22,35,15,1581.2,1108.4,7.9,710.4
7820,2023-12-25,29,1,1456.7,830.6,17.2,209.8
7821,2024-05-13,47,22,2429.7,1657.6,7.9,1744.7
7822,2025-09-29,9,18,0.0,364.8,0.0,1462.7
7823,2023-02-20,113,4,137.8,276.9,1.6,280.9
7824,2025-05-12,19,8,299.5,148.6,6.3,454.9
7825,2025-09-01,58,6,1316.9,699.0,6.8,2343.5
7826,2024-06-10,31,21,1214.2,740.0,9.1,539.6
7827,2025-12-22,80,18,181.5,413.2,2.7,509.2
7828,2025-02-17,32,19,77.9,89.0,3.3,62.7
7829,2025-04-14,53,9,1418.6,1160.7,6.8,1618.3
7830,2025-06-09,43,21,218.1,333.6,2.8,691.5
7831,2025-05-12,58,5,0.0,718.7,0.0,1033.7
7832,2024-02-19,48,9,1536.3,1585.0,5.6,848.5
7833,2023-06-12,61,5,71.5,84.0,7.0,36.9
7834,2024-09-02,11,1,1160.5,1354.0,3.8,2334.3
7835,2025-12-22,13,20,146.3,389.2,3.1,311.1
7836,2025-03-17,28,19,677.2,1650.5,4.1,1497.4
7837,2023-07-10,113,2,1260.4,532.0,13.3,259.8
7838,2024-11-25,95,15,6.7,1109.1,0.1,549.2
7839,2024-09-30,13,2,661.9,627.9,12.9,249.7
7840,2023-06-12,119,7,162.6,187.2,3.4,243.0
7841,2025-01-20,79,6,709.0,924.1,7.2,604.7
7842,2025-09-29,3,15,552.7,321.4,8.9,326.2
7843,2024-02-19,74,3,1488.7,1072.7,7.5,874.3
7844,2023-10-02,81,16,301.6,521.6,2.7,409.9
7845,2024-08-05,66,6,0.0,80.9,0.0,169.7
7846,2025-05-12,49,4,1653.6,880.7,7.5,1696.9
7847,2023-12-25,107,9,77.7,356.1,1.3,322.0
7848,2025-12-22,67,10,1289.3,486.0,10.5,297.9
7849,2025-02-17,102,17,755.5,692.9,13.7,307.0
7850,2023-08-07,29,19,252.2,733.4,3.5,469.8
7851,2024-08-05,9,2,491.7,413.2,5.6,397.7
7852,2025-12-22,16,22,0.0,497.8,0.0,803.2
7853,2023-10-02,17,7,436.8,463.3,10.7,294.0
7854,2024-07-08,115,22,981.1,2457.1,4.8,1013.0
7855,2025-02-17,114,14,572.0,285.4,8.0,421.5
7856,2023-04-17,119,14,133.6,279.0,2.5,166.5
7857,2023-02-20,99,2,523.2,851.3,3.4,1070.0
7858,2023-10-02,91,21,4246.9,969.8,42.4,690.7
7859,2023-05-15,3,10,1264.4,453.1,10.8,977.1
7860,2023-12-25,28,3,2321.4,731.9,24.0,679.2
7861,2023-02-20,49,4,0.0,880.7,0.0,1888.8
7862,2024-01-22,34,22,507.5,370.0,7.4,265.4
7863,2024-09-30,53,3,1860.0,601.7,14.3,465.3
7864,2024-10-28,2,7,1304.0,2044.2,6.3,1346.0
7865,2023-01-23,116,15,1443.4,533.8,26.3,639.5
7866,2023-04-17,82,9,0.0,289.0,0.0,579.7
7867,2025-04-14,30,21,470.2,367.6,7.9,365.1
7868,2024-04-15,41,22,834.5,306.6,16.0,274.8
7869,2024-08-05,21,6,81.5,270.2,1.4,383.2
7870,2025-06-09,80,4,90.5,423.6,0.9,518.9
7871,2025-01-20,2,9,908.7,2010.4,5.4,1317.1
7872,2025-07-07,23,17,2184.3,1172.0,11.4,788.1
7873,2023-02-20,116,18,327.6,618.5,4.0,283.8
7874,2023-04-17,45,16,863.2,506.6,9.0,455.7
7875,2023-01-23,73,11,2098.5,949.4,24.5,329.5
7876,2024-04-15,42,18,334.4,594.8,3.5,1300.4
7877,2023-03-20,53,9,2674.9,1160.7,12.8,762.6
7878,2025-06-09,99,1,0.0,676.8,0.0,1931.2
7879,2023-10-02,24,17,0.0,91.8,0.0,481.9
7880,2023-02-20,22,22,1507.6,754.9,10.6,319.5
7881,2024-09-02,48,21,4343.1,1867.9,13.5,1627.6
7882,2024-04-15,60,19,426.3,461.7,5.6,311.6
7883,2023-02-20,99,15,73.1,238.1,0.9,306.3
7884,2024-04-15,4,4,500.6,346.1,6.3,467.0
7885,2024-10-28,107,22,818.9,360.1,9.8,459.1
7886,2025-05-12,42,9,1550.9,629.4,14.6,606.2
7887,2023-09-04,33,11,11.2,41.0,1.3,44.0
7888,2024-02-19,55,13,1577.0,558.6,10.8,962.0
7889,2024-07-08,63,7,3748.8,1557.6,24.5,533.9
7890,2023-05-15,116,14,1626.2,858.2,15.2,367.8
7891,2024-02-19,58,20,662.4,1604.8,2.2,3417.8
7892,2024-06-10,43,12,496.9,359.1,5.8,416.6
7893,2023-10-30,69,11,587.9,482.7,6.8,686.7
7894,2023-10-30,15,12,1079.3,1692.1,5.9,1529.3
7895,2023-10-30,3,4,1082.8,401.0,8.6,429.2
7896,2023-10-30,102,8,1450.1,473.0,31.6,221.3
7897,2025-09-29,104,12,892.4,282.7,26.9,170.3
7898,2025-09-01,73,4,1785.3,796.2,18.9,595.8
7899,2023-10-02,19,4,461.1,209.1,7.3,484.9
7900,2025-05-12,64,14,1159.1,631.4,7.6,1279.8
7901,2025-04-14,61,12,162.6,246.1,7.2,156.8
7902,2023-10-02,73,20,1950.7,986.3,22.6,915.2
7903,2023-04-17,75,6,369.5,478.2,3.5,444.0
7904,2025-09-01,54,10,0.0,557.4,0.0,1347.7
7905,2025-07-07,44,22,990.8,613.7,10.9,837.9
7906,2025-12-22,28,17,1423.0,2125.5,7.2,954.1
7907,2025-03-17,38,19,572.1,333.6,6.5,304.1
7908,2023-05-15,35,19,1790.9,1516.6,5.1,2903.4
7909,2023-01-01,15,19,2244.3,1489.0,18.8,406.6
7910,2024-02-19,32,1,334.6,137.0,12.0,132.2
7911,2025-09-29,86,15,72.1,319.2,0.7,1002.0
7912,2023-03-20,105,2,2243.8,1354.8,17.0,644.0
7913,2024-11-25,48,1,2369.1,1089.4,7.5,3403.4
7914,2023-05-15,11,1,2091.2,1354.0,6.9,877.3
7915,2023-01-23,100,2,108.7,120.3,4.8,139.7
7916,2025-01-20,42,4,546.8,709.3,4.0,587.8
7917,2025-04-14,98,13,0.0,216.2,0.0,403.8
7918,2023-02-20,50,9,1773.6,1127.9,9.6,1354.4
7919,2023-02-20,102,14,115.9,773.4,1.8,348.2
7920,2025-03-17,17,1,247.7,420.1,5.6,336.7
7921,2024-06-10,87,12,1064.3,1280.6,3.6,451.2
7922,2024-11-25,74,18,643.7,975.1,2.1,3183.9
7923,2025-10-27,114,19,0.0,196.6,0.0,343.9
7924,2023-05-15,41,7,220.0,310.0,4.5,174.9
7925,2024-07-08,23,9,1581.5,727.0,8.6,842.1
7926,2025-04-14,74,10,3346.1,2326.5,8.6,2846.4
7927,2023-08-07,91,9,0.0,527.9,0.0,889.4
7928,2025-12-22,22,21,0.0,484.3,0.0,917.3
7929,2024-04-15,73,11,0.0,949.4,0.0,1614.6
7930,2023-10-02,13,17,671.6,472.0,16.4,222.6
7931,2024-09-30,58,20,1807.5,1604.8,5.9,1049.9
7932,2023-01-01,17,14,547.4,502.5,12.0,121.5
7933,2024-09-02,116,14,2259.6,858.2,21.1,286.1
7934,2024-11-25,55,13,1261.2,558.6,8.6,1277.7
7935,2023-08-07,15,18,764.9,931.0,6.1,680.8
7936,2023-05-15,11,13,691.2,792.0,4.8,505.5
7937,2023-08-07,52,4,249.7,192.6,5.4,378.7
7938,2024-01-22,87,14,0.0,1610.4,0.0,2687.4
7939,2023-02-20,87,14,2771.7,1610.4,10.0,649.8
7940,2023-09-04,85,1,622.6,311.7,6.7,768.7
7941,2024-05-13,48,22,4313.6,1773.3,12.9,1808.5
7942,2024-04-15,104,8,574.5,225.9,25.2,240.2
7943,2024-06-10,24,17,0.0,91.8,0.0,112.6
7944,2025-05-12,95,13,799.3,765.0,7.9,443.0
7945,2023-04-17,36,19,222.0,243.9,7.1,200.6
7946,2025-08-04,15,10,1874.2,1178.6,11.5,1232.7
7947,2025-01-20,45,4,1178.4,506.2,8.6,513.0
7948,2025-06-09,1,2,0.0,1612.9,0.0,652.3
7949,2024-11-25,28,19,192.9,1650.5,1.2,1677.2
7950,2025-06-09,3,10,1603.2,453.1,13.8,453.6
7951,2023-04-17,36,9,223.3,270.4,7.5,112.1
7952,2024-03-18,108,17,265.8,306.5,7.6,353.2
7953,2024-10-28,50,12,648.0,1260.0,2.5,1636.7
7954,2025-07-07,88,16,1174.4,500.6,14.8,351.6
7955,2024-04-15,59,1,0.0,1199.3,0.0,1808.3
7956,2023-08-07,31,5,97.8,320.3,1.3,677.0
7957,2023-10-02,98,7,320.7,266.7,3.5,699.7
7958,2023-11-27,73,16,83.8,651.9,1.3,695.5
7959,2023-12-25,33,16,8.7,28.5,1.3,37.3
7960,2025-07-07,40,5,719.2,700.9,10.0,453.5
7961,2023-01-23,22,5,710.3,287.1,10.5,344.4
7962,2025-12-22,17,11,799.3,411.7,18.1,263.2
7963,2023-04-17,62,2,1536.9,684.2,9.9,789.2
7964,2023-02-20,26,7,1407.4,427.3,14.9,414.6
7965,2023-06-12,77,5,77.8,171.9,3.0,121.1
7966,2024-07-08,98,7,462.8,266.7,5.0,800.5
7967,2025-02-17,75,8,1193.5,394.7,10.4,365.8
7968,2024-08-05,34,11,0.0,349.7,0.0,669.0
7969,2025-03-17,34,12,654.2,298.3,8.9,218.1
7970,2023-12-25,86,13,0.0,501.9,0.0,1620.6
7971,2023-12-25,38,9,180.9,352.5,2.2,973.3
7972,2025-09-01,118,21,331.5,869.1,4.6,664.0
7973,2023-05-15,44,3,861.6,403.1,18.9,235.8
7974,2023-03-20,74,22,2858.5,1630.4,6.7,1603.6
7975,2025-09-29,9,13,455.5,183.0,10.5,236.3
7976,2023-01-01,29,17,754.5,491.1,10.3,545.7
7977,2025-02-17,61,5,72.1,84.0,7.1,96.2
7978,2023-01-01,18,5,2624.9,696.6,14.2,804.6
7979,2023-01-23,74,18,946.1,975.1,3.1,778.1
7980,2023-10-02,103,1,101.8,201.6,2.5,180.0
7981,2025-12-22,32,2,218.5,114.9,7.4,116.0
7982,2025-07-07,66,16,260.5,92.0,11.6,135.0
7983,2023-11-27,15,2,2200.1,1277.7,12.3,447.3
7984,2024-08-05,110,11,219.2,374.7,7.2,184.3
7985,2024-01-22,12,20,2870.2,1476.3,9.7,909.5
7986,2023-08-07,50,20,1324.6,1395.6,5.4,891.8
7987,2025-10-27,31,5,200.5,320.3,2.7,930.1
7988,2024-09-02,91,9,790.4,527.9,9.9,470.4
7989,2023-11-27,54,6,265.8,523.7,2.4,367.4
7990,2025-09-01,75,18,1388.5,390.6,11.9,544.8
7991,2024-11-25,35,1,0.0,1465.1,0.0,4491.5
7992,2023-11-27,107,12,834.5,304.1,9.9,611.1
7993,2023-11-27,97,11,217.1,196.6,7.9,119.7
7994,2023-04-17,37,10,1304.2,853.1,7.3,804.3
7995,2024-09-30,22,21,1813.7,484.3,14.2,688.1
7996,2025-07-07,49,16,0.0,574.6,0.0,1153.7
7997,2023-08-07,98,10,583.6,360.3,6.0,626.4
7998,2023-08-07,32,11,189.3,126.0,6.5,101.0
7999,2023-09-04,82,3,90.2,177.7,2.2,233.9
8000,2024-07-08,66,6,0.0,80.9,0.0,253.2
8001,2023-08-07,80,4,188.9,423.6,2.0,886.6
8002,2024-01-22,74,4,3609.7,1932.6,9.0,2218.6
8003,2024-06-10,79,1,2162.2,1101.9,16.2,1361.6
8004,2025-07-07,109,21,2272.1,641.1,17.4,485.2
8005,2023-11-27,112,3,672.9,363.3,10.9,533.3
8006,2023-02-20,38,9,344.9,352.5,4.2,234.7
8007,2025-09-01,9,5,352.2,241.1,7.9,399.5
8008,2023-10-30,4,4,554.2,346.1,7.0,616.7
8009,2024-10-28,67,3,0.0,284.2,0.0,382.8
8010,2024-12-23,69,11,418.7,482.7,4.9,539.6
8011,2023-09-04,89,3,302.3,335.2,3.8,930.0
8012,2025-01-20,19,17,441.7,265.6,8.0,431.0
8013,2023-06-12,89,19,924.3,690.0,6.9,1112.4
8014,2024-07-08,6,19,2018.8,707.7,13.0,1030.1
8015,2024-12-23,61,22,0.0,234.9,0.0,556.7
8016,2023-02-20,66,6,36.6,80.9,1.6,176.5
8017,2025-04-14,88,8,950.9,365.8,10.7,523.0
8018,2024-11-25,107,21,334.0,411.7,4.7,421.0
8019,2024-01-22,18,2,1519.8,1168.3,3.7,1510.2
8020,2025-03-17,111,22,3642.7,1560.6,11.0,2203.1
8021,2025-07-07,111,7,2344.1,1032.1,8.6,1134.0
8022,2025-08-04,9,2,789.3,413.2,9.0,440.6
8023,2023-05-15,78,9,208.9,682.1,1.4,613.4
8024,2024-10-28,30,6,171.7,155.6,4.3,569.6
8025,2023-01-23,109,12,1324.0,561.6,9.5,398.3
8026,2025-09-29,118,21,1791.6,869.1,25.1,388.8
8027,2023-02-20,10,18,506.3,263.1,9.9,299.1
8028,2023-01-23,47,10,1298.6,1429.1,4.4,382.3
8029,2023-10-30,49,17,1804.5,824.9,9.6,1057.2
8030,2023-09-04,51,1,134.8,305.1,3.7,225.8
8031,2025-05-12,51,14,808.9,302.3,20.1,188.9
8032,2025-08-04,67,4,836.7,650.5,7.2,1086.3
8033,2024-07-08,58,7,378.5,907.6,1.5,959.7
8034,2025-05-12,98,19,121.3,333.6,1.5,733.2
8035,2024-11-25,50,20,1968.5,1395.6,8.0,2047.9
8036,2024-09-30,77,5,0.0,171.9,0.0,110.4
8037,2023-01-01,76,13,75.2,56.1,14.5,16.0
8038,2024-05-13,15,8,130.9,1145.8,1.1,366.3
8039,2024-12-23,71,6,1003.2,580.0,21.1,274.0
8040,2025-09-29,74,10,2355.7,2326.5,6.0,2676.0
8041,2023-05-15,6,2,1882.1,643.6,10.1,747.8
8042,2025-09-01,82,3,55.7,177.7,1.4,313.2
8043,2025-08-04,46,14,505.9,276.7,21.9,68.9
8044,2025-01-20,40,20,3766.0,1523.1,25.0,701.1
8045,2024-09-02,73,10,1.6,964.2,0.0,501.3
8046,2024-09-30,34,12,0.0,298.3,0.0,793.3
8047,2023-01-23,25,13,108.4,87.9,5.5,125.5
8048,2023-11-27,30,19,453.8,187.4,9.8,439.5
8049,2023-09-04,21,15,0.0,227.9,0.0,306.6
8050,2025-02-17,32,11,77.8,126.0,2.7,282.3
8051,2024-04-15,38,4,727.2,520.8,7.6,324.4
8052,2023-07-10,114,21,463.5,379.9,5.9,284.6
8053,2024-09-30,12,14,2438.0,1407.4,9.2,2506.3
8054,2024-07-08,31,16,926.4,540.3,9.7,587.1
8055,2023-01-23,82,4,336.1,332.9,3.7,853.0
8056,2025-09-01,33,16,23.0,28.5,3.4,29.4
8057,2025-05-12,12,21,0.0,1289.8,0.0,2907.2
8058,2024-07-08,69,11,942.4,482.7,11.0,404.1
8059,2024-05-13,24,11,0.0,143.6,0.0,798.6
8060,2024-05-13,95,20,3251.4,1835.3,14.9,605.0
8061,2023-09-04,56,5,1305.7,1463.1,10.7,987.8
8062,2024-08-05,31,5,331.3,320.3,4.4,1071.6
8063,2025-04-14,30,6,345.9,155.6,8.7,346.4
8064,2025-11-24,74,9,954.0,1692.3,3.0,5794.6
8065,2024-10-28,98,10,11.3,360.3,0.1,509.6
8066,2024-01-22,58,5,225.0,718.7,1.6,1578.1
8067,2024-09-30,108,17,381.0,306.5,10.8,323.0
8068,2024-07-08,104,10,195.9,353.2,6.1,198.7
8069,2025-06-09,93,17,945.9,275.5,12.7,206.5
8070,2025-12-22,1,2,2065.5,1612.9,10.2,1660.0
8071,2025-01-20,120,8,1052.7,262.3,15.2,249.3
8072,2025-12-22,11,12,0.0,1526.5,0.0,1947.3
8073,2023-07-10,105,4,2075.6,988.5,18.6,442.6
8074,2025-09-01,13,7,554.9,352.4,13.7,158.7
8075,2023-12-25,87,12,1064.8,1280.6,3.6,2196.3
8076,2023-10-30,106,7,285.5,319.4,4.6,625.9
8077,2023-02-20,92,2,1675.5,888.4,8.8,644.8
8078,2023-04-17,108,21,314.8,308.9,8.3,225.3
8079,2023-04-17,51,7,297.1,365.8,8.0,359.8
8080,2024-10-28,13,8,106.5,295.2,2.8,142.5
8081,2023-10-02,21,14,570.3,421.2,6.8,1035.9
8082,2025-09-01,56,19,991.4,1707.1,5.3,685.8
8083,2023-05-15,20,9,1989.9,1276.9,11.6,579.0
8084,2025-01-20,105,20,1048.8,953.2,7.9,966.6
8085,2024-03-18,3,13,744.4,366.6,13.1,262.8
8086,2024-07-08,19,17,145.4,265.6,2.6,469.2
8087,2025-06-09,89,3,365.3,335.2,4.6,543.5
8088,2023-04-17,9,16,0.0,331.5,0.0,1205.9
8089,2025-09-01,118,17,875.9,595.7,13.3,523.1
8090,2025-06-09,46,7,250.0,169.1,10.8,205.8
8091,2023-02-20,97,4,174.5,284.1,6.1,168.8
8092,2025-12-22,101,3,101.8,40.3,11.7,45.4
8093,2025-07-07,37,17,803.0,941.6,4.8,688.0
8094,2025-12-22,45,20,990.8,587.0,6.8,437.5
8095,2023-04-17,104,13,300.4,141.2,18.8,187.5
8096,2024-06-10,74,3,0.0,1072.7,0.0,2359.7
8097,2023-04-17,98,12,5.6,368.3,0.1,541.6
8098,2025-08-04,29,1,883.5,830.6,10.5,630.2
8099,2023-10-30,90,12,61.2,36.6,9.9,49.7
8100,2025-12-22,9,5,196.7,241.1,4.4,456.2
8101,2024-08-05,99,12,211.0,590.7,1.4,409.2
8102,2024-04-15,70,13,446.3,264.0,19.8,324.8
8103,2023-02-20,82,21,587.5,381.3,6.7,385.6
8104,2025-08-04,36,6,541.8,320.6,20.4,179.0
8105,2023-06-12,22,5,513.5,287.1,7.6,428.6
8106,2023-10-30,93,2,843.9,522.4,9.9,525.6
8107,2025-02-17,31,17,97.3,406.8,0.8,437.4
8108,2023-10-02,74,2,2556.1,1363.0,5.8,4282.5
8109,2025-03-17,82,7,0.0,330.4,0.0,756.6
8110,2023-05-15,120,3,600.7,199.1,13.1,134.7
8111,2024-01-22,65,17,1381.5,1451.4,9.9,962.6
8112,2025-04-14,27,19,851.1,436.0,10.8,423.0
8113,2023-12-25,40,5,289.2,700.9,4.0,838.3
8114,2023-04-17,54,7,297.5,549.5,2.1,1119.3
8115,2025-05-12,23,2,0.0,855.4,0.0,1503.5
8116,2025-01-20,44,8,1946.6,659.5,27.9,422.3
8117,2024-11-25,74,10,0.0,2326.5,0.0,4122.0
8118,2024-11-25,66,20,323.1,155.0,9.3,280.6
8119,2024-01-22,60,19,0.0,461.7,0.0,717.2
8120,2024-07-08,86,13,0.0,501.9,0.0,856.7
8121,2024-03-18,102,8,245.3,473.0,5.3,224.6
8122,2023-12-25,13,7,737.4,352.4,18.3,188.8
8123,2025-12-22,50,12,3118.3,1260.0,12.0,1877.9
8124,2024-05-13,38,18,784.5,228.1,10.3,377.2
8125,2025-03-17,19,5,174.7,159.0,5.4,142.3
8126,2025-12-22,43,20,0.0,294.4,0.0,775.8
8127,2025-08-04,84,5,115.5,203.2,3.4,178.3
8128,2025-03-17,87,11,2968.4,971.1,10.5,1347.4
8129,2025-09-01,61,7,0.0,135.8,0.0,240.4
8130,2023-10-30,65,12,3906.9,1115.7,21.4,1392.9
8131,2023-03-20,88,16,906.8,500.6,11.4,626.9
8132,2024-12-23,4,4,0.0,346.1,0.0,548.3
8133,2023-09-04,22,9,1494.4,632.9,13.6,266.7
8134,2023-09-04,99,1,479.5,676.8,3.4,954.2
8135,2025-04-14,19,6,373.3,250.3,8.7,306.7
8136,2025-06-09,59,18,2765.9,1016.9,12.9,676.8
8137,2023-01-23,69,13,0.0,176.0,0.0,382.9
8138,2024-12-23,114,10,0.0,300.5,0.0,734.8
8139,2024-09-02,53,8,1944.7,821.2,10.3,1399.5
8140,2024-05-13,41,16,171.0,193.7,4.3,147.3
8141,2023-02-20,68,18,2319.2,1111.6,12.7,872.3
8142,2024-11-25,24,11,211.4,143.6,6.8,238.5
8143,2024-06-10,39,3,0.0,214.7,0.0,597.8
8144,2025-12-22,8,19,2299.0,1069.6,11.4,1254.4
8145,2024-03-18,100,11,233.9,68.2,10.6,141.6
8146,2025-02-17,102,11,472.8,431.6,7.6,443.7
8147,2024-01-22,64,14,259.1,631.4,1.7,1255.2
8148,2024-01-22,45,3,768.0,225.7,10.1,280.6
8149,2025-04-14,52,9,560.9,208.0,15.2,177.8
8150,2025-04-14,94,20,656.2,362.3,8.3,158.7
8151,2023-08-07,8,9,1788.2,1215.1,8.3,1649.4
8152,2025-08-04,74,9,1167.4,1692.3,3.7,1655.6
8153,2025-09-29,9,7,527.7,431.3,7.8,434.1
8154,2024-04-15,15,4,0.0,1135.1,0.0,3949.8
8155,2024-12-23,21,14,796.7,421.2,9.6,464.8
8156,2024-10-28,73,4,0.0,796.2,0.0,1113.6
8157,2023-02-20,47,18,1886.6,1163.9,8.9,1568.5
8158,2024-09-30,110,21,139.9,397.8,4.6,108.5
8159,2024-11-25,27,14,750.7,593.7,7.3,332.9
8160,2023-02-20,30,18,51.2,210.3,1.2,218.1
8161,2024-11-25,100,4,111.9,87.1,5.4,126.8
8162,2024-08-05,26,18,557.4,298.4,7.2,647.0
8163,2025-01-20,17,7,840.9,463.3,20.5,237.4
8164,2025-04-14,106,19,77.8,374.0,1.2,387.9
8165,2025-06-09,99,2,151.8,851.3,1.0,902.5
8166,2024-04-15,17,14,246.1,502.5,5.4,359.4
8167,2024-09-30,23,9,0.0,727.0,0.0,3709.4
8168,2024-09-02,30,21,637.1,367.6,10.6,503.5
8169,2024-01-22,49,17,1621.3,824.9,8.7,1038.2
8170,2023-09-04,87,12,1429.5,1280.6,4.8,2722.6
8171,2024-09-30,17,12,163.5,496.5,3.4,201.7
8172,2024-05-13,21,6,472.5,270.2,8.0,399.6
8173,2024-12-23,9,2,991.2,413.2,11.2,539.4
8174,2024-07-08,37,16,0.0,526.6,0.0,1764.1
8175,2023-09-04,79,6,487.6,924.1,5.0,462.1
8176,2025-08-04,74,6,1687.9,857.7,5.8,1509.0
8177,2025-11-24,50,13,579.6,543.5,5.0,379.0
8178,2024-06-10,33,11,0.0,41.0,0.0,49.8
8179,2023-04-17,36,13,0.0,197.4,0.0,307.9
8180,2023-04-17,23,17,2844.6,1172.0,14.9,1812.9
8181,2023-11-27,12,20,2165.3,1476.3,7.3,2647.5
8182,2024-04-15,32,19,70.1,89.0,3.0,221.0
8183,2025-06-09,34,18,226.5,250.9,4.7,166.3
8184,2024-04-15,45,20,964.1,587.0,6.6,1537.7
8185,2024-07-08,95,11,2083.3,1530.3,10.2,2563.2
8186,2024-11-25,9,1,868.9,314.2,9.2,390.5
8187,2024-11-25,6,7,453.4,555.5,2.6,1466.3
8188,2025-07-07,55,11,3013.9,1351.3,11.7,1623.9
8189,2023-01-23,99,1,440.7,676.8,3.1,731.7
8190,2023-11-27,88,8,1079.8,365.8,12.2,638.0
8191,2023-04-17,110,19,536.7,181.8,21.4,194.3
8192,2023-05-15,48,9,638.1,1585.0,2.3,2289.9
8193,2024-08-05,105,4,129.9,988.5,1.2,1192.8
8194,2023-11-27,41,22,380.2,306.6,7.3,221.3
8195,2025-05-12,36,12,777.9,418.3,22.0,251.3
8196,2025-08-04,8,8,1498.3,1123.0,8.6,1782.8
8197,2024-09-30,72,3,1135.0,644.7,17.3,322.2
8198,2023-11-27,16,13,591.7,213.0,16.0,203.7
8199,2023-12-25,73,20,382.8,986.3,4.4,928.2
8200,2025-11-24,119,12,378.9,260.6,7.4,276.4
8201,2025-08-04,100,2,60.2,120.3,2.7,163.6
8202,2024-10-28,37,15,1099.3,420.1,11.3,483.6
8203,2023-11-27,98,7,229.9,266.7,2.5,946.4
8204,2025-12-22,110,7,498.7,206.1,17.9,149.0
8205,2024-06-10,97,2,225.7,302.8,7.6,198.8
8206,2024-04-15,13,17,723.6,472.0,17.7,114.0
8207,2024-02-19,40,5,1409.7,700.9,19.7,129.8
8208,2025-05-12,42,4,313.2,709.3,2.3,832.9
8209,2024-12-23,41,16,613.7,193.7,15.5,259.5
8210,2024-12-23,105,13,0.0,458.6,0.0,1343.5
8211,2025-05-12,29,17,670.8,491.1,9.2,420.2
8212,2025-03-17,116,13,0.0,322.9,0.0,256.2
8213,2024-10-28,38,8,160.4,362.2,2.2,265.8
8214,2023-06-12,30,13,123.4,154.4,4.3,283.2
8215,2025-07-07,81,4,1210.7,812.9,6.9,676.1
8216,2023-01-01,3,15,1029.5,321.4,16.6,254.7
8217,2024-07-08,10,13,166.3,173.3,5.2,127.8
8218,2024-11-25,101,6,48.4,53.1,3.9,112.1
8219,2025-04-14,45,11,2223.9,663.7,15.2,536.8
8220,2024-06-10,73,21,0.0,646.5,0.0,694.1
8221,2025-05-12,59,20,1717.2,896.5,5.9,1399.4
8222,2024-09-02,112,18,354.2,562.2,3.6,287.5
8223,2024-04-15,23,9,1234.2,727.0,6.7,1189.4
8224,2023-12-25,10,12,249.0,330.8,3.8,443.7
8225,2023-01-23,59,20,1108.1,896.5,3.8,2012.1
8226,2024-06-10,78,17,1054.6,696.7,6.3,407.1
8227,2024-02-19,3,6,548.3,363.7,6.8,625.7
8228,2023-03-20,30,9,423.2,181.7,8.2,257.3
8229,2023-10-02,94,22,0.0,407.6,0.0,1071.2
8230,2025-09-01,30,8,520.8,257.1,11.7,136.6
8231,2023-09-04,105,20,2795.5,953.2,21.1,420.8
8232,2025-11-24,74,18,0.0,975.1,0.0,10722.6
8233,2024-09-30,110,7,51.3,206.1,1.8,104.7
8234,2024-08-05,87,14,194.0,1610.4,0.7,1646.2
8235,2023-02-20,73,18,1139.2,767.1,17.2,309.2
8236,2023-02-20,25,4,229.6,127.9,5.9,385.5
8237,2024-11-25,40,2,0.0,1732.1,0.0,1262.4
8238,2023-03-20,43,22,490.8,302.8,6.1,227.1
8239,2025-02-17,67,3,509.5,284.2,8.5,320.2
8240,2025-03-17,56,18,4081.2,1360.0,24.0,1039.6
8241,2023-01-23,38,8,837.8,362.2,11.3,289.4
8242,2024-10-28,100,4,267.0,87.1,12.8,165.7
8243,2023-06-12,36,19,0.0,243.9,0.0,624.8
8244,2023-01-23,38,12,641.1,406.0,6.1,505.8
8245,2023-08-07,99,9,1196.8,583.3,9.0,919.5
8246,2025-03-17,93,15,181.2,148.8,4.0,240.6
8247,2023-02-20,18,19,1242.0,994.5,4.0,881.7
8248,2024-01-22,79,1,800.8,1101.9,6.0,582.1
8249,2025-08-04,102,11,202.6,431.6,3.2,588.2
8250,2025-12-22,102,14,286.5,773.4,4.6,386.4
8251,2023-01-01,52,7,520.9,241.7,12.9,163.0
8252,2023-03-20,117,14,581.3,434.4,8.6,362.3
8253,2024-10-28,7,22,215.4,121.7,6.7,192.1
8254,2025-01-20,56,1,1309.5,1470.0,5.4,894.9
8255,2023-03-20,79,15,1896.1,783.3,25.7,398.8
8256,2025-08-04,75,4,2530.4,649.5,17.3,360.8
8257,2024-11-25,60,9,975.4,399.4,13.1,462.8
8258,2025-01-20,64,14,0.0,631.4,0.0,1989.5
8259,2023-03-20,80,3,46.4,207.2,1.0,656.9
8260,2025-02-17,49,11,2011.5,714.9,8.8,1387.1
8261,2023-01-23,74,10,2572.4,2326.5,6.6,2223.5
8262,2025-01-20,1,2,3291.5,1612.9,16.3,788.6
8263,2024-08-05,114,10,216.7,300.5,2.8,317.4
8264,2023-09-04,79,9,305.2,1022.0,2.6,964.2
8265,2023-02-20,74,3,402.5,1072.7,2.0,692.6
8266,2023-03-20,43,21,548.5,333.6,7.0,268.1
8267,2023-06-12,120,12,0.0,349.9,0.0,565.1
8268,2025-04-14,13,8,852.4,295.2,22.5,202.8
8269,2024-02-19,107,15,231.8,228.6,5.8,287.7
8270,2024-08-05,92,11,78.2,1000.0,0.4,1051.4
8271,2025-09-01,120,3,137.5,199.1,3.0,196.4
8272,2023-02-20,77,21,376.2,329.0,7.7,226.5
8273,2023-01-23,84,13,128.4,145.4,4.2,186.8
8274,2023-09-04,45,15,1154.5,400.3,14.4,366.7
8275,2025-09-29,114,17,783.5,244.1,11.3,283.2
8276,2023-10-02,84,7,246.1,355.2,4.1,409.0
8277,2023-07-10,51,14,164.1,302.3,4.1,240.7
8278,2023-02-20,20,21,4106.0,2100.4,19.5,1052.7
8279,2024-07-08,33,20,82.2,48.2,8.6,77.0
8280,2023-04-17,38,7,83.2,306.2,1.0,708.6
8281,2024-05-13,58,21,3124.0,1007.7,10.8,1826.0
8282,2023-10-02,42,22,0.0,716.8,0.0,1154.0
8283,2024-07-08,34,18,351.6,250.9,7.3,462.3
8284,2024-09-02,98,19,159.9,333.6,2.0,856.5
8285,2023-06-12,31,4,180.3,459.4,1.3,503.9
8286,2023-07-10,56,18,1092.2,1360.0,6.4,1496.1
8287,2023-07-10,12,21,1844.0,1289.8,7.1,2161.0
8288,2024-01-22,37,2,537.1,866.2,2.6,481.2
8289,2024-09-02,57,15,1622.9,488.0,30.0,198.4
8290,2023-11-27,44,7,1825.8,799.7,22.1,610.0
8291,2025-04-14,40,6,565.5,951.5,5.8,975.6
8292,2024-09-30,114,14,49.0,285.4,0.7,473.0
8293,2023-05-15,73,11,351.4,949.4,4.1,370.9
8294,2024-09-30,19,16,0.0,193.4,0.0,383.3
8295,2023-11-27,75,21,0.0,716.5,0.0,2580.0
8296,2025-02-17,9,1,680.3,314.2,7.2,860.5
8297,2023-10-30,17,21,324.9,440.3,6.9,295.2
8298,2024-09-02,68,8,1397.5,751.4,7.6,1410.9
8299,2024-06-10,31,17,537.9,406.8,4.4,484.3
8300,2023-06-12,87,19,2353.2,1145.1,9.7,918.4
8301,2024-08-05,9,1,0.0,314.2,0.0,1123.4
8302,2024-03-18,38,13,0.0,152.1,0.0,368.9
8303,2023-01-01,63,1,1144.4,1056.9,7.0,607.1
8304,2024-09-02,2,18,1239.9,1219.4,7.9,455.7
8305,2025-10-27,42,8,1057.1,544.7,10.5,503.4
8306,2025-08-04,72,15,941.8,640.8,13.8,330.9
8307,2023-12-25,56,4,224.0,1786.3,1.0,5983.4
8308,2023-10-30,31,4,436.4,459.4,3.2,1543.5
8309,2024-09-30,41,13,270.0,157.4,10.3,137.2
8310,2023-03-20,116,13,684.8,322.9,13.0,164.5
8311,2025-04-14,108,3,284.7,211.8,15.0,202.2
8312,2023-09-04,88,17,260.4,384.0,2.4,439.0
8313,2025-07-07,19,5,41.2,159.0,1.3,261.9
8314,2023-10-30,74,21,2513.1,1789.6,6.5,3877.6
8315,2023-10-30,3,13,0.0,366.6,0.0,492.4
8316,2025-11-24,71,7,0.0,579.4,0.0,418.4
8317,2025-08-04,4,19,726.0,301.3,11.7,331.0
8318,2023-01-23,118,21,936.8,869.1,13.1,1248.2
8319,2023-07-10,23,3,58.9,445.3,0.5,821.4
8320,2024-12-23,66,20,521.0,155.0,14.9,93.2
8321,2023-01-23,41,1,79.3,282.5,1.5,296.3
8322,2024-09-30,82,4,315.5,332.9,3.5,428.6
8323,2023-08-07,46,7,508.8,169.1,21.9,121.7
8324,2023-10-30,56,3,2666.5,1209.0,24.4,501.1
8325,2025-05-12,43,22,0.0,302.8,0.0,531.7
8326,2025-07-07,94,18,0.0,250.0,0.0,798.0
8327,2023-01-23,30,8,51.2,257.1,1.2,273.8
8328,2025-10-27,58,21,0.0,1007.7,0.0,2344.3
8329,2024-07-08,44,2,1010.2,707.7,11.0,591.6
8330,2023-01-01,72,5,448.6,533.9,6.3,412.9
8331,2023-09-04,76,9,27.9,109.4,3.2,44.6
8332,2023-10-30,31,9,139.4,597.6,1.1,1030.5
8333,2023-11-27,75,6,1043.5,478.2,9.9,610.1
8334,2023-03-20,119,21,395.1,224.9,7.7,353.8
8335,2024-04-15,1,21,5385.6,1709.9,31.7,566.9
8336,2024-12-23,100,20,0.0,89.6,0.0,297.7
8337,2025-08-04,10,10,0.0,247.5,0.0,1133.7
8338,2025-07-07,51,14,107.8,302.3,2.7,151.6
8339,2024-10-28,50,13,1455.1,543.5,12.5,390.8
8340,2025-06-09,74,9,2178.8,1692.3,6.8,1437.1
8341,2024-04-15,107,22,1349.4,360.1,16.1,285.7
8342,2023-11-27,74,3,0.0,1072.7,0.0,3672.9
8343,2025-10-27,44,17,0.0,929.8,0.0,408.2
8344,2023-10-30,82,7,314.1,330.4,4.3,973.8
8345,2024-09-02,19,17,392.8,265.6,7.1,221.8
8346,2023-02-20,105,17,198.5,907.8,1.8,539.8
8347,2023-12-25,31,5,408.5,320.3,5.4,799.3
8348,2023-08-07,36,8,435.4,334.2,15.1,155.8
8349,2023-01-01,32,5,171.8,58.9,11.3,53.7
8350,2025-01-20,111,7,2529.5,1032.1,9.3,1319.9
8351,2023-07-10,69,13,143.2,176.0,3.5,216.5
8352,2025-09-01,19,2,383.9,347.5,5.6,224.6
8353,2023-06-12,24,11,96.2,143.6,3.1,138.4
8354,2024-10-28,9,14,0.0,411.4,0.0,796.7
8355,2023-10-30,76,6,54.0,89.5,6.7,45.7
8356,2024-09-30,48,22,3231.6,1773.3,9.7,2214.6
8357,2023-08-07,72,12,1194.1,1202.3,8.1,1817.1
8358,2023-07-10,48,5,0.0,879.0,0.0,2477.2
8359,2024-12-23,9,5,481.2,241.1,10.8,235.8
8360,2023-02-20,75,11,2108.4,732.1,14.5,636.0
8361,2023-09-04,22,18,1231.7,568.2,12.4,484.0
8362,2025-12-22,6,11,0.0,608.4,0.0,2069.9
8363,2023-10-30,108,13,358.2,134.0,20.0,59.0
8364,2023-01-23,116,13,1528.9,322.9,28.9,106.3
8365,2023-10-02,55,8,2420.2,1018.9,11.6,1054.6
8366,2024-05-13,30,8,547.3,257.1,12.3,107.5
8367,2025-11-24,80,6,494.0,333.1,7.8,259.1
8368,2023-01-23,30,9,0.0,181.7,0.0,254.5
8369,2023-06-12,13,2,424.4,627.9,8.3,309.8
8370,2025-12-22,55,8,1585.3,1018.9,7.6,1553.2
8371,2023-03-20,6,2,192.0,643.6,1.0,975.8
8372,2025-04-14,69,14,1299.6,421.4,15.8,282.6
8373,2023-04-17,31,17,0.0,406.8,0.0,1283.1
8374,2025-08-04,35,2,1912.1,1653.1,4.7,916.1
8375,2023-01-23,90,12,54.1,36.6,8.7,41.7
8376,2024-08-05,86,7,1880.0,706.6,11.8,552.2
8377,2023-10-02,41,12,793.0,354.6,13.7,221.2
8378,2024-04-15,74,4,1625.7,1932.6,4.1,4263.4
8379,2025-08-04,35,15,484.0,1108.4,2.4,1728.0
8380,2024-04-15,8,9,958.3,1215.1,4.4,1120.9
8381,2025-01-20,6,11,448.5,608.4,2.3,431.4
8382,2024-11-25,15,4,1283.8,1135.1,8.4,1380.1
8383,2023-12-25,111,3,0.0,899.1,0.0,1267.1
8384,2025-11-24,7,5,0.0,69.1,0.0,151.0
8385,2024-09-30,24,3,113.1,58.6,7.1,84.7
8386,2023-01-23,28,19,2070.1,1650.5,12.5,978.7
8387,2025-01-20,74,22,1065.6,1630.4,2.5,2288.8
8388,2023-11-27,34,11,949.6,349.7,15.6,325.4
8389,2025-09-29,116,3,1695.1,463.0,29.9,138.2
8390,2023-08-07,78,15,0.0,498.7,0.0,1093.6
8391,2023-10-02,6,7,1083.1,555.5,6.2,878.0
8392,2024-08-05,112,9,1862.5,562.7,14.8,359.7
8393,2025-09-29,114,14,612.2,285.4,8.6,336.6
8394,2024-01-22,33,10,53.0,34.2,5.5,59.0
8395,2024-11-25,9,9,308.3,289.9,4.5,411.9
8396,2025-05-12,75,19,1208.5,501.0,9.6,845.3
8397,2024-09-30,58,22,2861.3,1225.6,9.5,1677.5
8398,2024-06-10,95,20,0.0,1835.3,0.0,3330.5
8399,2025-07-07,105,13,0.0,458.6,0.0,559.0
8400,2024-02-19,114,13,141.1,135.0,3.6,133.6
8401,2025-03-17,93,9,218.9,384.0,3.2,421.9
8402,2025-06-09,87,3,848.1,669.2,6.2,648.2
8403,2023-06-12,32,11,263.5,126.0,9.0,107.2
8404,2024-07-08,106,17,317.6,415.2,4.9,509.6
8405,2024-11-25,3,1,193.9,436.8,1.6,755.1
8406,2023-08-07,33,20,94.5,48.2,9.8,36.1
8407,2024-02-19,90,14,14.6,22.9,2.6,86.5
8408,2023-10-30,116,13,0.0,322.9,0.0,253.2
8409,2025-02-17,31,4,182.9,459.4,1.3,279.0
8410,2023-12-25,76,18,177.7,65.3,24.0,35.9
8411,2023-10-02,84,14,790.5,400.2,12.7,333.8
8412,2025-07-07,72,5,0.0,533.9,0.0,432.1
8413,2023-10-02,45,20,804.8,587.0,5.5,2023.2
8414,2024-01-22,71,13,210.7,310.5,6.3,117.2
8415,2025-09-01,91,11,1338.3,780.6,15.8,421.7
8416,2025-09-29,71,7,0.0,579.4,0.0,453.8
8417,2025-10-27,62,20,0.0,806.3,0.0,2243.2
8418,2023-08-07,23,5,1029.5,555.2,8.1,412.8
8419,2023-08-07,30,6,0.0,155.6,0.0,316.4
8420,2025-03-17,110,5,248.9,135.6,14.2,199.3
8421,2023-10-30,111,19,2267.1,1384.7,8.6,2632.5
8422,2023-03-20,38,8,133.1,362.2,1.8,367.9
8423,2024-06-10,30,18,55.2,210.3,1.3,208.1
8424,2024-10-28,86,14,1435.3,919.5,6.9,1628.2
8425,2024-09-30,106,4,213.6,447.1,2.8,537.9
8426,2025-05-12,1,2,0.0,1612.9,0.0,2277.0
8427,2024-12-23,82,3,21.2,177.7,0.5,480.8
8428,2023-10-30,53,18,0.0,835.5,0.0,5648.6
8429,2024-05-13,115,8,1092.6,1539.3,7.8,811.7
8430,2023-10-30,43,10,368.3,340.5,4.6,286.4
8431,2023-05-15,74,2,575.3,1363.0,1.3,2840.1
8432,2024-11-25,113,6,86.3,284.2,1.3,305.9
8433,2024-09-02,9,7,124.7,431.3,1.8,338.6
8434,2024-11-25,34,11,327.3,349.7,5.4,381.3
8435,2023-07-10,76,16,125.8,86.2,17.4,40.9
8436,2025-06-09,105,17,0.0,907.8,0.0,693.1
8437,2025-02-17,71,13,45.5,310.5,1.4,393.9
8438,2025-08-04,119,14,147.2,279.0,2.7,204.0
8439,2024-09-02,72,10,3086.3,1523.0,22.1,368.3
8440,2024-04-15,118,6,1002.5,550.0,19.0,515.8
8441,2024-06-10,104,8,625.0,225.9,27.4,121.0
8442,2023-01-01,112,3,531.8,363.3,8.6,374.8
8443,2024-11-25,55,21,1083.4,1049.0,4.0,1999.6
8444,2024-07-08,74,22,2564.2,1630.4,6.0,3016.4
8445,2025-09-29,83,13,1053.7,747.8,6.9,1204.3
8446,2024-05-13,45,12,58.9,776.7,0.4,748.9
8447,2025-09-01,16,7,28.5,407.6,0.4,537.3
8448,2025-12-22,40,6,971.5,951.5,9.9,700.5
8449,2024-11-25,75,13,176.7,372.2,2.3,438.2
8450,2023-04-17,114,14,83.8,285.4,1.2,904.5
8451,2025-05-12,28,19,0.0,1650.5,0.0,763.3
8452,2025-03-17,114,2,141.8,459.6,1.9,522.8
8453,2024-09-30,56,4,2198.6,1786.3,9.4,598.9
8454,2023-06-12,72,12,1122.4,1202.3,7.6,780.2
8455,2025-03-17,69,13,227.0,176.0,5.5,291.4
8456,2025-04-14,6,7,1096.2,555.5,6.3,1030.5
8457,2023-06-12,71,15,0.0,306.2,0.0,345.0
8458,2025-06-09,94,14,453.3,425.2,5.6,609.5
8459,2023-01-23,67,1,1255.1,619.4,10.8,734.5
8460,2025-01-20,36,6,31.8,320.6,1.2,192.7
8461,2023-08-07,37,13,1210.4,388.9,13.8,319.3
8462,2024-10-28,18,21,1020.9,1229.4,2.8,3774.2
8463,2023-01-23,28,13,852.7,699.4,7.7,608.0
8464,2023-01-23,96,5,189.4,246.9,2.6,260.9
8465,2024-12-23,74,7,2066.4,1658.6,5.7,2442.2
8466,2025-09-29,88,15,374.1,266.1,5.7,450.0
8467,2025-02-17,38,1,0.0,493.6,0.0,852.8
8468,2023-12-25,3,19,1084.1,474.2,10.9,560.2
8469,2023-03-20,2,20,1362.7,1676.9,6.2,1091.7
8470,2025-09-01,114,17,118.5,244.1,1.7,338.3
8471,2025-09-01,120,21,1423.5,339.5,16.0,250.4
8472,2024-09-30,120,21,0.0,339.5,0.0,570.6
8473,2024-09-02,119,16,414.8,178.9,11.3,79.3
8474,2025-07-07,120,12,0.0,349.9,0.0,1235.0
8475,2024-11-25,45,21,0.0,674.0,0.0,1820.0
8476,2025-11-24,93,15,482.6,148.8,10.7,106.1
8477,2023-01-23,61,19,345.7,140.7,18.2,70.1
8478,2023-04-17,18,15,314.2,662.8,1.5,1796.2
8479,2024-09-02,72,22,1862.1,1068.9,12.9,714.0
8480,2025-08-04,25,13,90.5,87.9,4.6,143.4
8481,2024-03-18,53,3,1055.2,601.7,8.1,773.3
8482,2024-01-22,54,12,381.9,644.6,2.3,406.1
8483,2024-11-25,10,18,431.1,263.1,8.5,360.9
8484,2024-10-28,35,15,362.3,1108.4,1.8,1832.8
8485,2024-03-18,34,18,560.6,250.9,11.6,455.1
8486,2023-03-20,102,17,1355.5,692.9,24.6,238.9
8487,2025-06-09,36,6,0.0,320.6,0.0,372.5
8488,2023-10-30,37,15,24.1,420.1,0.2,931.5
8489,2023-05-15,37,4,737.4,1042.2,4.2,1659.0
8490,2024-10-28,32,2,131.2,114.9,4.4,237.6
8491,2023-01-23,81,3,755.9,450.2,8.7,652.6
8492,2024-01-22,101,9,200.8,48.6,14.0,52.0
8493,2025-08-04,38,8,528.3,362.2,7.1,430.2
8494,2025-09-29,78,16,1129.5,485.5,8.9,471.6
8495,2024-01-22,14,1,830.7,208.3,30.8,73.7
8496,2025-11-24,81,20,807.4,989.5,4.4,1587.0
8497,2023-11-27,42,9,1523.5,629.4,14.4,460.2
8498,2025-09-29,34,4,651.9,371.8,10.2,579.8
8499,2025-07-07,55,13,1806.6,558.6,12.4,971.0
8500,2023-11-27,1,2,0.0,1612.9,0.0,3084.9
8501,2024-01-22,59,18,2658.1,1016.9,12.4,914.9
8502,2024-07-08,99,6,278.2,434.8,2.8,577.3
8503,2023-01-01,120,7,511.1,389.7,6.0,667.5
8504,2024-09-30,61,19,29.3,140.7,1.5,63.9
8505,2024-12-23,112,19,569.8,595.7,4.6,906.6
8506,2025-02-17,109,21,736.0,641.1,5.6,393.6
8507,2023-01-01,86,20,3141.7,1014.6,15.5,823.7
8508,2025-09-29,50,13,1506.9,543.5,12.9,510.6
8509,2023-08-07,5,11,2321.8,692.2,15.6,779.5
8510,2023-08-07,64,10,1975.2,690.5,12.8,695.7
8511,2024-05-13,13,7,0.0,352.4,0.0,329.2
8512,2024-10-28,28,5,1097.9,1116.1,10.9,1068.6
8513,2023-12-25,63,19,663.1,875.5,4.8,1756.6
8514,2024-11-25,29,18,0.0,410.7,0.0,751.1
8515,2024-02-19,78,15,835.4,498.7,9.2,566.3
8516,2025-07-07,9,2,173.2,413.2,2.0,570.6
8517,2023-08-07,20,17,1007.9,2103.7,5.2,3794.6
8518,2023-09-04,32,14,88.4,149.2,3.3,67.3
8519,2024-08-05,14,1,141.1,208.3,5.2,151.8
8520,2023-10-02,22,22,0.0,754.9,0.0,1717.5
8521,2024-03-18,39,10,1095.3,782.6,7.6,938.8
8522,2023-08-07,115,10,5885.2,1992.9,31.8,1383.6
8523,2024-05-13,64,17,984.1,673.3,7.3,801.7
8524,2024-11-25,36,14,380.4,271.1,11.4,261.8
8525,2025-10-27,40,4,0.0,1219.2,0.0,2464.9
8526,2024-04-15,61,18,263.7,181.8,16.8,116.4
8527,2024-01-22,102,3,799.2,355.5,27.4,147.6
8528,2025-02-17,114,10,385.6,300.5,4.9,268.5
8529,2024-09-02,103,1,47.3,201.6,1.2,435.8
8530,2023-09-04,25,13,177.7,87.9,9.0,121.4
8531,2024-05-13,30,13,266.5,154.4,9.4,78.1
8532,2023-02-20,62,20,1290.8,806.3,7.8,754.2
8533,2025-09-01,24,3,101.8,58.6,6.4,111.0
8534,2023-02-20,26,11,756.2,350.4,7.6,488.9
8535,2023-06-12,75,10,850.7,496.1,5.6,907.7
8536,2025-08-04,58,3,2002.9,814.0,14.2,654.7
8537,2024-10-28,18,18,1477.2,1145.8,5.5,2142.7
8538,2025-04-14,36,12,289.5,418.3,8.2,267.5
8539,2025-09-01,39,14,1803.2,483.0,14.1,585.9
8540,2023-05-15,105,20,685.8,953.2,5.2,594.5
8541,2025-10-27,22,18,407.2,568.2,4.1,1145.8
8542,2025-07-07,51,11,0.0,428.1,0.0,224.6
8543,2025-09-29,70,13,612.4,264.0,27.1,260.5
8544,2023-09-04,118,19,431.9,519.9,7.5,366.9
8545,2023-04-17,117,8,379.1,199.2,7.4,371.1
8546,2023-09-04,1,3,2012.4,651.0,21.9,267.8
8547,2023-04-17,57,7,462.6,1060.7,5.0,355.3
8548,2024-09-30,2,7,3047.9,2044.2,14.7,1052.5
8549,2024-11-25,42,4,879.0,709.3,6.4,736.9
8550,2024-02-19,72,15,562.4,640.8,8.2,329.3
8551,2024-07-08,36,8,232.7,334.2,8.1,64.4
8552,2024-08-05,118,21,1413.6,869.1,19.8,341.5
8553,2024-07-08,40,6,1241.4,951.5,12.6,309.9
8554,2023-07-10,67,4,127.1,650.5,1.1,631.6
8555,2024-01-22,2,14,1005.5,1629.8,4.7,653.7
8556,2024-11-25,58,21,980.9,1007.7,3.4,1593.3
8557,2023-05-15,112,9,601.0,562.7,4.8,429.0
8558,2025-09-29,97,11,0.0,196.6,0.0,464.4
8559,2024-07-08,52,22,609.8,273.7,12.8,282.3
8560,2024-08-05,113,6,214.4,284.2,3.3,156.8
8561,2025-03-17,61,16,164.0,145.5,10.5,119.4
8562,2025-05-12,11,12,902.6,1526.5,2.6,1502.6
8563,2025-04-14,33,19,0.0,34.3,0.0,61.1
8564,2024-03-18,24,13,124.6,52.9,8.4,107.0
8565,2024-11-25,61,16,32.0,145.5,2.0,96.9
8566,2024-04-15,114,17,94.9,244.1,1.4,523.4
8567,2025-07-07,71,7,509.9,579.4,8.8,358.3
8568,2025-02-17,53,18,1541.0,835.5,7.9,1443.1
8569,2024-12-23,84,4,810.3,367.9,13.2,668.1
8570,2025-02-17,18,4,1035.7,1910.1,3.1,2390.8
8571,2024-03-18,48,1,0.0,1089.4,0.0,2336.0
8572,2025-10-27,84,11,535.2,394.2,8.3,427.8
8573,2025-12-22,26,10,211.8,419.3,2.0,1508.0
8574,2025-05-12,11,13,65.8,792.0,0.5,729.4
8575,2023-12-25,74,18,779.3,975.1,2.6,2748.7
8576,2025-02-17,118,15,328.0,433.3,8.5,154.1
8577,2024-12-23,62,20,0.0,806.3,0.0,2476.9
8578,2025-06-09,40,12,719.8,1553.8,4.7,1042.9
8579,2025-06-09,100,2,55.3,120.3,2.4,148.5
8580,2025-06-09,29,9,704.6,636.4,10.5,278.8
8581,2024-08-05,118,5,1240.6,403.0,31.2,126.9
8582,2024-09-02,52,22,670.8,273.7,14.1,320.3
8583,2025-03-17,5,12,855.5,736.1,5.7,835.9
8584,2024-02-19,71,7,890.8,579.4,15.3,367.9
8585,2025-03-17,112,13,801.0,363.7,12.5,532.8
8586,2023-12-25,37,8,0.0,582.6,0.0,1665.1
8587,2023-02-20,32,17,0.0,80.0,0.0,141.8
8588,2024-10-28,108,15,300.2,206.8,14.3,121.3
8589,2024-09-30,42,9,584.6,629.4,5.5,657.9
8590,2023-01-23,35,1,773.3,1465.1,1.9,2049.5
8591,2024-10-28,89,1,253.5,772.4,1.5,2037.7
8592,2024-02-19,108,7,765.9,387.9,22.4,165.8
8593,2025-05-12,101,6,64.3,53.1,5.2,90.1
8594,2025-01-20,66,13,64.1,73.2,3.8,78.7
8595,2023-10-02,101,9,218.1,48.6,15.2,69.9
8596,2024-03-18,30,18,255.4,210.3,5.9,202.8
8597,2023-09-04,7,6,91.1,76.4,4.4,69.2
8598,2025-03-17,96,12,56.8,675.2,0.4,756.7
8599,2025-01-20,11,14,2165.6,1725.9,7.1,1437.5
8600,2023-03-20,85,6,852.5,312.7,13.1,400.7
8601,2023-10-30,33,21,0.0,44.9,0.0,96.8
8602,2025-04-14,83,9,2469.9,966.3,10.3,1213.2
8603,2025-07-07,64,5,0.0,349.7,0.0,761.3
8604,2025-05-12,50,15,0.0,694.9,0.0,1510.0
8605,2023-12-25,110,21,694.5,397.8,22.7,180.6
8606,2023-01-01,115,14,2135.9,1435.7,11.2,1068.5
8607,2024-12-23,108,7,0.0,387.9,0.0,319.1
8608,2023-02-20,22,9,1475.7,632.9,13.4,498.5
8609,2023-08-07,12,13,56.6,636.2,0.4,617.8
8610,2023-01-23,12,20,2756.6,1476.3,9.3,773.8
8611,2025-09-29,74,7,1123.2,1658.6,3.1,1795.6
8612,2023-01-01,104,18,351.1,207.5,14.1,186.1
8613,2025-09-29,32,5,96.6,58.9,6.4,78.3
8614,2025-02-17,102,3,257.5,355.5,8.8,185.5
8615,2025-03-17,45,5,317.2,396.7,4.2,329.8
8616,2023-07-10,37,19,185.2,664.7,1.2,1610.0
8617,2025-11-24,65,17,725.9,1451.4,5.2,1298.6
8618,2024-12-23,66,3,98.6,58.9,6.2,86.3
8619,2023-03-20,67,2,0.0,762.4,0.0,1040.6
8620,2023-08-07,13,21,843.6,514.3,19.3,132.7
8621,2023-02-20,2,6,2179.2,1255.7,13.2,557.1
8622,2024-10-28,98,6,0.0,282.2,0.0,1349.5
8623,2023-12-25,31,15,0.0,242.5,0.0,444.5
8624,2024-04-15,25,13,3.2,87.9,0.2,106.6
8625,2025-08-04,105,13,828.4,458.6,14.2,247.2
8626,2024-01-22,43,10,567.7,340.5,7.2,751.3
8627,2024-12-23,28,8,2736.5,1678.8,17.9,1179.3
8628,2025-08-04,28,4,1106.5,1912.3,5.2,1286.9
8629,2023-01-01,10,13,253.4,173.3,7.9,170.9
8630,2024-11-25,53,20,2750.3,813.5,10.9,1304.8
8631,2024-02-19,28,4,5861.4,1912.3,27.8,531.8
8632,2023-01-01,50,12,2122.7,1260.0,8.1,2230.4
8633,2025-05-12,31,5,281.5,320.3,3.7,848.7
8634,2023-10-02,25,13,148.9,87.9,7.5,85.0
8635,2023-02-20,107,15,125.8,228.6,3.2,305.2
8636,2024-02-19,80,6,538.8,333.1,8.5,605.8
8637,2024-05-13,30,21,235.0,367.6,3.9,493.7
8638,2023-06-12,24,1,0.0,153.0,0.0,579.6
8639,2023-10-30,41,1,0.0,282.5,0.0,472.0
8640,2024-01-22,80,5,604.0,179.0,12.3,156.8
8641,2023-01-01,117,8,0.0,199.2,0.0,912.1
8642,2023-03-20,46,14,769.6,276.7,33.3,66.0
8643,2023-01-01,90,11,64.5,35.8,11.5,32.5
8644,2024-07-08,29,15,172.4,510.7,3.9,375.7
8645,2025-12-22,108,3,224.8,211.8,11.8,105.7
8646,2023-05-15,112,19,1485.4,595.7,12.1,414.8
8647,2025-12-22,110,19,37.8,181.8,1.5,162.6
8648,2023-08-07,44,13,416.8,355.5,10.0,243.6
8649,2024-01-22,67,22,955.9,827.1,7.3,632.7
8650,2023-07-10,120,8,0.0,262.3,0.0,576.5
8651,2024-01-22,51,13,345.7,227.6,17.7,59.5
8652,2023-11-27,116,3,8.2,463.0,0.1,1069.0
8653,2025-08-04,84,7,821.0,355.2,13.7,184.9
8654,2023-08-07,10,3,544.5,197.3,17.4,136.6
8655,2025-09-29,87,19,2968.1,1145.1,12.2,449.3
8656,2024-07-08,30,18,571.7,210.3,13.3,198.6
8657,2025-02-17,35,9,2987.9,1702.5,8.4,1546.7
8658,2023-01-01,94,20,1270.3,362.3,16.0,239.2
8659,2023-03-20,33,20,91.3,48.2,9.5,37.8
8660,2023-12-25,17,12,636.9,496.5,13.2,361.1
8661,2023-10-30,53,8,0.0,821.2,0.0,3601.3
8662,2023-03-20,34,16,236.8,189.8,5.4,302.6
8663,2024-09-02,52,7,486.1,241.7,12.1,250.7
8664,2023-12-25,88,22,0.0,541.5,0.0,1035.5
8665,2023-04-17,18,19,457.5,994.5,1.5,2026.2
8666,2023-11-27,51,1,135.5,305.1,3.7,453.7
8667,2024-10-28,3,1,0.0,436.8,0.0,846.0
8668,2023-10-02,92,2,0.0,888.4,0.0,2349.8
8669,2024-04-15,106,19,483.8,374.0,7.7,239.8
8670,2023-10-30,8,20,2063.5,877.3,8.3,2248.4
8671,2024-02-19,60,6,890.4,284.3,14.3,362.4
8672,2024-06-10,119,4,196.6,191.6,4.1,441.5
8673,2025-04-14,86,7,1554.1,706.6,9.8,1316.9
8674,2025-06-09,29,15,1178.2,510.7,26.3,215.7
8675,2025-08-04,53,18,31.4,835.5,0.2,3125.2
8676,2024-08-05,53,9,2412.5,1160.7,11.6,624.4
8677,2024-07-08,76,7,218.2,79.9,21.7,43.8
8678,2025-03-17,69,2,659.4,341.4,7.5,481.2
8679,2024-11-25,52,22,0.0,273.7,0.0,897.3
8680,2025-09-29,54,17,265.2,707.3,1.9,587.4
8681,2024-07-08,23,2,835.8,855.4,3.6,1567.9
8682,2025-09-01,61,12,344.3,246.1,15.3,75.4
8683,2025-05-12,18,18,1025.2,1145.8,3.8,1648.0
8684,2023-11-27,62,9,829.0,547.8,6.3,725.6
8685,2023-05-15,38,9,1187.8,352.5,14.4,258.8
8686,2025-09-01,94,14,255.9,425.2,3.2,551.2
8687,2023-12-25,119,16,14.3,178.9,0.4,201.1
8688,2024-03-18,29,15,563.4,510.7,12.6,449.5
8689,2023-02-20,78,9,974.8,682.1,6.6,814.5
8690,2024-12-23,61,12,161.6,246.1,7.2,123.6
8691,2023-03-20,1,2,3865.3,1612.9,19.1,1965.2
8692,2025-11-24,85,5,0.0,214.1,0.0,674.9
8693,2024-11-25,94,9,48.2,262.3,0.7,900.6
8694,2023-08-07,87,13,185.3,695.9,1.4,1285.5
8695,2025-10-27,95,13,0.0,765.0,0.0,445.2
8696,2024-11-25,106,7,16.1,319.4,0.3,561.8
8697,2023-12-25,67,2,405.6,762.4,3.1,578.2
8698,2025-05-12,113,2,345.6,532.0,3.7,310.6
8699,2023-12-25,53,3,522.0,601.7,4.0,534.2
8700,2023-01-23,104,13,463.4,141.2,28.9,58.4
8701,2024-07-08,87,13,620.4,695.9,4.6,641.6
8702,2025-04-14,30,8,147.9,257.1,3.3,155.8
8703,2023-08-07,43,20,345.9,294.4,4.5,374.1
8704,2023-07-10,53,1,1435.5,1454.6,5.6,1100.5
8705,2023-12-25,47,10,0.0,1429.1,0.0,3843.6
8706,2023-05-15,51,22,426.2,319.1,10.2,200.5
8707,2023-12-25,57,2,507.8,1113.8,4.1,1087.7
8708,2023-08-07,82,21,1317.7,381.3,15.0,464.7
8709,2024-12-23,79,15,723.4,783.3,9.8,835.9
8710,2023-01-01,3,1,726.3,436.8,6.0,858.9
8711,2023-10-30,34,7,352.9,308.4,6.2,379.8
8712,2023-10-02,103,4,434.1,247.2,10.3,244.8
8713,2025-07-07,7,6,26.9,76.4,1.3,124.9
8714,2023-01-01,110,11,330.8,374.7,10.9,82.9
8715,2025-11-24,82,7,0.0,330.4,0.0,980.0
8716,2023-01-01,16,21,851.4,353.3,11.5,445.8
8717,2025-09-29,12,21,3398.5,1289.8,13.2,1521.8
8718,2023-10-02,22,18,240.4,568.2,2.4,1050.3
8719,2024-07-08,45,4,363.9,506.2,2.6,540.4
8720,2025-02-17,120,6,628.1,270.0,9.8,245.6
8721,2023-10-02,70,10,138.7,397.9,3.0,393.0
8722,2023-10-02,72,12,1649.2,1202.3,11.1,827.4
8723,2024-09-30,1,10,2722.1,1165.0,15.0,1273.1
8724,2023-11-27,9,2,181.3,413.2,2.1,594.6
8725,2023-08-07,72,18,1726.9,847.3,16.4,563.3
8726,2023-10-30,81,22,591.4,723.9,3.2,1852.8
8727,2023-03-20,35,2,2731.2,1653.1,6.7,4196.2
8728,2023-10-30,105,17,865.4,907.8,8.0,967.2
8729,2024-08-05,81,13,0.0,329.8,0.0,778.4
8730,2025-08-04,20,9,2865.3,1276.9,16.7,1075.0
8731,2025-06-09,3,1,0.0,436.8,0.0,1418.8
8732,2024-09-30,88,14,1810.3,673.4,15.6,470.5
8733,2023-01-01,102,14,412.2,773.4,6.6,205.0
8734,2023-05-15,10,10,0.0,247.5,0.0,484.6
8735,2025-02-17,31,8,17.7,533.9,0.2,607.0
8736,2023-03-20,75,4,1763.8,649.5,12.1,587.9
8737,2023-10-30,36,12,899.0,418.3,25.4,188.0
8738,2024-09-30,60,1,0.0,503.4,0.0,1545.6
8739,2023-09-04,1,21,985.9,1709.9,5.8,1122.4
8740,2025-08-04,52,22,251.3,273.7,5.3,503.1
8741,2024-12-23,17,14,670.4,502.5,14.7,481.5
8742,2023-07-10,47,4,0.0,1113.1,0.0,2224.0
8743,2025-09-01,42,14,1066.4,590.3,8.7,359.5
8744,2025-12-22,107,6,435.2,194.7,8.4,383.3
8745,2023-01-01,82,7,539.6,330.4,7.5,578.0
8746,2024-07-08,38,19,384.5,333.6,4.4,309.3
8747,2023-12-25,61,16,21.6,145.5,1.4,206.1
8748,2025-01-20,41,16,125.0,193.7,3.2,166.7
8749,2023-11-27,112,13,0.0,363.7,0.0,945.1
8750,2023-06-12,30,18,151.3,210.3,3.5,90.5
8751,2023-01-23,36,9,200.9,270.4,6.8,251.3
8752,2025-01-20,29,15,852.7,510.7,19.1,227.5
8753,2025-06-09,19,17,397.4,265.6,7.2,217.3
8754,2023-10-30,79,6,690.5,924.1,7.1,487.7
8755,2024-11-25,14,3,158.4,112.4,10.7,49.0
8756,2023-07-10,85,4,230.3,495.3,2.5,1012.7
8757,2025-12-22,114,10,196.9,300.5,2.5,1067.5
8758,2024-05-13,37,15,1640.6,420.1,16.9,479.4
8759,2025-06-09,2,8,1847.7,976.7,10.6,686.0
8760,2025-01-20,63,1,0.0,1056.9,0.0,1098.4
8761,2023-12-25,104,6,0.0,203.9,0.0,287.8
8762,2025-05-12,28,3,0.0,731.9,0.0,333.6
8763,2023-10-02,87,22,0.0,941.8,0.0,6493.7
8764,2025-02-17,2,20,1285.5,1676.9,5.9,745.8
8765,2025-05-12,120,21,1123.0,339.5,12.6,236.5
8766,2024-02-19,11,9,2516.0,1138.3,9.9,907.6
8767,2023-01-01,23,3,1808.3,445.3,15.2,452.0
8768,2025-04-14,81,5,484.4,454.2,5.6,442.5
8769,2023-08-07,116,15,205.2,533.8,3.7,579.6
8770,2025-03-17,35,12,0.0,2577.0,0.0,4180.7
8771,2023-06-12,45,5,274.5,396.7,3.6,609.3
8772,2025-09-29,93,2,461.6,522.4,5.4,649.4
8773,2025-04-14,94,9,507.4,262.3,7.7,183.2
8774,2024-04-15,8,20,1038.5,877.3,4.2,3273.4
8775,2024-11-25,54,12,929.1,644.6,5.5,1344.8
8776,2023-01-01,32,6,233.4,62.7,12.2,64.2
8777,2024-09-02,67,2,1851.8,762.4,14.2,968.4
8778,2023-07-10,66,15,110.7,94.3,6.5,54.0
8779,2023-02-20,15,22,0.0,1475.2,0.0,1140.3
8780,2023-01-01,1,2,1823.6,1612.9,9.0,1213.3
8781,2023-09-04,61,4,0.0,183.4,0.0,134.0
8782,2025-04-14,57,7,1894.4,1060.7,20.5,398.9
8783,2023-01-01,116,3,0.0,463.0,0.0,1405.0
8784,2023-01-01,2,13,628.2,1169.0,5.3,805.9
8785,2025-01-20,42,16,224.1,369.8,2.5,1000.3
8786,2024-05-13,56,8,2247.2,1837.9,13.9,859.1
8787,2025-10-27,97,14,0.0,182.5,0.0,122.0
8788,2025-11-24,19,4,0.0,209.1,0.0,650.7
8789,2024-12-23,49,16,0.0,574.6,0.0,1060.6
8790,2025-05-12,113,4,1002.5,276.9,11.5,348.2
8791,2025-07-07,31,5,1024.9,320.3,13.6,178.8
8792,2024-03-18,107,21,550.5,411.7,7.7,242.8
8793,2023-08-07,5,12,1191.0,736.1,7.9,586.2
8794,2023-12-25,75,21,928.1,716.5,6.1,1108.6
8795,2023-10-02,93,6,246.6,309.3,4.2,347.0
8796,2025-01-20,25,4,300.7,127.9,7.7,194.1
8797,2023-08-07,2,9,2361.2,2010.4,14.0,1075.6
8798,2024-08-05,47,22,3377.0,1657.6,11.0,1121.9
8799,2025-08-04,16,21,807.3,353.3,10.9,264.0
8800,2023-01-01,25,1,107.6,177.0,3.1,505.6
8801,2024-02-19,34,22,501.4,370.0,7.3,522.9
8802,2025-11-24,37,15,472.5,420.1,4.9,1056.8
8803,2023-08-07,53,9,1104.0,1160.7,5.3,1485.8
8804,2023-10-02,23,5,403.4,555.2,3.2,590.7
8805,2023-04-17,119,7,404.7,187.2,8.6,215.9
8806,2023-08-07,111,22,5068.6,1560.6,15.3,652.6
8807,2023-01-01,35,19,3124.8,1516.6,8.9,1497.9
8808,2023-01-01,30,17,15.6,245.2,0.3,700.6
8809,2025-01-20,60,9,1420.7,399.4,19.1,294.8
8810,2025-05-12,3,18,1129.7,503.4,13.0,338.8
8811,2025-07-07,3,13,321.7,366.6,5.7,283.5
8812,2024-02-19,48,22,373.1,1773.3,1.1,1405.2
8813,2024-02-19,29,18,61.9,410.7,1.1,559.6
8814,2024-02-19,38,19,855.7,333.6,9.7,371.8
8815,2025-08-04,76,16,47.5,86.2,6.6,51.3
8816,2023-05-15,63,9,2872.0,1062.3,20.4,1553.9
8817,2023-05-15,37,16,2218.3,526.6,17.9,503.7
8818,2023-09-04,2,16,0.0,1349.1,0.0,1539.4
8819,2025-09-01,42,8,0.0,544.7,0.0,810.8
8820,2024-07-08,42,14,877.4,590.3,7.1,777.2
8821,2023-10-02,114,14,554.4,285.4,7.8,554.8
8822,2023-03-20,89,3,168.8,335.2,2.1,412.0
8823,2025-11-24,59,1,1585.5,1199.3,5.8,1541.7
8824,2025-10-27,37,4,1336.4,1042.2,7.7,1137.7
8825,2023-02-20,56,5,1896.5,1463.1,15.5,394.1
8826,2023-09-04,39,8,483.4,517.8,5.3,593.6
8827,2024-11-25,119,16,69.1,178.9,1.9,129.9
8828,2023-05-15,92,13,919.1,482.0,9.3,196.0
8829,2025-10-27,102,6,949.7,505.6,22.6,108.2
8830,2024-10-28,102,22,254.4,828.9,4.1,302.0
8831,2024-03-18,42,5,609.2,328.7,8.9,509.3
8832,2024-09-30,110,19,483.7,181.8,19.3,104.5
8833,2024-08-05,107,19,470.5,307.3,7.7,263.8
8834,2023-06-12,39,14,1243.6,483.0,9.7,680.8
8835,2024-12-23,2,18,1991.0,1219.4,12.7,524.6
8836,2023-05-15,40,5,726.3,700.9,10.1,328.4
8837,2023-10-02,2,6,97.3,1255.7,0.6,1931.6
8838,2024-03-18,70,10,371.7,397.9,8.1,222.3
8839,2023-01-23,18,2,0.0,1168.3,0.0,3230.8
8840,2024-12-23,106,8,630.9,322.5,10.9,401.4
8841,2023-11-27,3,18,859.5,503.4,9.9,328.3
8842,2025-04-14,56,4,0.0,1786.3,0.0,6032.2
8843,2024-07-08,53,8,0.0,821.2,0.0,1379.1
8844,2025-10-27,15,10,1078.0,1178.6,6.6,767.6
8845,2024-04-15,69,11,771.7,482.7,9.0,258.8
8846,2023-03-20,93,17,169.0,275.5,2.3,547.1
8847,2024-07-08,91,6,261.9,540.4,3.9,448.3
8848,2024-12-23,58,21,820.1,1007.7,2.8,3889.6
8849,2023-12-25,12,20,0.0,1476.3,0.0,1935.0
8850,2024-09-30,80,3,594.5,207.2,12.9,306.8
8851,2023-02-20,81,12,0.0,817.2,0.0,2237.5
8852,2025-10-27,36,8,214.3,334.2,7.4,166.3
8853,2024-03-18,111,10,0.0,1092.1,0.0,2579.1
8854,2024-09-02,37,19,0.0,664.7,0.0,1362.5
8855,2023-06-12,22,9,158.9,632.9,1.4,484.8
8856,2025-09-29,111,15,138.6,690.0,0.8,826.7
8857,2025-02-17,112,12,613.4,592.0,4.4,555.9
8858,2025-01-20,37,19,363.0,664.7,2.3,1821.5
8859,2023-05-15,16,12,299.9,371.0,3.9,843.2
8860,2024-09-30,112,19,211.6,595.7,1.7,736.3
8861,2024-10-28,88,22,1004.6,541.5,8.0,1148.8
8862,2024-04-15,39,14,721.5,483.0,5.6,580.9
8863,2024-04-15,46,7,230.6,169.1,9.9,211.0
8864,2025-09-29,22,5,389.9,287.1,5.7,259.7
8865,2024-12-23,80,5,421.7,179.0,8.6,376.3
8866,2023-03-20,61,17,299.5,231.1,15.2,146.9
8867,2024-06-10,112,18,441.0,562.2,4.5,554.3
8868,2024-06-10,114,19,0.0,196.6,0.0,701.2
8869,2023-07-10,6,9,0.0,728.8,0.0,1195.1
8870,2024-02-19,9,7,105.3,431.3,1.6,335.1
8871,2025-07-07,8,13,42.3,596.3,0.3,826.4
8872,2025-07-07,120,21,191.0,339.5,2.2,384.4
8873,2023-01-01,120,6,409.0,270.0,6.4,427.2
8874,2025-10-27,119,21,427.9,224.9,8.4,544.0
8875,2025-06-09,25,18,68.3,133.2,2.2,134.2
8876,2025-02-17,104,13,139.4,141.2,8.7,148.3
8877,2025-11-24,53,9,1488.5,1160.7,7.1,1548.4
8878,2024-09-02,32,6,218.1,62.7,11.4,67.1
8879,2025-04-14,39,3,606.2,214.7,8.6,444.1
8880,2024-01-22,48,18,711.5,1409.9,2.8,2150.1
8881,2024-10-28,118,21,1852.6,869.1,25.9,321.7
8882,2025-11-24,87,13,0.0,695.9,0.0,2623.0
8883,2023-07-10,72,10,3625.9,1523.0,26.0,504.6
8884,2023-04-17,39,10,1612.5,782.6,11.2,837.5
8885,2024-09-02,56,18,112.3,1360.0,0.7,1099.7
8886,2025-10-27,118,5,298.8,403.0,7.5,346.5
8887,2023-09-04,4,7,0.0,259.3,0.0,488.1
8888,2025-12-22,9,18,0.0,364.8,0.0,705.6
8889,2023-08-07,10,9,558.6,280.7,10.4,438.5
8890,2024-11-25,12,16,0.0,1131.1,0.0,2503.6
8891,2024-08-05,19,16,0.0,193.4,0.0,436.6
8892,2024-09-30,51,7,575.5,365.8,15.4,149.4
8893,2024-02-19,111,13,1565.6,557.6,9.7,586.6
8894,2025-07-07,84,5,433.6,203.2,12.9,161.0
8895,2024-03-18,62,20,0.0,806.3,0.0,1333.8
8896,2024-10-28,98,13,0.0,216.2,0.0,841.5
8897,2023-05-15,13,8,669.5,295.2,17.7,323.5
8898,2024-10-28,6,11,110.8,608.4,0.6,2577.4
8899,2025-07-07,9,17,990.1,366.3,13.3,264.7
8900,2023-01-01,37,2,1276.6,866.2,6.2,1104.7
8901,2023-06-12,119,15,227.7,113.0,8.3,130.6
8902,2023-06-12,10,10,429.4,247.5,6.6,333.6
8903,2024-09-30,94,18,0.0,250.0,0.0,524.7
8904,2025-03-17,1,12,3665.1,1754.4,19.0,1290.9
8905,2024-12-23,67,10,797.5,486.0,6.5,834.6
8906,2024-05-13,116,20,2269.3,829.5,22.0,868.5
8907,2025-09-01,37,10,364.4,853.1,2.0,1030.2
8908,2024-10-28,51,22,694.9,319.1,16.6,204.7
8909,2024-03-18,28,4,103.1,1912.3,0.5,397.1
8910,2025-03-17,111,20,719.6,1396.0,2.4,2854.8
8911,2023-06-12,17,21,0.0,440.3,0.0,183.1
8912,2025-01-20,33,10,0.0,34.2,0.0,109.3
8913,2023-03-20,40,12,436.1,1553.8,2.8,290.2
8914,2025-03-17,5,14,1702.6,635.6,11.2,581.2
8915,2023-06-12,111,15,81.2,690.0,0.5,1758.9
8916,2024-02-19,79,15,1654.9,783.3,22.4,326.8
8917,2025-08-04,84,4,505.2,367.9,8.2,611.3
8918,2023-07-10,109,15,258.2,265.1,3.5,220.6
8919,2025-12-22,38,12,0.0,406.0,0.0,2383.8
8920,2025-12-22,16,13,566.1,213.0,15.3,186.4
8921,2023-01-23,97,2,339.1,302.8,11.4,75.5
8922,2023-06-12,35,9,3932.9,1702.5,11.0,1466.6
8923,2023-10-02,113,10,0.0,373.6,0.0,579.3
8924,2023-06-12,81,16,221.0,521.6,2.0,835.2
8925,2023-04-17,16,11,378.8,388.3,5.2,468.7
8926,2025-10-27,35,9,3603.6,1702.5,10.1,1318.2
8927,2023-11-27,67,4,774.3,650.5,6.7,484.7
8928,2024-03-18,56,6,633.2,1535.4,4.3,1248.7
8929,2023-11-27,76,16,118.3,86.2,16.4,67.9
8930,2025-06-09,17,16,307.4,316.5,9.1,229.3
8931,2024-12-23,52,10,151.9,151.9,3.1,631.8
8932,2023-09-04,58,16,667.7,985.6,3.3,2667.4
8933,2025-02-17,11,14,4917.0,1725.9,16.1,857.4
8934,2024-07-08,74,11,1404.6,2195.6,3.4,1044.1
8935,2024-02-19,19,5,254.2,159.0,7.8,128.5
8936,2023-08-07,104,6,159.3,203.9,7.3,88.6
8937,2024-04-15,104,9,633.1,296.0,23.1,135.4
8938,2023-09-04,92,13,181.3,482.0,1.8,591.2
8939,2024-11-25,45,9,0.0,399.5,0.0,1107.4
8940,2025-05-12,58,3,1325.5,814.0,9.4,602.4
8941,2025-03-17,98,11,0.0,451.6,0.0,887.0
8942,2023-05-15,48,4,417.2,1351.2,1.2,3824.7
8943,2024-11-25,38,1,920.0,493.6,9.9,535.8
8944,2024-01-22,84,17,694.7,238.8,11.0,385.1
8945,2023-01-23,82,6,543.9,276.4,9.3,368.1
8946,2025-05-12,109,15,731.7,265.1,10.1,462.7
8947,2025-09-01,53,9,1556.1,1160.7,7.5,1622.4
8948,2023-03-20,56,5,1067.6,1463.1,8.7,828.7
8949,2023-05-15,96,9,280.1,561.7,2.4,621.8
8950,2023-07-10,47,20,2074.5,1025.6,7.8,1074.1
8951,2023-01-01,43,12,357.3,359.1,4.2,542.7
8952,2025-09-01,50,13,429.4,543.5,3.7,708.2
8953,2024-10-28,7,5,0.0,69.1,0.0,143.2
8954,2023-10-02,48,21,759.5,1867.9,2.4,1124.4
8955,2024-11-25,17,11,63.0,411.7,1.4,602.8
8956,2023-05-15,34,22,704.6,370.0,10.3,341.4
8957,2024-12-23,70,13,339.7,264.0,15.0,119.4
8958,2023-08-07,61,4,45.0,183.4,2.0,125.6
8959,2025-01-20,104,13,171.1,141.2,10.7,153.6
8960,2025-07-07,33,16,25.9,28.5,3.8,34.1
8961,2024-11-25,84,7,99.6,355.2,1.7,526.3
8962,2024-08-05,43,12,686.7,359.1,8.1,333.2
8963,2023-11-27,4,19,432.7,301.3,6.9,492.8
8964,2023-11-27,86,20,160.1,1014.6,0.8,2934.7
8965,2023-06-12,6,14,72.4,709.1,0.4,676.5
8966,2023-06-12,75,19,1144.5,501.0,9.1,386.8
8967,2024-05-13,33,10,83.9,34.2,8.8,45.1
8968,2024-11-25,6,11,0.0,608.4,0.0,3263.3
8969,2023-10-02,95,12,4329.5,1800.7,20.7,1648.7
8970,2023-07-10,55,10,2516.9,1421.7,8.4,2237.5
8971,2024-07-08,82,4,175.5,332.9,1.9,685.3
8972,2024-02-19,3,19,365.6,474.2,3.7,429.8
8973,2023-05-15,94,9,476.5,262.3,7.2,341.5
8974,2024-05-13,48,5,1761.7,879.0,10.4,1371.2
8975,2025-07-07,41,1,447.6,282.5,8.3,288.4
8976,2024-07-08,24,4,184.8,122.2,6.1,228.4
8977,2024-02-19,31,1,1082.0,582.6,8.2,550.6
8978,2024-07-08,73,17,755.5,586.1,9.1,418.1
8979,2025-05-12,93,3,33.7,166.2,0.8,174.0
8980,2024-09-02,32,3,56.3,47.1,4.1,95.2
8981,2023-07-10,116,13,0.0,322.9,0.0,560.2
8982,2024-11-25,10,9,255.0,280.7,4.8,174.0
8983,2023-10-02,53,3,619.8,601.7,4.8,901.4
8984,2025-09-01,104,17,0.0,253.7,0.0,269.7
8985,2024-11-25,114,21,122.5,379.9,1.6,1028.3
8986,2023-05-15,110,11,420.5,374.7,13.8,194.7
8987,2023-04-17,55,10,2661.5,1421.7,8.9,1405.3
8988,2025-06-09,111,8,3077.9,1000.4,13.0,942.5
8989,2025-07-07,20,20,3559.8,2225.0,17.1,1181.9
8990,2023-02-20,21,7,424.2,356.7,6.2,366.5
8991,2024-04-15,119,8,223.9,157.7,5.7,239.6
8992,2024-12-23,87,21,3115.9,1095.0,11.2,1825.8
8993,2024-10-28,119,14,377.4,279.0,7.0,597.0
8994,2025-09-01,109,12,1136.0,561.6,8.2,586.4
8995,2024-07-08,110,5,306.9,135.6,17.6,108.0
8996,2025-08-04,1,11,141.5,1092.9,0.8,879.1
8997,2025-09-29,80,6,726.9,333.1,11.5,158.5
8998,2024-09-30,38,8,0.0,362.2,0.0,462.4
8999,2024-06-10,26,18,0.0,298.4,0.0,687.1
9000,2025-05-12,3,21,88.8,747.4,0.8,1383.3
9001,2025-09-29,34,6,455.9,284.3,10.1,446.6
9002,2025-06-09,47,22,0.0,1657.6,0.0,3127.2
9003,2024-03-18,119,7,502.0,187.2,10.6,180.6
9004,2023-06-12,55,11,1670.8,1351.3,6.5,1697.2
9005,2023-10-02,97,11,64.4,196.6,2.3,190.9
9006,2023-04-17,76,12,399.7,97.3,37.5,69.0
9007,2023-01-23,53,9,1129.6,1160.7,5.4,992.3
9008,2024-02-19,32,5,82.5,58.9,5.4,55.6
9009,2024-07-08,113,2,571.8,532.0,6.1,446.7
9010,2024-12-23,86,15,0.3,319.2,0.0,1357.8
9011,2024-04-15,95,11,0.0,1530.3,0.0,1396.3
9012,2025-01-20,87,11,0.0,971.1,0.0,1909.2
9013,2023-02-20,9,17,479.7,366.3,6.4,743.3
9014,2024-09-02,6,4,0.0,858.1,0.0,1756.0
9015,2025-11-24,106,16,425.6,204.2,7.8,290.4
9016,2023-08-07,48,8,952.7,1240.6,4.0,2912.6
9017,2025-07-07,34,19,272.1,260.5,4.6,644.5
9018,2023-03-20,100,11,319.2,68.2,14.5,76.9
9019,2023-01-01,41,16,616.6,193.7,15.6,273.0
9020,2023-01-23,58,5,534.7,718.7,3.7,1434.4
9021,2025-09-29,52,19,0.0,139.9,0.0,272.2
9022,2024-08-05,15,19,2303.5,1489.0,19.3,704.2
9023,2025-08-04,56,1,4647.1,1470.0,19.0,1478.4
9024,2024-10-28,85,6,0.0,312.7,0.0,1153.9
9025,2025-08-04,48,5,1906.5,879.0,11.3,942.3
9026,2024-08-05,26,17,0.0,309.1,0.0,1511.3
9027,2025-01-20,32,6,77.2,62.7,4.0,69.1
9028,2025-06-09,104,6,93.0,203.9,4.2,176.3
9029,2025-11-24,45,12,594.5,776.7,4.0,1415.8
9030,2023-12-25,57,7,1647.1,1060.7,17.8,907.7
9031,2023-12-25,10,6,452.9,272.0,10.0,294.6
9032,2024-09-30,99,1,1448.8,676.8,10.3,604.1
9033,2025-09-01,25,1,457.5,177.0,13.0,141.5
9034,2025-12-22,2,16,833.7,1349.1,5.5,1559.8
9035,2023-10-30,59,20,0.0,896.5,0.0,3400.3
9036,2024-05-13,37,19,1661.3,664.7,10.4,644.3
9037,2024-09-30,45,9,909.3,399.5,7.8,453.0
9038,2023-05-15,95,15,907.8,1109.1,8.5,554.8
9039,2025-05-12,111,10,0.0,1092.1,0.0,1820.6
9040,2025-09-29,31,8,524.6,533.9,5.2,853.2
9041,2024-09-02,115,1,2053.0,1637.3,11.8,1081.4
9042,2023-05-15,84,7,1091.7,355.2,18.2,284.8
9043,2025-09-01,87,8,2480.5,975.6,11.1,1698.5
9044,2024-01-22,21,7,215.9,356.7,3.2,576.5
9045,2023-07-10,45,16,861.9,506.6,8.9,399.3
9046,2024-04-15,56,13,757.2,1088.1,6.7,746.4
9047,2023-05-15,113,4,0.0,276.9,0.0,1519.3
9048,2023-08-07,42,14,849.7,590.3,6.9,576.2
9049,2024-03-18,116,17,1600.6,654.8,17.8,310.8
9050,2025-03-17,103,1,26.1,201.6,0.6,278.8
9051,2023-05-15,107,21,0.0,411.7,0.0,509.8
9052,2024-01-22,117,8,223.9,199.2,4.4,419.5
9053,2025-06-09,12,5,1056.5,554.1,7.1,857.4
9054,2024-07-08,97,4,434.5,284.1,15.3,204.5
9055,2025-09-01,7,3,98.2,78.7,6.4,91.8
9056,2025-08-04,95,19,1060.2,1190.0,6.7,1355.9
9057,2025-01-20,119,9,209.5,205.1,4.9,366.8
9058,2023-05-15,48,22,180.2,1773.3,0.5,3108.9
9059,2023-08-07,106,10,0.0,383.7,0.0,757.3
9060,2023-05-15,106,8,54.2,322.5,0.9,318.0
9061,2025-03-17,66,15,104.2,94.3,6.1,116.5
9062,2023-08-07,53,18,2271.7,835.5,11.6,1538.6
9063,2024-05-13,5,11,2690.4,692.2,18.1,564.4
9064,2025-06-09,102,9,1248.8,564.5,24.9,225.6
9065,2025-06-09,91,9,0.0,527.9,0.0,397.9
9066,2024-10-28,106,8,649.1,322.5,11.2,367.9
9067,2023-03-20,43,1,419.1,346.8,5.4,348.2
9068,2024-09-02,94,18,315.7,250.0,5.1,326.9
9069,2025-09-01,24,4,119.8,122.2,4.0,293.5
9070,2024-09-30,34,11,671.7,349.7,11.0,241.6
9071,2023-02-20,52,7,207.4,241.7,5.1,232.8
9072,2023-03-20,56,13,2023.3,1088.1,17.9,376.3
9073,2025-09-01,116,13,599.5,322.9,11.3,218.1
9074,2024-09-02,95,19,1835.8,1190.0,11.7,979.8
9075,2023-05-15,114,10,0.0,300.5,0.0,945.9
9076,2023-06-12,38,13,196.7,152.1,4.0,415.6
9077,2023-11-27,57,2,1108.1,1113.8,9.0,695.6
9078,2024-05-13,52,2,177.0,269.0,3.9,345.3
9079,2025-05-12,5,14,0.0,635.6,0.0,2658.6
9080,2025-11-24,49,5,895.9,445.2,8.1,479.1
9081,2024-08-05,94,20,420.1,362.3,5.3,546.8
9082,2025-02-17,54,4,1531.9,624.3,9.9,221.6
9083,2025-04-14,21,5,323.9,191.8,8.3,137.4
9084,2024-09-30,28,17,2375.7,2125.5,12.1,979.3
9085,2024-02-19,11,13,637.8,792.0,4.5,726.4
9086,2024-08-05,96,12,0.0,675.2,0.0,1577.4
9087,2024-12-23,114,2,1083.0,459.6,14.4,340.2
9088,2025-07-07,52,22,748.6,273.7,15.7,239.1
9089,2024-12-23,78,15,0.0,498.7,0.0,1218.5
9090,2025-09-01,81,3,632.5,450.2,7.3,948.9
9091,2024-03-18,15,18,946.1,931.0,7.5,499.6
9092,2023-10-30,38,9,842.2,352.5,10.2,312.1
9093,2024-06-10,16,7,383.8,407.6,5.7,451.8
9094,2023-05-15,12,14,1610.9,1407.4,6.1,1518.7
9095,2025-12-22,57,7,1006.1,1060.7,10.9,801.6
9096,2025-03-17,42,14,0.0,590.3,0.0,1589.7
9097,2024-06-10,57,6,262.4,681.7,3.5,878.1
9098,2023-08-07,39,12,1287.4,773.3,9.9,891.6
9099,2025-03-17,80,5,0.0,179.0,0.0,356.4
9100,2023-05-15,15,22,750.3,1475.2,4.8,1106.2
9101,2025-02-17,4,21,0.0,303.6,0.0,623.3
9102,2024-07-08,16,11,0.8,388.3,0.0,448.2
9103,2025-09-01,6,2,0.0,643.6,0.0,1462.2
9104,2023-03-20,109,21,2219.5,641.1,17.0,486.1
9105,2025-09-01,119,9,378.5,205.1,8.9,331.5
9106,2023-01-01,9,18,780.7,364.8,12.7,172.3
9107,2024-03-18,89,18,772.8,392.0,6.3,726.3
9108,2025-05-12,62,20,212.1,806.3,1.3,1850.2
9109,2024-09-30,48,8,0.0,1240.6,0.0,4822.1
9110,2025-01-20,4,21,0.0,303.6,0.0,800.6
9111,2024-02-19,75,19,521.7,501.0,4.2,128.7
9112,2023-11-27,111,7,926.0,1032.1,3.4,1968.4
9113,2023-02-20,29,1,274.4,830.6,3.2,228.4
9114,2023-01-01,29,15,312.1,510.7,7.0,452.1
9115,2023-10-02,15,17,183.6,1219.8,1.2,1809.9
9116,2023-08-07,32,19,0.0,89.0,0.0,233.5
9117,2024-04-15,85,1,42.6,311.7,0.5,569.6
9118,2024-01-22,109,17,1296.9,573.9,11.4,357.6
9119,2025-03-17,45,4,458.7,506.2,3.3,1041.2
9120,2024-12-23,23,5,726.3,555.2,5.7,515.3
9121,2024-03-18,1,11,2413.5,1092.9,13.0,742.8
9122,2023-09-04,94,4,324.1,430.0,4.1,424.3
9123,2023-11-27,102,3,370.9,355.5,12.7,161.7
9124,2023-12-25,110,6,26.3,224.4,1.3,142.1
9125,2025-05-12,52,4,0.0,192.6,0.0,555.4
9126,2025-05-12,25,13,26.9,87.9,1.4,130.3
9127,2025-05-12,114,17,0.0,244.1,0.0,503.1
9128,2023-11-27,15,1,2124.1,1624.2,13.3,1179.0
9129,2025-09-01,31,9,611.6,597.6,4.6,638.4
9130,2024-10-28,51,13,260.7,227.6,13.3,167.6
9131,2024-08-05,65,17,2475.3,1451.4,17.7,802.1
9132,2024-05-13,92,11,680.5,1000.0,3.9,1764.2
9133,2025-07-07,40,2,0.0,1732.1,0.0,1312.8
9134,2025-12-22,36,14,301.8,271.1,9.0,283.4
9135,2025-09-29,15,22,1117.1,1475.2,7.2,935.5
9136,2025-01-20,8,8,2325.3,1123.0,13.3,728.2
9137,2024-06-10,55,11,1301.0,1351.3,5.1,2044.7
9138,2025-10-27,87,12,0.0,1280.6,0.0,3898.6
9139,2023-06-12,118,1,2161.7,799.9,28.5,327.5
9140,2023-11-27,73,10,0.0,964.2,0.0,986.3
9141,2025-11-24,35,12,1835.5,2577.0,4.3,2407.0
9142,2025-03-17,21,5,0.0,191.8,0.0,566.3
9143,2023-07-10,32,19,45.4,89.0,2.0,129.4
9144,2023-12-25,84,14,568.2,400.2,9.1,608.2
9145,2024-11-25,32,22,97.0,170.0,3.3,395.8
9146,2023-05-15,55,16,1660.6,687.4,8.7,951.2
9147,2023-07-10,119,7,89.3,187.2,1.9,188.6
9148,2024-06-10,44,6,505.6,748.1,8.0,214.5
9149,2025-07-07,114,19,80.9,196.6,1.2,390.8
9150,2023-07-10,81,5,120.4,454.2,1.4,519.8
9151,2025-06-09,27,19,68.4,436.0,0.9,735.8
9152,2024-12-23,8,13,0.0,596.3,0.0,1380.5
9153,2024-01-22,2,6,0.0,1255.7,0.0,402.3
9154,2023-06-12,45,12,1012.8,776.7,6.7,844.9
9155,2024-09-30,51,11,393.0,428.1,10.0,384.3
9156,2023-07-10,7,3,92.2,78.7,6.0,123.7
9157,2023-02-20,105,4,2159.7,988.5,19.3,751.1
9158,2025-09-29,14,6,609.1,223.6,31.4,43.7
9159,2024-04-15,111,8,169.6,1000.4,0.7,1186.0
9160,2023-06-12,109,12,1635.8,561.6,11.8,534.8
9161,2025-10-27,41,1,221.6,282.5,4.1,250.8
9162,2025-05-12,22,18,1283.9,568.2,12.9,389.2
9163,2024-05-13,108,13,465.9,134.0,26.0,173.0
9164,2023-02-20,15,4,0.0,1135.1,0.0,993.4
9165,2023-08-07,53,3,1043.6,601.7,8.0,515.7
9166,2024-07-08,103,4,426.0,247.2,10.2,254.3
9167,2025-02-17,112,22,753.0,785.6,5.4,1009.0
9168,2025-05-12,51,20,192.0,308.4,5.0,355.4
9169,2024-03-18,102,17,587.7,692.9,10.7,200.9
9170,2025-03-17,84,17,274.5,238.8,4.3,408.5
9171,2024-12-23,24,1,67.6,153.0,2.3,145.6
9172,2024-12-23,116,18,0.0,618.5,0.0,692.9
9173,2025-11-24,74,21,631.2,1789.6,1.6,5100.6
9174,2025-11-24,45,5,0.0,396.7,0.0,927.2
9175,2024-02-19,50,10,528.5,864.1,2.2,2547.0
9176,2023-07-10,102,6,1200.3,505.6,28.5,312.7
9177,2025-03-17,116,18,426.1,618.5,5.2,653.0
9178,2024-11-25,6,22,0.0,1069.3,0.0,2430.7
9179,2024-06-10,29,5,705.9,475.8,16.8,238.0
9180,2023-12-25,76,3,25.5,62.2,4.7,22.8
9181,2023-12-25,9,7,605.7,431.3,8.9,652.4
9182,2023-10-30,91,11,0.0,780.6,0.0,1293.4
9183,2023-01-23,71,15,403.3,306.2,12.3,211.8
9184,2023-10-02,86,8,0.0,651.1,0.0,3442.7
9185,2023-12-25,24,1,159.3,153.0,5.4,231.5
9186,2023-02-20,99,21,1841.3,780.9,13.7,442.2
9187,2024-07-08,16,13,481.6,213.0,13.0,253.0
9188,2025-12-22,119,8,319.3,157.7,8.2,183.1
9189,2025-11-24,19,16,199.3,193.4,4.4,508.1
9190,2023-04-17,19,19,0.0,292.9,0.0,358.1
9191,2023-01-01,61,18,194.9,181.8,12.4,168.7
9192,2025-08-04,25,4,0.0,127.9,0.0,392.9
9193,2023-10-02,17,1,0.0,420.1,0.0,365.8
9194,2023-10-02,114,17,0.0,244.1,0.0,982.3
9195,2024-10-28,45,15,672.2,400.3,8.4,513.3
9196,2025-09-29,60,1,1192.8,503.4,12.3,434.6
9197,2025-06-09,33,10,2.4,34.2,0.2,62.9
9198,2024-08-05,107,9,651.8,356.1,10.7,464.9
9199,2023-10-30,112,18,0.0,562.2,0.0,1985.6
9200,2025-12-22,116,17,0.0,654.8,0.0,1256.3
9201,2023-04-17,1,14,0.0,1472.3,0.0,2852.2
9202,2023-03-20,81,3,1549.3,450.2,17.8,299.0
9203,2024-03-18,9,9,793.6,289.9,11.6,196.2
9204,2024-01-22,52,9,314.8,208.0,8.5,171.3
9205,2025-05-12,87,13,838.6,695.9,6.3,455.9
9206,2025-03-17,5,7,0.0,662.3,0.0,1520.5
9207,2024-10-28,40,2,3698.7,1732.1,24.3,989.8
9208,2023-05-15,71,7,168.0,579.4,2.9,416.3
9209,2025-09-29,21,7,639.4,356.7,9.4,369.9
9210,2023-09-04,66,15,173.7,94.3,10.1,40.3
9211,2024-09-30,52,11,31.1,249.7,0.7,251.1
9212,2025-02-17,39,10,589.8,782.6,4.1,386.0
9213,2025-10-27,56,6,1488.0,1535.4,10.1,924.4
9214,2023-07-10,11,1,2761.3,1354.0,9.1,1504.2
9215,2023-10-02,42,10,555.0,730.0,4.2,682.5
9216,2024-09-02,49,11,2868.2,714.9,12.6,650.8
9217,2024-09-02,2,6,1332.0,1255.7,8.1,311.9
9218,2024-04-15,37,15,479.2,420.1,4.9,364.7
9219,2025-12-22,120,8,522.0,262.3,7.5,148.8
9220,2024-07-08,5,11,704.1,692.2,4.7,646.3
9221,2024-06-10,53,9,2450.9,1160.7,11.8,922.2
9222,2023-06-12,76,4,184.9,129.4,17.7,77.8
9223,2025-06-09,9,17,1075.6,366.3,14.4,451.7
9224,2024-04-15,60,9,682.7,399.4,9.2,258.9
9225,2024-04-15,107,19,424.4,307.3,7.0,577.4
9226,2024-02-19,118,5,317.6,403.0,8.0,161.5
9227,2025-08-04,8,19,1199.3,1069.6,6.0,1018.0
9228,2025-06-09,17,15,358.8,276.1,14.3,159.7
9229,2024-09-30,74,22,2730.1,1630.4,6.4,2516.6
9230,2023-01-23,54,10,96.3,557.4,0.6,1354.9
9231,2024-03-18,61,18,139.1,181.8,8.8,297.5
9232,2023-10-02,109,20,492.9,790.0,3.5,766.9
9233,2024-06-10,62,9,443.4,547.8,3.4,765.3
9234,2025-04-14,9,2,959.9,413.2,10.9,659.7
9235,2025-03-17,36,8,0.0,334.2,0.0,318.5
9236,2024-04-15,116,20,546.4,829.5,5.3,672.4
9237,2025-01-20,31,21,976.4,740.0,7.3,409.3
9238,2023-07-10,97,2,273.2,302.8,9.2,165.3
9239,2024-09-02,75,8,936.2,394.7,8.1,742.6
9240,2025-02-17,19,19,515.8,292.9,9.4,232.0
9241,2025-06-09,75,11,595.2,732.1,4.1,1191.4
9242,2023-02-20,85,1,1192.0,311.7,12.8,356.9
9243,2024-06-10,48,4,0.0,1351.2,0.0,4335.4
9244,2023-10-02,14,1,293.6,208.3,10.9,355.8
9245,2024-01-22,35,9,3895.3,1702.5,10.9,1387.5
9246,2025-11-24,114,14,0.0,285.4,0.0,691.0
9247,2025-09-01,103,1,485.3,201.6,12.0,148.8
9248,2024-09-02,66,6,114.2,80.9,5.1,85.5
9249,2025-09-29,37,13,1308.0,388.9,14.9,514.5
9250,2023-11-27,50,13,723.5,543.5,6.2,589.9
9251,2023-11-27,42,8,0.0,544.7,0.0,1018.2
9252,2023-01-01,9,17,753.1,366.3,10.1,612.6
9253,2023-09-04,105,4,1859.7,988.5,16.6,410.8
9254,2023-11-27,65,19,1091.5,1189.3,9.1,874.8
9255,2024-05-13,72,9,666.0,945.9,6.0,669.8
9256,2025-10-27,22,21,0.0,484.3,0.0,1597.9
9257,2024-12-23,37,16,1170.5,526.6,9.4,422.2
9258,2024-05-13,71,22,0.0,490.0,0.0,460.5
9259,2024-07-08,90,12,39.4,36.6,6.4,42.0
9260,2025-09-01,56,3,514.2,1209.0,4.7,761.0
9261,2023-09-04,86,7,420.7,706.6,2.6,895.9
9262,2024-01-22,112,9,603.6,562.7,4.8,461.2
9263,2025-11-24,98,11,0.0,451.6,0.0,937.2
9264,2023-01-01,67,3,626.5,284.2,10.4,399.5
9265,2024-06-10,86,22,518.6,631.2,2.5,1334.9
9266,2023-03-20,8,20,2600.5,877.3,10.5,1962.4
9267,2023-10-30,104,9,554.7,296.0,20.2,127.5
9268,2024-08-05,33,20,0.0,48.2,0.0,123.1
9269,2023-09-04,106,20,742.6,394.7,9.6,182.2
9270,2025-08-04,55,21,1042.1,1049.0,3.8,1808.6
9271,2023-09-04,67,4,625.5,650.5,5.4,455.8
9272,2025-07-07,81,13,0.0,329.8,0.0,1080.2
9273,2024-06-10,13,7,104.9,352.4,2.6,467.1
9274,2025-07-07,73,10,291.0,964.2,3.2,327.5
9275,2025-07-07,93,6,1035.3,309.3,17.7,200.9
9276,2025-06-09,81,5,373.6,454.2,4.3,584.6
9277,2024-12-23,69,13,0.0,176.0,0.0,449.4
9278,2024-06-10,24,13,67.1,52.9,4.5,94.0
9279,2025-09-01,53,1,2178.4,1454.6,8.4,2287.2
9280,2024-02-19,6,4,903.8,858.1,4.6,827.0
9281,2024-01-22,108,21,473.4,308.9,12.5,269.8
9282,2025-10-27,80,3,437.4,207.2,9.5,265.9
9283,2025-12-22,118,1,911.0,799.9,12.0,487.5
9284,2025-10-27,104,9,383.4,296.0,14.0,147.9
9285,2024-02-19,59,1,131.4,1199.3,0.5,1196.9
9286,2025-03-17,64,11,0.0,755.5,0.0,1741.0
9287,2025-05-12,26,11,1.9,350.4,0.0,1492.4
9288,2024-11-25,29,15,813.2,510.7,18.2,188.4
9289,2023-02-20,100,20,220.3,89.6,9.9,76.7
9290,2024-07-08,2,9,3658.6,2010.4,21.8,850.3
9291,2023-07-10,25,5,0.0,116.9,0.0,160.2
9292,2024-12-23,102,11,594.9,431.6,9.5,246.0
9293,2025-01-20,39,3,472.1,214.7,6.7,210.0
9294,2023-06-12,80,3,163.7,207.2,3.6,396.2
9295,2024-06-10,17,14,214.8,502.5,4.7,535.6
9296,2024-04-15,90,12,0.0,36.6,0.0,41.6
9297,2025-07-07,113,6,706.4,284.2,10.9,309.2
9298,2023-08-07,119,15,0.0,113.0,0.0,347.3
9299,2025-07-07,52,5,21.0,76.8,0.8,144.8
9300,2024-10-28,6,22,0.0,1069.3,0.0,2942.7
9301,2023-04-17,52,5,1.4,76.8,0.1,96.3
9302,2023-07-10,67,22,1245.7,827.1,9.5,579.0
9303,2025-09-01,1,14,1940.3,1472.3,10.7,988.9
9304,2024-05-13,50,9,681.0,1127.9,3.7,913.8
9305,2024-03-18,113,6,92.0,284.2,1.4,256.7
9306,2025-08-04,22,20,121.4,538.9,0.9,1077.5
9307,2023-01-23,120,8,0.0,262.3,0.0,681.4
9308,2023-04-17,81,13,505.0,329.8,6.1,292.7
9309,2023-06-12,117,16,46.1,313.3,0.9,321.6
9310,2025-02-17,79,1,218.2,1101.9,1.6,752.1
9311,2025-12-22,6,7,0.0,555.5,0.0,1183.6
9312,2024-01-22,86,15,342.4,319.2,3.4,447.1
9313,2025-12-22,16,21,751.3,353.3,10.1,590.9
9314,2024-10-28,82,4,0.0,332.9,0.0,1009.3
9315,2023-01-23,9,2,730.4,413.2,8.3,499.6
9316,2024-11-25,81,20,779.7,989.5,4.3,865.9
9317,2023-10-02,53,9,1345.1,1160.7,6.5,1987.4
9318,2024-05-13,31,16,0.0,540.3,0.0,591.7
9319,2023-11-27,45,21,520.1,674.0,3.6,1604.3
9320,2025-09-01,43,22,655.3,302.8,8.2,473.7
9321,2025-11-24,113,10,0.0,373.6,0.0,1501.8
9322,2024-08-05,35,1,4978.6,1465.1,12.1,2876.2
9323,2023-09-04,34,6,216.8,284.3,4.8,233.8
9324,2023-04-17,84,4,277.7,367.9,4.5,297.6
9325,2023-08-07,87,12,741.1,1280.6,2.5,1100.8
9326,2024-01-22,50,15,0.0,694.9,0.0,1927.2
9327,2024-04-15,43,21,0.0,333.6,0.0,681.1
9328,2023-10-30,24,13,27.9,52.9,1.9,203.7
9329,2025-07-07,54,2,461.7,565.7,2.9,571.7
9330,2023-12-25,104,11,741.2,329.9,23.8,224.2
9331,2024-08-05,85,1,481.8,311.7,5.2,459.0
9332,2025-09-01,56,1,0.0,1470.0,0.0,1443.0
9333,2024-01-22,102,22,1229.7,828.9,19.6,188.1
9334,2025-08-04,105,2,3101.4,1354.8,23.5,863.9
9335,2024-08-05,1,13,770.1,670.2,8.7,341.2
9336,2024-03-18,5,11,1945.7,692.2,13.1,1052.1
9337,2023-10-30,102,6,135.1,505.6,3.2,347.6
9338,2025-10-27,9,9,808.3,289.9,11.8,327.1
9339,2024-08-05,99,9,0.0,583.3,0.0,2359.1
9340,2023-03-20,54,13,178.3,325.4,2.2,416.6
9341,2023-01-23,24,13,116.3,52.9,7.8,115.3
9342,2023-09-04,31,21,1022.8,740.0,7.6,731.0
9343,2024-01-22,32,2,213.2,114.9,7.2,121.3
9344,2025-05-12,53,20,1996.7,813.5,7.9,1083.7
9345,2025-07-07,25,18,14.8,133.2,0.5,119.0
9346,2025-06-09,81,11,1164.2,890.7,6.6,1076.4
9347,2025-09-01,56,5,547.1,1463.1,4.5,432.5
9348,2023-04-17,26,17,613.0,309.1,7.2,601.8
9349,2023-05-15,100,20,164.8,89.6,7.4,47.0
9350,2025-04-14,117,8,0.0,199.2,0.0,896.4
9351,2023-10-30,76,18,124.1,65.3,16.8,35.2
9352,2024-12-23,45,15,384.5,400.3,4.8,866.5
9353,2024-09-30,18,3,1379.9,698.6,7.4,1283.7
9354,2025-10-27,27,15,638.4,340.8,11.9,242.8
9355,2023-09-04,42,16,945.9,369.8,10.7,561.1
9356,2025-09-29,24,1,277.3,153.0,9.4,153.7
9357,2024-03-18,22,21,1856.0,484.3,14.5,558.9
9358,2023-06-12,17,16,0.0,316.5,0.0,415.4
9359,2025-06-09,11,1,3720.3,1354.0,12.3,1976.9
9360,2023-04-17,17,21,737.7,440.3,15.7,135.2
9361,2023-03-20,112,22,553.8,785.6,4.0,1023.2
9362,2025-08-04,110,6,783.0,224.4,38.1,115.2
9363,2024-05-13,114,10,955.7,300.5,12.1,152.6
9364,2025-09-01,22,9,184.2,632.9,1.7,1036.2
9365,2025-09-01,88,22,784.8,541.5,6.2,611.7
9366,2025-10-27,15,19,1288.7,1489.0,10.8,791.7
9367,2024-01-22,64,17,657.4,673.3,4.9,1034.2
9368,2025-01-20,29,19,2071.0,733.4,29.1,600.9
9369,2023-03-20,50,12,1619.5,1260.0,6.2,2134.1
9370,2024-06-10,65,11,0.0,1060.4,0.0,2483.2
9371,2025-01-20,81,11,0.0,890.7,0.0,4293.6
9372,2023-07-10,64,11,1139.9,755.5,7.4,786.6
9373,2024-05-13,54,10,1023.5,557.4,6.0,1554.5
9374,2025-10-27,58,7,862.9,907.6,3.4,1501.7
9375,2024-08-05,1,21,1272.4,1709.9,7.5,836.0
9376,2023-07-10,102,14,532.6,773.4,8.5,620.0
9377,2023-12-25,41,8,0.0,139.2,0.0,283.7
9378,2025-02-17,48,18,2180.9,1409.9,8.6,680.7
9379,2023-10-30,104,19,621.7,240.4,23.1,170.3
9380,2023-10-30,52,9,40.5,208.0,1.1,319.3
9381,2024-03-18,103,10,309.6,222.8,7.3,404.1
9382,2024-12-23,99,12,0.0,590.7,0.0,3328.7
9383,2025-07-07,20,2,0.0,1549.4,0.0,702.2
9384,2024-06-10,20,2,0.0,1549.4,0.0,1829.5
9385,2024-05-13,119,16,161.4,178.9,4.4,154.4
9386,2023-04-17,55,13,1817.6,558.6,12.5,442.4
9387,2024-05-13,42,2,0.0,695.6,0.0,1076.9
9388,2023-03-20,30,8,662.7,257.1,14.9,159.0
9389,2025-07-07,13,11,118.8,411.6,2.6,264.0
9390,2025-11-24,98,20,0.0,541.1,0.0,1009.9
9391,2023-02-20,81,4,0.0,812.9,0.0,1608.0
9392,2023-01-01,83,5,1789.4,480.5,11.9,910.9
9393,2024-07-08,84,4,1020.2,367.9,16.6,391.3
9394,2024-05-13,43,22,107.1,302.8,1.3,752.0
9395,2024-09-30,42,5,907.3,328.7,13.3,358.6
9396,2025-01-20,53,5,1687.9,550.8,12.0,281.6
9397,2023-01-01,59,18,3642.3,1016.9,17.0,759.3
9398,2024-09-02,67,1,263.7,619.4,2.3,379.0
9399,2023-12-25,89,1,941.8,772.4,5.7,1401.1
9400,2025-09-29,13,8,500.8,295.2,13.2,319.0
9401,2025-09-29,28,17,1455.5,2125.5,7.4,1162.9
9402,2024-12-23,20,21,227.5,2100.4,1.1,3553.9
9403,2024-08-05,38,18,0.0,228.1,0.0,756.5
9404,2024-09-02,99,1,217.1,676.8,1.5,647.1
9405,2025-02-17,23,9,773.5,727.0,4.2,1824.5
9406,2023-07-10,33,20,0.0,48.2,0.0,61.6
9407,2024-06-10,97,14,114.1,182.5,4.1,219.8
9408,2023-04-17,29,15,750.7,510.7,16.8,515.9
9409,2024-06-10,86,20,0.0,1014.6,0.0,1404.9
9410,2023-12-25,49,11,0.0,714.9,0.0,858.5
9411,2023-07-10,61,17,701.4,231.1,35.5,50.4
9412,2025-01-20,56,13,849.4,1088.1,7.5,616.5
9413,2025-11-24,2,20,0.0,1676.9,0.0,4993.1
9414,2025-04-14,40,8,2299.6,1169.4,20.6,485.5
9415,2023-06-12,64,16,1127.3,632.1,10.5,638.8
9416,2025-09-29,51,14,334.1,302.3,8.3,221.0
9417,2024-01-22,107,9,681.4,356.1,11.2,301.0
9418,2025-11-24,13,7,272.7,352.4,6.7,301.1
9419,2025-11-24,76,7,62.7,79.9,6.2,27.7
9420,2025-01-20,80,3,501.8,207.2,10.9,201.5
9421,2023-10-30,75,13,125.9,372.2,1.6,1096.4
9422,2024-09-30,111,7,2187.1,1032.1,8.0,1662.4
9423,2023-10-02,6,9,1085.2,728.8,6.7,1030.0
9424,2025-03-17,51,1,407.6,305.1,11.2,227.6
9425,2023-03-20,41,22,611.7,306.6,11.7,200.1
9426,2023-02-20,88,15,63.7,266.1,1.0,498.8
9427,2024-08-05,71,15,560.1,306.2,17.1,320.3
9428,2024-10-28,43,9,0.0,205.7,0.0,1075.6
9429,2023-04-17,2,22,2151.5,2547.9,10.0,1228.9
9430,2023-08-07,115,1,4216.9,1637.3,24.2,571.6
9431,2024-02-19,33,10,14.5,34.2,1.5,95.9
9432,2025-01-20,50,13,882.2,543.5,7.6,548.4
9433,2024-03-18,34,16,433.0,189.8,9.9,266.7
9434,2024-08-05,76,18,160.1,65.3,21.7,32.6
9435,2025-04-14,49,4,410.5,880.7,1.9,1625.7
9436,2023-11-27,10,8,46.8,284.0,0.9,263.4
9437,2024-11-25,42,18,877.9,594.8,9.1,788.2
9438,2023-10-02,1,1,319.9,1806.9,1.8,1239.1
9439,2023-12-25,76,12,91.2,97.3,8.6,64.3
9440,2023-01-23,27,14,768.7,593.7,7.5,431.6
9441,2023-09-04,32,3,33.9,47.1,2.4,53.7
9442,2023-09-04,32,1,173.6,137.0,6.2,157.5
9443,2025-07-07,52,9,158.2,208.0,4.3,247.1
9444,2024-10-28,33,13,39.5,18.6,8.3,30.8
9445,2023-07-10,85,6,535.1,312.7,8.2,265.0
9446,2023-10-02,71,15,290.3,306.2,8.9,143.8
9447,2023-02-20,117,14,143.5,434.4,2.1,504.7
9448,2023-10-02,71,7,0.0,579.4,0.0,405.5
9449,2025-02-17,14,1,293.1,208.3,10.8,85.8
9450,2025-12-22,56,5,1934.8,1463.1,15.8,897.4
9451,2025-05-12,74,22,2043.3,1630.4,4.8,2418.9
9452,2024-09-02,52,19,0.0,139.9,0.0,273.7
9453,2023-12-25,52,2,40.2,269.0,0.9,491.2
9454,2024-03-18,38,4,0.0,520.8,0.0,900.7
9455,2025-10-27,58,20,2858.5,1604.8,9.4,2142.2
9456,2025-06-09,76,4,84.8,129.4,8.1,83.9
9457,2024-11-25,100,2,0.0,120.3,0.0,281.0
9458,2023-09-04,61,7,159.6,135.8,8.4,56.9
9459,2025-09-29,74,2,4064.1,1363.0,9.3,2812.3
9460,2024-03-18,61,4,292.9,183.4,12.9,66.5
9461,2023-08-07,103,4,313.3,247.2,7.5,239.8
9462,2025-03-17,2,16,1205.2,1349.1,8.0,753.5
9463,2025-02-17,29,5,880.5,475.8,21.0,446.1
9464,2024-10-28,87,3,27.3,669.2,0.2,856.7
9465,2023-05-15,3,6,992.8,363.7,12.3,279.6
9466,2025-09-29,11,19,2255.9,1502.0,9.1,1833.7
9467,2025-09-01,76,7,84.1,79.9,8.3,74.2
9468,2024-04-15,53,19,2158.5,889.9,9.7,371.4
9469,2023-11-27,108,21,445.7,308.9,11.8,439.2
9470,2025-03-17,55,15,0.0,925.5,0.0,1679.4
9471,2024-08-05,33,19,40.4,34.3,5.3,20.1
9472,2023-11-27,37,22,1126.1,981.1,5.6,1155.2
9473,2023-08-07,61,17,215.1,231.1,10.9,266.9
9474,2024-02-19,37,22,2267.9,981.1,11.3,1126.1
9475,2023-03-20,81,5,0.0,454.2,0.0,1312.1
9476,2024-04-15,4,3,651.9,207.6,16.7,88.9
9477,2024-09-02,111,22,0.0,1560.6,0.0,2362.9
9478,2023-07-10,111,7,1950.1,1032.1,7.2,1899.3
9479,2024-04-15,36,6,267.3,320.6,10.1,67.2
9480,2024-04-15,74,10,1124.9,2326.5,2.9,3331.1
9481,2025-11-24,6,11,280.3,608.4,1.4,892.3
9482,2024-09-30,17,19,0.0,339.3,0.0,388.2
9483,2025-03-17,45,3,0.0,225.7,0.0,1216.6
9484,2024-09-02,51,1,344.3,305.1,9.5,273.3
9485,2024-03-18,35,9,111.2,1702.5,0.3,1744.4
9486,2023-10-02,59,18,737.0,1016.9,3.4,958.9
9487,2025-01-20,24,1,219.3,153.0,7.5,121.8
9488,2025-09-01,28,5,256.4,1116.1,2.5,485.6
9489,2023-05-15,37,2,1150.9,866.2,5.6,834.5
9490,2025-12-22,2,6,0.0,1255.7,0.0,6822.7
9491,2023-11-27,94,22,502.5,407.6,6.1,472.0
9492,2023-04-17,29,8,1602.2,595.2,27.5,364.7
9493,2024-06-10,39,8,257.1,517.8,2.8,586.5
9494,2025-09-01,52,15,12.0,137.3,0.5,157.2
9495,2024-08-05,23,9,1828.3,727.0,9.9,911.3
9496,2025-02-17,71,6,712.7,580.0,15.0,320.7
9497,2023-09-04,120,8,905.5,262.3,13.1,278.7
9498,2025-09-01,53,18,1257.3,835.5,6.4,1001.9
9499,2025-01-20,44,3,344.0,403.1,7.5,418.9
9500,2025-06-09,56,6,2902.1,1535.4,19.8,868.0
9501,2025-10-27,79,1,0.0,1101.9,0.0,1642.0
9502,2024-10-28,33,10,12.8,34.2,1.3,64.9
9503,2025-12-22,31,5,0.0,320.3,0.0,1089.8
9504,2025-01-20,57,16,30.0,622.9,0.4,441.1
9505,2023-01-01,28,5,1092.5,1116.1,10.8,449.5
9506,2025-12-22,10,12,784.2,330.8,11.9,331.1
9507,2024-07-08,100,4,55.7,87.1,2.7,108.3
9508,2024-10-28,112,16,649.2,416.6,6.5,646.4
9509,2023-05-15,6,9,1788.2,728.8,11.1,949.3
9510,2025-07-07,113,2,653.7,532.0,6.9,866.6
9511,2023-10-02,5,12,0.0,736.1,0.0,881.9
9512,2023-10-30,42,10,0.0,730.0,0.0,868.8
9513,2023-07-10,51,22,589.6,319.1,14.1,173.3
9514,2023-09-04,13,20,795.2,389.2,17.1,180.9
9515,2024-01-22,71,17,501.3,688.2,8.4,362.1
9516,2024-01-22,56,19,2981.4,1707.1,15.8,1482.0
9517,2025-09-01,78,9,0.0,682.1,0.0,1291.3
9518,2023-02-20,58,3,153.2,814.0,1.1,903.4
9519,2023-11-27,74,6,1205.1,857.7,4.2,1991.8
9520,2025-09-01,65,12,0.0,1115.7,0.0,766.1
9521,2025-10-27,88,17,1145.4,384.0,10.6,479.7
9522,2023-02-20,4,10,624.0,403.1,7.2,516.4
9523,2023-01-23,33,13,28.5,18.6,6.0,21.8
9524,2023-01-01,34,19,799.8,260.5,13.5,261.6
9525,2023-02-20,109,12,490.2,561.6,3.5,1092.3
9526,2024-05-13,55,8,955.1,1018.9,4.6,1285.9
9527,2023-05-15,58,1,1968.1,1659.8,6.7,1584.6
9528,2023-01-01,8,19,2595.2,1069.6,12.9,1242.5
9529,2025-12-22,21,6,0.0,270.2,0.0,1152.1
9530,2025-07-07,30,3,63.5,137.1,2.1,210.7
9531,2024-03-18,96,3,364.4,325.2,5.5,297.6
9532,2023-12-25,111,8,2520.6,1000.4,10.6,1083.3
9533,2025-09-01,37,22,2036.5,981.1,10.1,733.8
9534,2023-01-23,86,13,1278.6,501.9,13.1,350.2
9535,2025-12-22,69,14,0.0,421.4,0.0,740.2
9536,2023-08-07,64,17,1602.5,673.3,11.9,751.8
9537,2025-02-17,29,9,0.0,636.4,0.0,1087.4
9538,2024-12-23,67,3,480.6,284.2,8.0,421.8
9539,2023-12-25,104,12,590.6,282.7,17.8,218.3
9540,2023-03-20,33,21,46.0,44.9,5.2,29.0
9541,2024-09-02,28,13,1931.2,699.4,17.5,843.4
9542,2024-05-13,74,18,1779.7,975.1,5.9,1888.4
9543,2024-12-23,72,15,675.4,640.8,9.9,622.1
9544,2025-10-27,113,15,641.8,215.0,14.0,179.6
9545,2024-06-10,63,1,2175.6,1056.9,13.3,957.0
9546,2025-03-17,86,10,580.0,817.9,3.1,1017.2
9547,2025-04-14,58,5,0.0,718.7,0.0,1061.4
9548,2023-05-15,30,18,0.0,210.3,0.0,692.7
9549,2023-10-02,85,1,952.9,311.7,10.2,708.4
9550,2023-02-20,72,10,365.4,1523.0,2.6,1267.6
9551,2024-08-05,48,4,0.0,1351.2,0.0,2049.5
9552,2024-08-05,61,4,208.3,183.4,9.2,68.2
9553,2023-06-12,63,7,0.0,1557.6,0.0,754.8
9554,2025-06-09,93,15,173.7,148.8,3.9,256.7
9555,2024-10-28,94,11,476.9,278.3,6.3,298.5
9556,2024-08-05,50,12,382.5,1260.0,1.5,2093.4
9557,2024-07-08,74,18,2340.9,975.1,7.8,1187.2
9558,2023-11-27,44,3,360.8,403.1,7.9,341.1
9559,2023-08-07,6,14,0.0,709.1,0.0,1150.8
9560,2024-09-30,94,20,559.4,362.3,7.0,600.2
9561,2025-10-27,74,21,2089.4,1789.6,5.4,2746.9
9562,2023-12-25,16,12,620.0,371.0,8.1,381.8
9563,2023-10-30,80,3,239.0,207.2,5.2,484.6
9564,2024-04-15,16,20,142.7,438.7,1.6,572.4
9565,2024-12-23,119,12,562.1,260.6,11.0,457.1
9566,2024-07-08,4,7,1329.7,259.3,17.5,216.2
9567,2023-10-02,7,3,29.3,78.7,1.9,105.6
9568,2025-11-24,38,9,0.0,352.5,0.0,2083.1
9569,2025-06-09,76,16,223.0,86.2,30.9,26.8
9570,2025-02-17,67,10,1088.9,486.0,8.8,777.4
9571,2023-08-07,105,4,1215.4,988.5,10.9,589.9
9572,2025-05-12,118,1,616.6,799.9,8.1,265.9
9573,2023-09-04,58,20,3396.4,1604.8,11.2,1791.9
9574,2024-02-19,50,13,0.0,543.5,0.0,1472.1
9575,2023-05-15,81,13,779.0,329.8,9.4,392.4
9576,2024-05-13,22,5,0.0,287.1,0.0,403.7
9577,2025-02-17,112,15,719.0,392.9,9.1,468.5
9578,2023-04-17,31,21,1762.3,740.0,13.1,638.5
9579,2025-04-14,32,3,157.8,47.1,11.4,67.2
9580,2023-10-02,51,13,108.1,227.6,5.5,81.2
9581,2023-01-01,14,1,438.9,208.3,16.2,77.3
9582,2023-10-30,77,5,0.0,171.9,0.0,141.4
9583,2023-10-02,52,11,189.1,249.7,4.1,309.0
9584,2023-10-02,111,20,605.6,1396.0,2.0,3976.5
9585,2024-02-19,76,4,4.2,129.4,0.4,73.6
9586,2023-11-27,76,13,24.9,56.1,4.8,66.9
9587,2023-11-27,69,11,449.5,482.7,5.2,396.9
9588,2024-02-19,75,12,1407.7,690.7,8.0,890.6
9589,2025-10-27,35,13,17.1,766.3,0.1,1713.7
9590,2025-09-29,36,9,275.7,270.4,9.3,176.2
9591,2024-08-05,45,9,0.0,399.5,0.0,927.7
9592,2024-08-05,101,9,16.4,48.6,1.1,61.4
9593,2024-09-02,61,17,460.6,231.1,23.3,72.8
9594,2023-04-17,110,5,361.9,135.6,20.7,62.0
9595,2024-01-22,54,7,173.3,549.5,1.2,604.1
9596,2023-07-10,6,19,1024.9,707.7,6.6,1708.1
9597,2023-04-17,56,3,452.0,1209.0,4.1,713.1
9598,2024-12-23,47,20,518.2,1025.6,1.9,2885.4
9599,2023-07-10,113,10,0.0,373.6,0.0,1559.6
9600,2024-11-25,113,2,569.0,532.0,6.0,1243.4
9601,2024-10-28,81,22,248.4,723.9,1.4,1067.7
9602,2023-05-15,71,16,0.0,373.4,0.0,404.4
9603,2024-09-30,9,17,442.7,366.3,5.9,348.2
9604,2025-09-29,120,19,208.1,256.9,2.8,472.4
9605,2025-09-29,96,5,582.2,246.9,8.0,285.7
9606,2024-04-15,83,13,349.8,747.8,2.3,1103.0
9607,2024-09-30,104,12,689.9,282.7,20.8,185.0
9608,2024-06-10,67,1,658.3,619.4,5.6,591.1
9609,2023-12-25,95,12,2425.3,1800.7,11.6,3978.2
9610,2024-04-15,11,14,2394.5,1725.9,7.8,1270.1
9611,2024-09-02,82,7,572.0,330.4,7.9,295.1
9612,2025-09-01,58,5,760.6,718.7,5.3,611.6
9613,2023-03-20,18,5,843.8,696.6,4.6,439.1
9614,2023-07-10,40,8,907.6,1169.4,8.1,593.8
9615,2025-06-09,114,14,528.7,285.4,7.4,420.1
9616,2025-06-09,26,14,1098.0,346.3,10.3,337.7
9617,2024-03-18,88,17,819.1,384.0,7.6,806.1
9618,2023-03-20,39,12,176.2,773.3,1.4,643.5
9619,2025-05-12,107,19,514.2,307.3,8.5,394.3
9620,2023-10-02,72,2,2170.7,1419.0,16.7,1431.3
9621,2025-03-17,6,19,2048.3,707.7,13.2,879.7
9622,2025-06-09,21,5,241.3,191.8,6.2,148.1
9623,2023-05-15,19,19,157.6,292.9,2.9,207.3
9624,2025-09-01,112,18,347.8,562.2,3.5,508.4
9625,2023-09-04,104,17,111.3,253.7,4.0,253.1
9626,2024-03-18,43,18,0.0,271.1,0.0,647.1
9627,2024-01-22,18,4,3713.3,1910.1,11.3,1354.3
9628,2024-02-19,112,13,1161.9,363.7,18.2,208.9
9629,2024-01-22,15,12,3698.1,1692.1,20.2,422.5
9630,2025-09-29,103,1,313.4,201.6,7.8,133.4
9631,2023-05-15,39,10,488.1,782.6,3.4,767.6
9632,2024-06-10,19,6,460.0,250.3,10.7,159.5
9633,2023-01-01,10,10,56.1,247.5,0.9,637.2
9634,2025-09-29,105,20,2240.6,953.2,16.9,581.6
9635,2025-05-12,70,10,912.4,397.9,19.8,461.9
9636,2025-04-14,42,9,1222.7,629.4,11.5,705.9
9637,2024-05-13,2,8,0.0,976.7,0.0,1246.7
9638,2023-05-15,110,19,218.1,181.8,8.7,145.6
9639,2025-10-27,80,22,595.4,496.4,6.3,607.7
9640,2024-04-15,48,1,0.0,1089.4,0.0,3550.4
9641,2023-10-02,3,1,304.6,436.8,2.5,594.8
9642,2024-10-28,9,17,741.0,366.3,9.9,541.7
9643,2024-07-08,67,10,0.0,486.0,0.0,516.6
9644,2025-07-07,57,2,2311.3,1113.8,18.8,1003.4
9645,2024-10-28,64,5,1076.1,349.7,14.3,185.6
9646,2024-09-30,8,20,3608.1,877.3,14.5,864.1
9647,2025-07-07,37,10,1269.1,853.1,7.1,839.4
9648,2024-03-18,68,10,1842.1,1023.2,6.9,1648.2
9649,2023-12-25,31,8,0.0,533.9,0.0,1038.6
9650,2024-12-23,107,6,215.4,194.7,4.2,378.2
9651,2025-11-24,41,1,808.9,282.5,15.0,153.9
9652,2023-01-23,12,21,3915.4,1289.8,15.2,527.0
9653,2023-10-30,49,11,1960.0,714.9,8.6,1221.6
9654,2024-09-02,114,13,0.0,135.0,0.0,247.7
9655,2025-04-14,30,17,127.7,245.2,2.5,462.6
9656,2024-04-15,30,17,159.6,245.2,3.2,275.8
9657,2024-05-13,104,12,1020.2,282.7,30.7,281.6
9658,2023-01-23,111,20,1457.7,1396.0,4.8,1730.6
9659,2025-06-09,35,15,2505.7,1108.4,12.5,811.4
9660,2024-05-13,109,15,660.5,265.1,9.1,557.1
9661,2023-08-07,114,14,612.5,285.4,8.6,482.6
9662,2025-04-14,3,13,362.6,366.6,6.4,408.5
9663,2023-11-27,94,14,183.0,425.2,2.3,619.1
9664,2025-03-17,46,12,280.7,217.0,10.2,176.5
9665,2024-06-10,13,17,681.2,472.0,16.6,164.7
9666,2023-04-17,112,12,1081.8,592.0,7.7,505.1
9667,2023-04-17,18,2,3668.5,1168.3,9.0,2524.2
9668,2024-05-13,72,15,686.7,640.8,10.1,785.7
9669,2023-09-04,49,17,1123.4,824.9,6.0,1493.2
9670,2024-03-18,25,5,296.3,116.9,14.5,75.1
9671,2024-12-23,57,2,758.3,1113.8,6.2,1045.4
9672,2024-06-10,23,17,1001.3,1172.0,5.2,1461.2
9673,2023-04-17,18,3,0.0,698.6,0.0,1002.0
9674,2024-09-30,52,22,242.3,273.7,5.1,582.0
9675,2023-10-02,2,8,2161.6,976.7,12.4,1544.5
9676,2024-08-05,37,13,796.4,388.9,9.1,686.8
9677,2023-07-10,3,5,652.7,388.2,10.0,530.6
9678,2023-11-27,95,19,0.0,1190.0,0.0,855.5
9679,2023-09-04,88,14,424.6,673.4,3.7,587.7
9680,2024-09-30,65,12,3665.9,1115.7,20.1,1113.0
9681,2025-10-27,85,4,270.9,495.3,2.9,972.1
9682,2023-05-15,92,11,962.6,1000.0,5.5,502.3
9683,2025-11-24,80,3,142.4,207.2,3.1,237.0
9684,2024-11-25,114,17,0.0,244.1,0.0,859.6
9685,2025-04-14,12,14,2093.2,1407.4,7.9,1889.6
9686,2025-09-29,52,4,345.1,192.6,7.5,168.0
9687,2025-01-20,2,6,1669.9,1255.7,10.1,946.3
9688,2023-12-25,43,12,0.0,359.1,0.0,1021.1
9689,2024-11-25,57,15,947.5,488.0,17.5,222.2
9690,2024-10-28,119,8,76.9,157.7,2.0,177.0
9691,2023-11-27,82,4,607.1,332.9,6.6,561.9
9692,2024-11-25,104,19,0.0,240.4,0.0,127.1
9693,2025-10-27,50,10,663.4,864.1,2.7,1066.7
9694,2024-05-13,33,20,29.9,48.2,3.1,39.7
9695,2023-11-27,92,11,1872.1,1000.0,10.7,961.9
9696,2024-02-19,18,3,2012.4,698.6,10.7,209.7
9697,2023-10-02,42,18,1396.1,594.8,14.5,517.2
9698,2023-08-07,112,13,884.0,363.7,13.8,448.6
9699,2025-03-17,74,18,2032.1,975.1,6.7,1671.4
9700,2024-03-18,53,8,1759.9,821.2,9.3,983.6
9701,2024-09-02,42,16,0.0,369.8,0.0,983.3
9702,2023-10-02,32,12,0.0,134.1,0.0,826.4
9703,2023-02-20,116,11,1567.7,1144.2,14.8,439.5
9704,2024-12-23,13,20,811.7,389.2,17.5,598.6
9705,2023-05-15,90,12,11.7,36.6,1.9,40.7
9706,2025-06-09,52,7,146.1,241.7,3.6,188.2
9707,2025-09-29,52,7,502.5,241.7,12.5,153.9
9708,2024-01-22,90,12,8.1,36.6,1.3,41.0
9709,2024-03-18,23,22,763.3,1490.3,3.4,2409.9
9710,2025-08-04,54,17,340.4,707.3,2.5,445.5
9711,2024-03-18,66,15,44.2,94.3,2.6,96.9
9712,2023-07-10,88,1,489.3,412.1,4.3,429.8
9713,2025-04-14,105,13,499.5,458.6,8.5,381.4
9714,2023-05-15,119,12,0.0,260.6,0.0,688.8
9715,2024-06-10,84,4,832.6,367.9,13.6,497.4
9716,2023-02-20,117,3,206.6,119.3,5.9,193.6
9717,2023-07-10,19,4,377.5,209.1,6.0,366.2
9718,2024-06-10,43,20,539.3,294.4,7.0,794.4
9719,2024-07-08,50,15,934.1,694.9,7.4,1046.4
9720,2023-08-07,25,5,132.9,116.9,6.5,126.0
9721,2023-10-02,15,22,0.0,1475.2,0.0,2389.0
9722,2025-06-09,39,8,565.8,517.8,6.2,511.2
9723,2024-11-25,40,5,1077.0,700.9,15.0,499.3
9724,2025-08-04,76,18,22.7,65.3,3.1,54.8
9725,2025-06-09,51,1,390.3,305.1,10.7,235.9
9726,2025-09-29,31,15,719.2,242.5,9.7,318.6
9727,2024-09-02,87,11,0.0,971.1,0.0,1223.2
9728,2024-12-23,29,15,564.6,510.7,12.6,193.3
9729,2024-07-08,53,14,1127.7,1347.8,4.2,484.9
9730,2025-06-09,22,9,412.1,632.9,3.7,508.5
9731,2025-04-14,87,22,2707.8,941.8,8.7,1596.9
9732,2023-10-02,19,2,28.9,347.5,0.4,546.4
9733,2025-04-14,63,4,1163.9,1340.9,7.1,684.1
9734,2025-04-14,45,20,317.3,587.0,2.2,573.9
9735,2023-07-10,89,19,1339.0,690.0,9.9,1021.3
9736,2025-12-22,43,1,140.0,346.8,1.8,550.6
9737,2024-06-10,2,16,1475.0,1349.1,9.8,644.1
9738,2024-11-25,35,15,0.0,1108.4,0.0,2266.3
9739,2023-06-12,41,20,385.6,199.2,6.7,259.4
9740,2025-05-12,74,9,2197.3,1692.3,6.9,1108.2
9741,2025-02-17,110,7,445.8,206.1,16.0,60.3
9742,2023-12-25,38,18,0.0,228.1,0.0,680.4
9743,2025-06-09,64,17,1660.8,673.3,12.3,696.2
9744,2024-09-30,31,4,1223.8,459.4,8.9,756.2
9745,2024-11-25,67,2,1720.0,762.4,13.2,309.8
9746,2023-02-20,48,4,1503.2,1351.2,4.4,1654.5
9747,2025-01-20,92,11,1727.0,1000.0,9.9,647.3
9748,2023-05-15,76,9,277.5,109.4,31.4,36.1
9749,2025-04-14,120,22,1046.9,460.1,11.0,455.1
9750,2025-09-29,20,12,1384.5,2053.9,6.4,2381.5
9751,2023-07-10,53,8,1602.5,821.2,8.5,600.9
9752,2025-10-27,78,17,0.0,696.7,0.0,1277.1
9753,2023-04-17,73,20,2388.7,986.3,27.7,450.6
9754,2025-04-14,109,17,77.0,573.9,0.7,597.9
9755,2023-10-30,5,14,871.8,635.6,5.8,747.8
9756,2025-03-17,36,12,1056.0,418.3,29.8,234.2
9757,2025-12-22,69,18,145.4,313.7,2.5,392.1
9758,2023-02-20,23,3,398.5,445.3,3.4,641.1
9759,2023-12-25,82,4,541.5,332.9,5.9,774.0
9760,2025-09-01,7,22,0.0,121.7,0.0,356.9
9761,2025-06-09,16,7,241.1,407.6,3.6,713.5
9762,2023-11-27,62,2,1685.8,684.2,10.8,899.3
9763,2024-08-05,57,16,1235.1,622.9,17.0,863.9
9764,2023-10-30,12,14,2446.6,1407.4,9.2,1973.5
9765,2024-07-08,1,14,1281.1,1472.3,7.1,1022.8
9766,2023-07-10,16,11,959.5,388.3,13.2,516.1
9767,2025-11-24,40,20,2082.1,1523.1,13.8,2789.0
9768,2023-08-07,37,8,1338.8,582.6,10.3,294.3
9769,2024-03-18,54,16,0.0,350.3,0.0,1497.8
9770,2024-11-25,61,12,658.9,246.1,29.2,87.4
9771,2024-03-18,40,12,1508.7,1553.8,9.8,1527.0
9772,2024-03-18,116,3,25.0,463.0,0.4,304.9
9773,2023-01-01,108,13,254.2,134.0,14.2,49.9
9774,2023-03-20,78,3,725.0,517.1,8.7,457.0
9775,2025-02-17,118,17,766.4,595.7,11.7,252.1
9776,2025-11-24,36,19,120.8,243.9,3.8,301.8
9777,2023-06-12,97,2,584.4,302.8,19.7,118.1
9778,2025-03-17,19,16,482.7,193.4,10.7,224.7
9779,2023-12-25,112,9,1234.6,562.7,9.8,1069.2
9780,2025-10-27,90,17,57.8,27.8,11.4,11.5
9781,2023-01-23,108,3,483.6,211.8,25.5,156.8
9782,2025-06-09,79,1,2919.6,1101.9,21.8,760.4
9783,2023-04-17,54,4,53.5,624.3,0.3,1192.5
9784,2025-11-24,41,13,306.4,157.4,11.6,100.8
9785,2024-06-10,111,22,1761.4,1560.6,5.3,2120.8
9786,2024-09-02,99,9,585.5,583.3,4.4,923.8
9787,2023-11-27,11,12,1682.0,1526.5,4.9,1840.2
9788,2025-04-14,102,10,836.8,505.5,13.4,267.2
9789,2025-01-20,72,10,3735.8,1523.0,26.8,1215.5
9790,2024-11-25,118,6,577.8,550.0,11.0,239.2
9791,2025-07-07,99,21,636.5,780.9,4.7,578.8
9792,2023-12-25,27,19,1023.2,436.0,12.9,251.0
9793,2024-12-23,33,16,71.6,28.5,10.4,23.0
9794,2023-09-04,87,8,2981.7,975.6,13.4,1001.9
9795,2023-02-20,87,12,1195.8,1280.6,4.0,777.1
9796,2025-08-04,109,15,269.7,265.1,3.7,302.1
9797,2025-09-29,82,3,0.0,177.7,0.0,439.7
9798,2025-01-20,99,21,724.6,780.9,5.4,510.9
9799,2023-03-20,40,2,1587.0,1732.1,10.4,486.5
9800,2023-09-04,20,9,3566.5,1276.9,20.8,1489.3
9801,2025-09-01,66,18,192.3,135.4,7.4,76.3
9802,2024-09-30,41,8,0.0,139.2,0.0,416.9
9803,2024-06-10,53,5,305.0,550.8,2.2,332.3
9804,2024-12-23,43,21,0.0,333.6,0.0,781.5
9805,2024-07-08,57,7,0.0,1060.7,0.0,690.6
9806,2025-01-20,44,1,1714.8,777.2,21.1,423.8
9807,2024-09-30,76,3,34.4,62.2,6.3,32.7
9808,2025-03-17,42,4,337.5,709.3,2.5,822.3
9809,2025-06-09,10,13,155.7,173.3,4.9,286.5
9810,2023-08-07,55,21,1989.6,1049.0,7.3,1485.8
9811,2024-03-18,98,13,0.0,216.2,0.0,357.3
9812,2023-05-15,48,1,0.0,1089.4,0.0,3771.3
9813,2025-05-12,108,15,287.3,206.8,13.7,209.3
9814,2023-03-20,18,3,633.2,698.6,3.4,1456.1
9815,2023-01-23,103,10,324.7,222.8,7.7,398.0
9816,2023-10-02,36,12,0.0,418.3,0.0,151.3
9817,2025-03-17,17,12,460.4,496.5,9.5,131.5
9818,2023-02-20,23,14,2134.4,1006.0,10.0,1332.4
9819,2025-01-20,115,1,0.0,1637.3,0.0,1888.0
9820,2024-05-13,106,20,446.0,394.7,5.7,598.2
9821,2025-05-12,17,6,549.5,281.8,16.4,198.5
9822,2025-04-14,97,14,0.0,182.5,0.0,174.3
9823,2023-12-25,42,8,0.0,544.7,0.0,1564.4
9824,2025-11-24,21,14,691.5,421.2,8.3,570.0
9825,2025-04-14,74,4,3756.9,1932.6,9.4,2125.3
9826,2023-02-20,80,18,0.0,413.2,0.0,653.2
9827,2025-04-14,117,14,726.9,434.4,10.7,152.7
9828,2023-10-30,112,19,891.4,595.7,7.2,868.6
9829,2024-01-22,53,20,2842.5,813.5,11.2,902.1
9830,2025-03-17,66,16,75.7,92.0,3.4,259.4
9831,2025-09-29,72,22,3226.9,1068.9,22.4,360.1
9832,2023-07-10,81,11,651.3,890.7,3.7,1487.1
9833,2024-09-02,9,13,147.4,183.0,3.4,550.3
9834,2025-07-07,75,12,351.1,690.7,2.0,1459.5
9835,2023-03-20,52,22,762.6,273.7,16.0,188.6
9836,2025-02-17,8,8,1305.4,1123.0,7.5,434.8
9837,2025-09-29,41,1,664.6,282.5,12.4,298.2
9838,2024-10-28,10,6,593.2,272.0,13.0,90.2
9839,2023-04-17,64,10,103.8,690.5,0.7,949.2
9840,2023-03-20,40,6,1901.2,951.5,19.4,328.7
9841,2024-12-23,116,20,0.0,829.5,0.0,1525.6
9842,2024-05-13,22,21,689.7,484.3,5.4,1173.6
9843,2023-10-02,75,13,277.2,372.2,3.6,940.3
9844,2023-03-20,7,3,112.8,78.7,7.4,71.7
9845,2025-08-04,26,11,743.9,350.4,7.5,736.4
9846,2025-04-14,68,10,1849.1,1023.2,6.9,2222.6
9847,2024-11-25,4,19,990.3,301.3,15.9,261.7
9848,2023-01-01,86,14,2351.1,919.5,11.4,743.1
9849,2023-09-04,43,21,1127.0,333.6,14.4,258.6
9850,2025-12-22,92,11,0.0,1000.0,0.0,2863.3
9851,2025-04-14,56,13,1080.7,1088.1,9.6,323.5
9852,2025-04-14,111,7,0.0,1032.1,0.0,1809.8
9853,2023-04-17,34,11,222.1,349.7,3.6,352.0
9854,2024-05-13,91,9,569.8,527.9,7.2,510.0
9855,2025-08-04,108,7,839.9,387.9,24.6,169.0
9856,2025-05-12,37,15,0.0,420.1,0.0,545.7
9857,2025-04-14,35,16,2063.5,1269.1,7.6,2391.9
9858,2023-01-01,106,17,657.3,415.2,10.1,568.6
9859,2025-01-20,106,17,810.4,415.2,12.4,412.1
9860,2025-11-24,22,20,651.4,538.9,5.0,1098.9
9861,2025-07-07,50,9,1414.3,1127.9,7.6,1884.3
9862,2025-04-14,38,19,896.8,333.6,10.2,258.7
9863,2025-11-24,9,16,483.0,331.5,8.1,299.1
9864,2023-01-01,9,7,19.5,431.3,0.3,1106.9
9865,2023-01-23,49,5,781.0,445.2,7.1,620.7
9866,2025-09-29,32,14,171.3,149.2,6.3,230.6
9867,2023-12-25,32,14,220.2,149.2,8.1,130.4
9868,2025-08-04,115,1,982.7,1637.3,5.7,1277.4
9869,2025-06-09,109,17,194.1,573.9,1.7,420.2
9870,2024-12-23,48,8,683.2,1240.6,2.9,821.8
9871,2023-11-27,32,17,0.0,80.0,0.0,213.9
9872,2023-04-17,114,17,482.0,244.1,7.0,515.4
9873,2025-04-14,120,6,0.0,270.0,0.0,499.9
9874,2025-05-12,51,7,599.8,365.8,16.1,175.6
9875,2024-10-28,49,5,571.0,445.2,5.2,804.1
9876,2024-01-22,95,11,2990.4,1530.3,14.6,1712.6
9877,2023-06-12,19,19,61.8,292.9,1.1,266.6
9878,2023-12-25,21,15,0.0,227.9,0.0,262.9
9879,2023-07-10,108,21,144.7,308.9,3.8,136.9
9880,2024-09-02,108,21,292.4,308.9,7.7,223.5
9881,2023-01-23,116,18,1663.0,618.5,20.3,330.8
9882,2024-07-08,106,19,543.4,374.0,8.6,416.8
9883,2025-12-22,35,13,0.0,766.3,0.0,2010.1
9884,2024-05-13,98,10,0.0,360.3,0.0,1110.5
9885,2023-05-15,30,9,265.7,181.7,5.1,296.3
9886,2025-01-20,55,15,1800.4,925.5,12.5,709.1
9887,2024-08-05,51,22,526.7,319.1,12.6,188.5
9888,2023-11-27,84,17,929.8,238.8,14.7,275.0
9889,2025-07-07,34,7,257.3,308.4,4.5,554.7
9890,2025-06-09,112,15,653.1,392.9,8.3,416.3
9891,2023-02-20,66,12,146.5,162.4,4.4,199.5
9892,2024-04-15,118,15,703.6,433.3,18.2,201.6
9893,2023-10-02,30,18,104.8,210.3,2.4,198.2
9894,2023-01-01,32,17,200.6,80.0,7.6,152.7
9895,2023-09-04,29,19,1367.7,733.4,19.2,502.0
9896,2024-11-25,99,19,961.5,648.5,8.1,739.0
9897,2025-11-24,42,14,325.6,590.3,2.6,703.7
9898,2024-01-22,72,3,0.0,644.7,0.0,627.0
9899,2025-05-12,64,16,601.8,632.1,5.6,905.3
9900,2025-04-14,37,8,541.7,582.6,4.2,581.3
9901,2025-04-14,52,2,109.8,269.0,2.4,237.2
9902,2023-11-27,44,2,1389.6,707.7,15.2,534.2
9903,2024-04-15,110,6,221.7,224.4,10.8,123.3
9904,2023-10-02,16,22,1173.7,497.8,14.7,532.0
9905,2024-02-19,34,18,342.3,250.9,7.1,471.5
9906,2023-04-17,38,19,0.0,333.6,0.0,470.3
9907,2024-08-05,111,22,3464.8,1560.6,10.5,1420.5
9908,2023-10-30,77,21,0.0,329.0,0.0,623.1
9909,2023-01-01,41,22,618.5,306.6,11.9,214.2
9910,2024-03-18,25,4,117.9,127.9,3.0,131.7
9911,2023-05-15,111,10,1970.8,1092.1,6.0,3148.7
9912,2023-02-20,108,15,230.8,206.8,11.0,61.4
9913,2025-11-24,104,10,723.3,353.2,22.5,215.3
9914,2025-12-22,3,1,325.8,436.8,2.7,981.4
9915,2023-06-12,53,20,490.0,813.5,1.9,1042.6
9916,2024-05-13,6,9,99.3,728.8,0.6,1134.1
9917,2025-04-14,116,14,788.4,858.2,7.4,568.7
9918,2023-01-01,28,3,1883.4,731.9,19.5,420.4
9919,2025-12-22,65,19,1831.8,1189.3,15.2,441.5
9920,2023-08-07,21,6,302.6,270.2,5.1,321.0
9921,2024-12-23,111,15,1397.8,690.0,8.0,1030.9
9922,2023-10-30,12,16,464.4,1131.1,2.4,1138.2
9923,2023-11-27,32,2,0.0,114.9,0.0,280.6
9924,2024-07-08,71,22,1194.5,490.0,16.1,212.8
9925,2023-04-17,26,7,0.0,427.3,0.0,624.9
9926,2023-04-17,102,10,264.6,505.5,4.2,312.1
9927,2023-10-30,9,17,372.5,366.3,5.0,249.3
9928,2025-11-24,81,4,1021.0,812.9,5.8,1062.9
9929,2025-10-27,99,12,0.0,590.7,0.0,2421.7
9930,2025-12-22,30,17,176.1,245.2,3.5,295.5
9931,2023-04-17,40,5,819.1,700.9,11.4,329.1
9932,2025-06-09,48,22,3481.0,1773.3,10.4,1343.7
9933,2023-01-23,93,6,550.9,309.3,9.4,624.9
9934,2024-09-02,77,5,311.8,171.9,11.9,116.5
9935,2023-03-20,37,3,618.3,423.3,6.4,274.1
9936,2025-11-24,51,14,105.6,302.3,2.6,320.2
9937,2023-10-02,85,4,0.0,495.3,0.0,1598.1
9938,2024-06-10,15,10,2227.5,1178.6,13.6,826.5
9939,2023-05-15,69,11,376.1,482.7,4.4,997.0
9940,2024-12-23,61,5,54.8,84.0,5.4,56.4
9941,2024-09-02,16,21,835.0,353.3,11.3,315.3
9942,2024-01-22,111,15,0.0,690.0,0.0,2916.7
9943,2025-02-17,2,7,1740.2,2044.2,8.4,1044.1
9944,2024-01-22,1,3,2068.2,651.0,22.5,168.8
9945,2023-04-17,107,19,372.6,307.3,6.1,420.4
9946,2023-12-25,50,20,4275.0,1395.6,17.3,1478.9
9947,2024-11-25,76,13,74.5,56.1,14.4,34.3
9948,2025-09-01,29,19,1157.8,733.4,16.3,657.7
9949,2023-09-04,112,16,0.0,416.6,0.0,968.1
9950,2024-04-15,39,4,0.0,711.6,0.0,1286.0
9951,2025-07-07,14,6,305.1,223.6,15.7,68.0
9952,2024-09-30,87,3,970.2,669.2,7.1,965.5
9953,2025-07-07,106,19,501.9,374.0,8.0,552.5
9954,2024-10-28,19,3,0.0,113.3,0.0,276.5
9955,2023-10-02,116,17,0.0,654.8,0.0,1133.2
9956,2023-12-25,37,19,963.3,664.7,6.0,1398.9
9957,2023-08-07,79,9,1184.2,1022.0,10.0,930.6
9958,2025-09-01,55,15,852.8,925.5,5.9,884.4
9959,2024-11-25,111,15,914.4,690.0,5.2,488.8
9960,2023-08-07,104,13,82.4,141.2,5.1,141.9
9961,2023-10-02,10,12,307.4,330.8,4.7,523.3
9962,2025-10-27,5,14,1896.5,635.6,12.5,465.2
9963,2024-09-30,76,7,0.0,79.9,0.0,35.1
9964,2023-06-12,57,16,2025.0,622.9,27.9,254.6
9965,2025-03-17,83,9,0.0,966.3,0.0,3710.4
9966,2023-01-01,72,3,1171.0,644.7,17.9,332.5
9967,2025-09-29,114,19,854.3,196.6,12.7,201.8
9968,2025-06-09,74,22,1337.6,1630.4,3.1,3369.0
9969,2023-03-20,75,10,0.0,496.1,0.0,2531.6
9970,2023-02-20,40,2,1593.0,1732.1,10.5,624.8
9971,2023-08-07,104,8,163.9,225.9,7.2,252.5
9972,2023-01-23,23,2,2819.1,855.4,12.0,1020.6
9973,2025-11-24,84,12,157.8,304.8,2.2,469.1
9974,2024-10-28,43,12,192.6,359.1,2.3,973.6
9975,2023-12-25,95,19,388.7,1190.0,2.5,1609.4
9976,2023-05-15,10,3,125.1,197.3,4.0,254.4
9977,2025-11-24,2,16,395.9,1349.1,2.6,1506.2
9978,2023-08-07,12,14,3729.0,1407.4,14.0,1536.5
9979,2024-09-30,9,18,125.0,364.8,2.0,1023.9
9980,2024-12-23,80,4,118.2,423.6,1.2,436.7
9981,2023-11-27,82,9,0.0,289.0,0.0,563.2
9982,2024-05-13,43,9,512.4,205.7,8.1,455.3
9983,2023-01-01,31,15,1105.1,242.5,14.9,241.3
9984,2023-05-15,53,19,0.0,889.9,0.0,1559.2
9985,2024-01-22,102,9,1214.2,564.5,24.2,387.3
9986,2024-02-19,24,4,215.4,122.2,7.1,70.1
9987,2024-12-23,33,13,70.4,18.6,14.7,25.3
9988,2025-08-04,2,16,1385.2,1349.1,9.2,807.6
9989,2023-09-04,10,9,0.0,280.7,0.0,789.9
9990,2024-04-15,15,1,2093.3,1624.2,13.1,707.8
9991,2024-05-13,105,4,1808.9,988.5,16.2,863.6
9992,2023-12-25,15,19,1403.9,1489.0,11.8,1572.1
9993,2025-12-22,2,8,0.0,976.7,0.0,883.0
9994,2025-09-01,97,14,346.8,182.5,12.5,115.2
9995,2025-11-24,13,11,561.4,411.6,12.4,299.4
9996,2024-07-08,44,3,320.4,403.1,7.0,442.5
9997,2025-06-09,110,7,0.0,206.1,0.0,138.9
9998,2024-12-23,58,16,616.3,985.6,3.0,1674.2
9999,2023-12-25,106,1,913.6,285.9,12.0,436.4
10000,2025-09-29,45,5,503.0,396.7,6.6,364.0
10001,2023-02-20,54,12,1387.7,644.6,8.3,528.0
10002,2024-11-25,18,19,0.0,994.5,0.0,3062.0
10003,2025-05-12,76,3,34.2,62.2,6.3,39.2
10004,2023-01-23,18,5,1004.6,696.6,5.5,2627.5
10005,2024-10-28,29,5,648.8,475.8,15.4,427.0
10006,2025-08-04,35,19,943.2,1516.6,2.7,3672.9
10007,2024-09-30,110,11,0.0,374.7,0.0,199.4
10008,2023-03-20,80,4,461.7,423.6,4.8,462.9
10009,2023-04-17,44,8,743.8,659.5,10.7,218.9
10010,2025-11-24,40,5,0.0,700.9,0.0,2089.5
10011,2025-08-04,21,14,661.3,421.2,7.9,513.5
10012,2024-10-28,97,2,443.2,302.8,14.9,311.9
10013,2025-06-09,104,18,638.6,207.5,25.7,109.5
10014,2023-04-17,66,18,0.0,135.4,0.0,253.0
10015,2023-05-15,74,10,1441.4,2326.5,3.7,1184.6
10016,2023-11-27,87,12,1736.2,1280.6,5.9,1524.9
10017,2023-10-30,58,22,2311.5,1225.6,7.7,2051.5
10018,2024-03-18,47,22,1217.9,1657.6,4.0,1817.2
10019,2025-08-04,39,10,946.7,782.6,6.6,622.9
10020,2023-10-02,114,2,421.0,459.6,5.6,684.2
10021,2025-02-17,9,17,184.9,366.3,2.5,280.5
10022,2023-10-02,47,20,1346.7,1025.6,5.0,1330.4
10023,2024-05-13,93,6,368.0,309.3,6.3,313.7
10024,2025-04-14,37,13,0.0,388.9,0.0,735.7
10025,2024-08-05,4,19,337.3,301.3,5.4,350.8
10026,2024-05-13,87,22,0.0,941.8,0.0,2569.3
10027,2025-10-27,30,13,7.6,154.4,0.3,171.3
10028,2023-01-23,112,15,194.4,392.9,2.5,536.9
10029,2025-09-29,3,6,445.8,363.7,5.5,676.2
10030,2024-12-23,23,2,709.4,855.4,3.0,1133.4
10031,2024-12-23,87,11,0.0,971.1,0.0,2783.0
10032,2023-01-01,45,20,1897.7,587.0,13.0,745.4
10033,2024-04-15,86,10,1991.3,817.9,10.7,1226.8
10034,2023-07-10,112,16,379.4,416.6,3.8,562.2
10035,2024-08-05,88,14,569.1,673.4,4.9,360.4
10036,2025-03-17,49,11,2183.7,714.9,9.6,1005.1
10037,2025-03-17,104,10,242.5,353.2,7.5,244.2
10038,2025-10-27,102,14,308.4,773.4,4.9,420.9
10039,2023-10-02,38,7,536.4,306.2,6.2,749.3
10040,2023-02-20,54,16,423.1,350.3,3.9,770.8
10041,2025-04-14,111,21,253.3,1672.3,0.9,1475.0
10042,2024-07-08,12,20,841.5,1476.3,2.9,3549.4
10043,2023-07-10,15,19,2577.3,1489.0,21.6,661.4
10044,2024-08-05,45,4,0.0,506.2,0.0,1162.9
10045,2023-01-01,33,16,39.7,28.5,5.8,34.8
10046,2023-08-07,16,20,678.1,438.7,7.7,573.7
10047,2023-12-25,53,14,0.0,1347.8,0.0,4335.8
10048,2023-07-10,1,13,1700.1,670.2,19.1,299.3
10049,2023-01-23,48,5,523.3,879.0,3.1,1498.8
10050,2023-06-12,74,2,2837.1,1363.0,6.5,3343.9
10051,2024-04-15,9,17,61.3,366.3,0.8,342.2
10052,2025-07-07,91,9,1870.4,527.9,23.5,359.6
10053,2024-03-18,76,18,64.9,65.3,8.8,44.4
10054,2024-06-10,66,3,10.3,58.9,0.6,95.2
10055,2024-08-05,107,15,128.1,228.6,3.2,446.5
10056,2024-10-28,34,6,475.0,284.3,10.5,132.9
10057,2023-09-04,6,2,331.5,643.6,1.8,1273.7
10058,2024-06-10,17,1,372.7,420.1,8.4,173.4
10059,2025-03-17,118,19,573.5,519.9,9.9,265.3
10060,2023-09-04,84,17,656.5,238.8,10.4,423.3
10061,2023-01-23,25,5,296.7,116.9,14.5,126.0
10062,2024-02-19,29,5,244.9,475.8,5.8,182.9
10063,2024-06-10,1,20,2431.3,1975.1,12.5,736.3
10064,2024-08-05,113,4,374.3,276.9,4.3,749.1
10065,2024-09-02,34,4,768.8,371.8,12.0,438.2
10066,2023-05-15,30,19,371.9,187.4,8.0,155.6
10067,2025-06-09,94,20,468.0,362.3,5.9,576.4
10068,2024-03-18,40,5,754.1,700.9,10.5,394.0
10069,2024-04-15,22,21,1590.5,484.3,12.4,572.8
10070,2025-12-22,56,4,1679.3,1786.3,7.2,1994.1
10071,2024-01-22,51,7,4.7,365.8,0.1,172.6
10072,2025-09-29,67,10,1545.0,486.0,12.5,360.2
10073,2023-07-10,74,6,0.0,857.7,0.0,2575.6
10074,2025-01-20,38,18,0.0,228.1,0.0,941.4
10075,2023-04-17,116,3,1353.7,463.0,23.9,200.8
10076,2023-02-20,67,3,143.5,284.2,2.4,324.9
10077,2024-02-19,13,15,22.0,263.7,0.9,262.1
10078,2024-02-19,54,7,176.2,549.5,1.2,523.6
10079,2024-05-13,17,6,706.2,281.8,21.0,154.8
10080,2024-04-15,102,6,236.5,505.6,5.6,351.7
10081,2023-09-04,18,19,1698.6,994.5,5.5,1501.8
10082,2024-03-18,9,5,209.9,241.1,4.7,542.8
10083,2023-03-20,38,18,656.1,228.1,8.6,301.9
10084,2025-09-01,111,20,1615.9,1396.0,5.3,1703.0
10085,2023-03-20,38,7,702.9,306.2,8.1,532.6
10086,2024-08-05,116,13,900.7,322.9,17.0,338.3
10087,2024-02-19,98,12,658.4,368.3,6.3,207.7
10088,2023-10-02,17,14,597.5,502.5,13.1,648.6
10089,2024-09-30,104,8,106.4,225.9,4.7,84.8
10090,2025-10-27,43,1,199.9,346.8,2.6,932.5
10091,2024-10-28,72,5,505.9,533.9,7.1,401.1
10092,2025-12-22,107,22,431.4,360.1,5.2,337.6
10093,2023-12-25,59,18,0.0,1016.9,0.0,2061.3
10094,2023-09-04,64,5,0.0,349.7,0.0,1527.0
10095,2024-08-05,17,21,0.0,440.3,0.0,505.2
10096,2025-09-01,95,19,0.0,1190.0,0.0,2429.2
10097,2023-07-10,1,21,546.9,1709.9,3.2,1151.3
10098,2024-07-08,76,4,56.2,129.4,5.4,68.8
10099,2025-02-17,48,22,2658.5,1773.3,8.0,3757.2
10100,2025-03-17,113,4,161.7,276.9,1.9,426.3
10101,2024-09-02,63,19,159.8,875.5,1.2,991.3
10102,2023-07-10,10,9,470.0,280.7,8.8,322.9
10103,2025-12-22,4,21,282.8,303.6,3.5,291.3
10104,2025-05-12,9,2,431.3,413.2,4.9,654.9
10105,2024-03-18,119,8,195.7,157.7,5.0,173.2
10106,2025-10-27,6,4,1074.3,858.1,5.5,913.5
10107,2025-02-17,80,18,755.1,413.2,11.1,432.8
10108,2025-12-22,21,5,0.0,191.8,0.0,350.0
10109,2024-04-15,41,16,197.4,193.7,5.0,372.1
10110,2023-09-04,54,6,989.3,523.7,9.0,388.3
10111,2025-06-09,84,12,0.0,304.8,0.0,845.0
10112,2023-10-02,24,12,106.4,174.5,3.1,307.8
10113,2025-08-04,18,19,1972.7,994.5,6.4,1653.3
10114,2025-05-12,80,6,0.0,333.1,0.0,570.1
10115,2024-12-23,86,7,278.3,706.6,1.7,1250.9
10116,2025-09-29,98,10,0.0,360.3,0.0,1093.8
10117,2023-11-27,84,12,338.2,304.8,4.6,166.2
10118,2025-03-17,117,14,84.7,434.4,1.3,714.8
10119,2025-09-29,37,19,0.0,664.7,0.0,1147.9
10120,2023-10-02,106,19,949.2,374.0,15.1,211.6
10121,2023-10-30,7,17,196.4,125.9,7.7,199.7
10122,2023-04-17,56,18,3726.3,1360.0,22.0,688.6
10123,2024-12-23,56,4,0.0,1786.3,0.0,1953.9
10124,2024-07-08,62,9,1113.3,547.8,8.5,876.6
10125,2024-10-28,76,6,101.7,89.5,12.7,57.0
10126,2023-04-17,19,5,0.0,159.0,0.0,426.2
10127,2023-11-27,38,9,757.6,352.5,9.2,396.6
10128,2025-11-24,111,20,1096.8,1396.0,3.6,1500.7
10129,2024-02-19,23,5,223.9,555.2,1.8,772.6
10130,2023-06-12,86,10,1590.8,817.9,8.6,1768.1
10131,2023-02-20,1,3,287.3,651.0,3.1,421.9
10132,2023-01-23,37,16,596.1,526.6,4.8,1640.2
10133,2025-11-24,15,4,691.6,1135.1,4.5,2091.7
10134,2023-01-23,22,18,811.6,568.2,8.1,842.2
10135,2024-07-08,41,16,0.0,193.7,0.0,1125.1
10136,2024-05-13,23,3,1224.6,445.3,10.3,745.5
10137,2023-01-01,94,4,727.6,430.0,9.3,311.6
10138,2023-03-20,119,9,552.4,205.1,13.0,321.3
10139,2024-01-22,91,9,884.1,527.9,11.1,304.7
10140,2025-08-04,100,4,194.8,87.1,9.3,163.6
10141,2025-09-29,79,15,1231.9,783.3,16.7,458.7
10142,2023-10-02,24,11,230.5,143.6,7.4,293.2
10143,2025-04-14,36,14,711.7,271.1,21.3,305.3
10144,2025-08-04,74,10,6201.3,2326.5,15.9,1218.4
10145,2025-02-17,67,1,1420.8,619.4,12.2,869.4
10146,2025-11-24,37,16,553.7,526.6,4.5,702.5
10147,2024-03-18,30,8,664.5,257.1,14.9,115.1
10148,2025-09-01,84,11,757.2,394.2,11.8,399.6
10149,2024-08-05,11,13,1418.3,792.0,9.9,761.0
10150,2024-02-19,110,5,232.1,135.6,13.3,198.8
10151,2025-03-17,120,6,111.1,270.0,1.7,281.2
10152,2024-09-30,6,4,1113.0,858.1,5.7,783.1
10153,2025-09-29,111,19,0.0,1384.7,0.0,2769.6
10154,2025-10-27,10,12,521.6,330.8,7.9,309.0
10155,2025-10-27,62,2,1619.4,684.2,10.4,797.3
10156,2024-03-18,58,16,1394.3,985.6,6.8,2374.2
10157,2023-08-07,54,2,412.7,565.7,2.6,1686.3
10158,2023-04-17,1,20,1778.0,1975.1,9.1,732.6
10159,2025-01-20,74,3,1491.1,1072.7,7.5,1139.1
10160,2024-09-30,15,12,2120.9,1692.1,11.6,1011.5
10161,2025-12-22,64,10,1015.0,690.5,6.6,815.0
10162,2023-12-25,85,19,654.7,443.0,8.2,469.4
10163,2025-09-29,56,18,2414.1,1360.0,14.2,663.5
10164,2023-02-20,24,17,36.4,91.8,1.2,98.0
10165,2024-06-10,52,9,511.7,208.0,13.9,97.6
10166,2024-02-19,98,11,460.4,451.6,5.4,437.0
10167,2023-09-04,29,18,0.0,410.7,0.0,676.5
10168,2024-11-25,85,4,679.7,495.3,7.3,874.8
10169,2023-06-12,75,6,831.7,478.2,7.9,569.3
10170,2023-02-20,33,10,63.2,34.2,6.6,47.2
10171,2023-10-02,18,5,44.4,696.6,0.2,1532.5
10172,2023-04-17,82,6,564.5,276.4,9.7,348.8
10173,2023-01-23,42,22,2095.9,716.8,15.3,758.4
10174,2025-07-07,24,13,0.5,52.9,0.0,91.6
10175,2024-06-10,6,9,1061.6,728.8,6.6,1053.6
10176,2024-12-23,53,18,1613.8,835.5,8.2,1372.5
10177,2024-02-19,55,11,2684.4,1351.3,10.4,1285.6
10178,2025-08-04,71,2,2049.0,797.9,28.6,484.9
10179,2025-10-27,11,9,1960.2,1138.3,7.7,960.9
10180,2025-09-01,21,14,564.3,421.2,6.8,307.5
10181,2024-08-05,46,12,350.9,217.0,12.8,268.7
10182,2023-09-04,29,5,972.3,475.8,23.2,403.2
10183,2024-02-19,63,1,2258.9,1056.9,13.9,479.9
10184,2024-10-28,118,6,188.2,550.0,3.6,354.2
10185,2023-08-07,43,18,498.0,271.1,8.1,239.6
10186,2023-04-17,29,1,1177.5,830.6,13.9,1098.6
10187,2024-07-08,15,17,1084.9,1219.8,7.1,908.6
10188,2023-01-23,72,22,1074.6,1068.9,7.5,1196.0
10189,2024-05-13,28,8,3094.6,1678.8,20.2,1400.2
10190,2024-09-30,81,4,1412.5,812.9,8.0,757.5
10191,2024-01-22,66,3,0.0,58.9,0.0,130.1
10192,2024-04-15,12,20,1784.4,1476.3,6.1,1854.8
10193,2024-09-30,9,2,0.0,413.2,0.0,577.5
10194,2025-05-12,68,18,1017.6,1111.6,5.6,482.9
10195,2025-07-07,72,2,916.0,1419.0,7.0,2051.2
10196,2024-05-13,63,19,3007.9,875.5,21.9,675.8
10197,2025-11-24,34,11,464.3,349.7,7.6,405.9
10198,2023-09-04,11,14,1307.5,1725.9,4.3,1477.2
10199,2024-02-19,48,4,0.0,1351.2,0.0,4300.2
10200,2025-09-01,115,10,3387.8,1992.9,18.3,2031.5
10201,2023-10-02,27,14,399.5,593.7,3.9,210.6
10202,2023-07-10,118,17,848.8,595.7,12.9,534.8
10203,2023-09-04,110,5,0.0,135.6,0.0,418.8
10204,2024-08-05,52,22,270.8,273.7,5.7,269.5
10205,2024-02-19,78,3,315.7,517.1,3.8,377.2
10206,2023-04-17,44,1,935.5,777.2,11.5,654.3
10207,2024-06-10,24,4,14.2,122.2,0.5,146.7
10208,2023-03-20,73,20,1158.4,986.3,13.4,323.7
10209,2024-07-08,46,12,3.6,217.0,0.1,224.1
10210,2023-01-01,63,7,1303.0,1557.6,8.5,515.4
10211,2023-08-07,75,12,189.3,690.7,1.1,648.4
10212,2025-04-14,23,17,2768.4,1172.0,14.5,1818.2
10213,2023-01-01,41,13,176.9,157.4,6.7,250.1
10214,2024-02-19,27,15,604.3,340.8,11.3,238.6
10215,2024-09-02,120,6,228.3,270.0,3.5,759.4
10216,2024-04-15,63,2,2196.6,1144.2,12.9,676.1
10217,2023-02-20,54,10,2277.7,557.4,13.3,436.2
10218,2023-02-20,60,9,1032.8,399.4,13.9,697.5
10219,2023-05-15,106,4,495.4,447.1,6.6,695.1
10220,2023-01-23,84,10,14.8,438.0,0.2,662.4
10221,2023-11-27,43,10,736.2,340.5,9.3,883.6
10222,2025-03-17,24,1,199.5,153.0,6.8,161.5
10223,2025-10-27,49,11,1373.4,714.9,6.0,2170.7
10224,2023-03-20,76,16,76.5,86.2,10.6,102.3
10225,2024-07-08,21,14,1126.7,421.2,13.5,480.6
10226,2023-08-07,45,16,0.0,506.6,0.0,713.3
10227,2023-04-17,69,2,494.4,341.4,5.7,510.2
10228,2024-07-08,64,14,0.0,631.4,0.0,1188.9
10229,2025-06-09,53,9,2539.2,1160.7,12.2,609.8
10230,2025-09-29,38,19,0.0,333.6,0.0,839.5
10231,2024-06-10,103,4,548.4,247.2,13.1,308.3
10232,2025-07-07,4,19,378.3,301.3,6.1,283.2
10233,2023-04-17,66,6,242.3,80.9,10.8,90.5
10234,2024-10-28,81,16,560.6,521.6,5.0,813.5
10235,2024-12-23,6,7,0.0,555.5,0.0,1623.6
10236,2023-01-23,6,4,1805.3,858.1,9.3,762.4
10237,2024-02-19,15,17,1503.1,1219.8,9.9,516.3
10238,2024-10-28,38,12,6.1,406.0,0.1,1060.9
10239,2023-10-02,77,19,377.3,455.8,9.6,631.4
10240,2025-08-04,41,22,122.5,306.6,2.3,224.3
10241,2024-08-05,85,6,39.6,312.7,0.6,1129.0
10242,2024-11-25,32,11,0.0,126.0,0.0,516.6
10243,2025-03-17,55,16,205.0,687.4,1.1,2406.8
10244,2024-08-05,86,10,2372.6,817.9,12.8,1455.3
10245,2024-09-02,11,9,2972.5,1138.3,11.6,1847.8
10246,2025-09-01,2,6,895.4,1255.7,5.4,1014.3
10247,2023-06-12,49,16,2054.1,574.6,14.2,620.8
10248,2025-01-20,3,6,400.2,363.7,5.0,1230.1
10249,2025-11-24,49,17,2163.2,824.9,11.6,732.3
10250,2024-05-13,12,5,1249.3,554.1,8.4,1219.7
10251,2024-01-22,8,13,1860.7,596.3,15.1,808.6
10252,2025-03-17,31,9,128.3,597.6,1.0,826.4
10253,2025-03-17,108,21,243.7,308.9,6.4,234.3
10254,2023-01-01,46,7,237.7,169.1,10.2,79.8
10255,2024-08-05,69,13,277.1,176.0,6.8,244.2
10256,2023-11-27,90,11,85.8,35.8,15.3,46.4
10257,2024-09-30,65,17,2435.5,1451.4,17.4,800.8
10258,2023-05-15,120,12,0.0,349.9,0.0,592.8
10259,2023-11-27,19,19,377.0,292.9,6.8,264.4
10260,2024-04-15,50,9,766.6,1127.9,4.1,1506.9
10261,2024-06-10,8,20,3377.8,877.3,13.6,934.1
10262,2025-09-01,105,2,561.1,1354.8,4.3,801.4
10263,2023-11-27,75,10,278.8,496.1,1.8,1332.5
10264,2025-05-12,98,12,500.9,368.3,4.8,579.9
10265,2024-04-15,102,10,2231.9,505.5,35.8,199.5
10266,2025-11-24,4,19,215.3,301.3,3.5,168.1
10267,2023-10-02,118,6,1197.1,550.0,22.7,199.2
10268,2023-01-23,80,3,572.9,207.2,12.4,303.0
10269,2023-09-04,111,20,0.0,1396.0,0.0,2230.6
10270,2025-04-14,44,22,754.7,613.7,8.3,519.2
10271,2023-06-12,99,9,477.6,583.3,3.6,498.9
10272,2024-01-22,54,10,1699.2,557.4,9.9,997.7
10273,2024-04-15,16,7,260.1,407.6,3.9,211.6
10274,2023-03-20,50,10,0.0,864.1,0.0,4103.2
10275,2025-04-14,103,4,0.0,247.2,0.0,308.7
10276,2024-05-13,61,19,0.0,140.7,0.0,125.1
10277,2023-09-04,39,4,105.1,711.6,0.8,662.2
10278,2024-03-18,40,20,1576.3,1523.1,10.4,859.2
10279,2024-09-02,69,18,165.5,313.7,2.8,592.7
10280,2023-02-20,60,1,203.8,503.4,2.1,382.6
10281,2025-05-12,93,8,585.0,288.5,9.6,337.8
10282,2024-05-13,87,13,1880.9,695.9,14.1,400.9
10283,2025-12-22,117,18,461.7,198.3,9.1,448.7
10284,2025-07-07,6,14,2007.6,709.1,11.0,568.1
10285,2025-12-22,41,18,45.2,151.0,1.1,110.6
10286,2024-08-05,24,11,248.5,143.6,8.0,127.3
10287,2023-07-10,72,15,1401.5,640.8,20.5,227.2
10288,2025-03-17,55,21,1586.3,1049.0,5.8,1527.8
10289,2025-04-14,48,18,2819.1,1409.9,11.1,1045.1
10290,2023-04-17,61,7,166.6,135.8,8.8,109.4
10291,2023-06-12,107,6,164.5,194.7,3.2,139.5
10292,2024-10-28,72,3,591.8,644.7,9.0,579.5
10293,2025-10-27,73,11,0.0,949.4,0.0,635.6
10294,2023-05-15,20,17,1129.1,2103.7,5.8,1702.2
10295,2024-05-13,15,13,640.4,881.9,8.1,910.9
10296,2024-10-28,117,14,614.9,434.4,9.1,358.3
10297,2024-03-18,58,22,0.0,1225.6,0.0,1621.0
10298,2025-05-12,87,12,2016.3,1280.6,6.8,1244.9
10299,2025-06-09,120,19,0.0,256.9,0.0,735.2
10300,2023-07-10,104,19,924.1,240.4,34.4,169.9
10301,2024-11-25,6,2,1412.4,643.6,7.6,1298.5
10302,2023-10-30,35,16,1018.0,1269.1,3.7,2299.1
10303,2025-09-29,54,10,1744.6,557.4,10.2,721.3
10304,2024-07-08,75,11,1670.2,732.1,11.5,772.5
10305,2025-12-22,29,8,1193.2,595.2,20.5,352.8
10306,2025-02-17,88,1,1266.6,412.1,11.1,380.0
10307,2025-08-04,32,17,141.6,80.0,5.4,178.4
10308,2024-04-15,91,6,325.1,540.4,4.9,763.0
10309,2025-06-09,8,9,2017.3,1215.1,9.3,1195.3
10310,2025-05-12,53,5,650.4,550.8,4.6,421.9
10311,2023-12-25,18,4,764.9,1910.1,2.3,3560.8
10312,2023-10-02,1,20,551.4,1975.1,2.8,1959.2
10313,2023-10-02,100,20,109.1,89.6,4.9,234.8
10314,2024-01-22,107,21,894.2,411.7,12.5,384.3
10315,2024-09-02,38,18,160.2,228.1,2.1,358.2
10316,2025-05-12,1,1,3171.6,1806.9,17.7,706.0
10317,2025-09-29,119,15,527.5,113.0,19.3,69.3
10318,2024-08-05,84,14,0.0,400.2,0.0,1311.4
10319,2025-05-12,86,7,160.1,706.6,1.0,2242.4
10320,2024-11-25,93,22,720.7,361.6,7.8,662.9
10321,2023-04-17,92,13,0.0,482.0,0.0,820.1
10322,2024-09-02,55,10,4555.8,1421.7,15.2,931.9
10323,2024-10-28,69,14,547.8,421.4,6.7,785.8
10324,2025-08-04,4,3,0.0,207.6,0.0,290.6
10325,2023-03-20,6,9,1339.8,728.8,8.3,775.5
10326,2024-08-05,45,15,749.9,400.3,9.3,446.6
10327,2025-09-29,27,19,854.6,436.0,10.8,419.5
10328,2025-08-04,6,9,43.3,728.8,0.3,800.5
10329,2024-10-28,1,10,2357.0,1165.0,13.0,1822.2
10330,2023-06-12,92,13,514.2,482.0,5.2,350.8
10331,2024-11-25,29,19,972.0,733.4,13.7,595.8
10332,2024-03-18,24,1,218.5,153.0,7.4,220.1
10333,2024-12-23,45,5,0.0,396.7,0.0,1656.6
10334,2025-10-27,9,14,368.8,411.4,4.4,923.0
10335,2023-03-20,16,11,1100.2,388.3,15.2,409.5
10336,2023-12-25,99,6,543.2,434.8,5.4,877.2
10337,2023-05-15,54,17,724.2,707.3,5.3,687.8
10338,2025-09-01,87,19,0.0,1145.1,0.0,3028.8
10339,2025-11-24,119,9,705.6,205.1,16.6,148.0
10340,2023-01-01,10,2,776.4,363.6,11.5,351.1
10341,2025-04-14,119,16,0.0,178.9,0.0,346.5
10342,2024-01-22,61,5,107.2,84.0,10.5,51.4
10343,2023-07-10,77,5,90.0,171.9,3.4,153.0
10344,2025-01-20,69,14,863.1,421.4,10.5,619.3
10345,2023-01-23,53,1,1679.1,1454.6,6.5,653.3
10346,2025-06-09,32,14,10.2,149.2,0.4,322.6
10347,2024-01-22,98,12,793.2,368.3,7.6,317.9
10348,2024-09-30,27,19,151.4,436.0,1.9,857.1
10349,2023-05-15,32,19,20.3,89.0,0.9,168.4
10350,2025-03-17,120,19,120.3,256.9,1.6,326.1
10351,2023-09-04,106,16,137.1,204.2,2.5,466.5
10352,2023-12-25,23,2,2657.4,855.4,11.3,984.0
10353,2025-06-09,39,10,1169.4,782.6,8.1,864.7
10354,2025-08-04,81,13,603.0,329.8,7.3,280.4
10355,2024-09-02,33,11,0.0,41.0,0.0,68.4
10356,2024-03-18,63,9,2303.6,1062.3,16.4,315.6
10357,2024-04-15,12,5,250.2,554.1,1.7,509.5
10358,2023-06-12,93,8,244.6,288.5,4.0,536.3
10359,2023-03-20,113,2,1338.6,532.0,14.2,365.9
10360,2023-12-25,42,22,0.0,716.8,0.0,1602.9
10361,2024-01-22,4,22,0.0,438.1,0.0,799.6
10362,2024-04-15,39,3,0.0,214.7,0.0,590.0
10363,2025-02-17,2,6,47.5,1255.7,0.3,945.0
10364,2023-03-20,7,5,124.3,69.1,7.2,144.4
10365,2024-10-28,56,3,418.6,1209.0,3.8,612.1
10366,2023-12-25,38,4,32.9,520.8,0.3,1112.9
10367,2023-12-25,52,4,0.0,192.6,0.0,690.7
10368,2025-06-09,110,5,100.9,135.6,5.8,114.6
10369,2024-11-25,98,19,535.1,333.6,6.6,587.5
10370,2024-06-10,93,17,751.7,275.5,10.1,562.7
10371,2025-10-27,102,8,374.4,473.0,8.1,175.5
10372,2023-10-02,47,10,0.0,1429.1,0.0,4177.5
10373,2023-03-20,49,11,1529.5,714.9,6.7,877.7
10374,2024-04-15,29,15,888.8,510.7,19.9,226.8
10375,2023-09-04,17,14,550.7,502.5,12.1,173.4
10376,2023-09-04,37,2,261.8,866.2,1.3,2184.1
10377,2023-04-17,32,6,256.3,62.7,13.4,50.9
10378,2024-01-22,111,20,0.0,1396.0,0.0,3350.4
10379,2025-11-24,22,22,133.0,754.9,0.9,1339.2
10380,2024-07-08,9,7,467.5,431.3,6.9,376.4
10381,2024-09-02,65,19,1926.6,1189.3,16.0,984.3
10382,2023-10-30,113,2,153.3,532.0,1.6,689.0
10383,2024-12-23,57,16,774.5,622.9,10.7,532.7
10384,2025-07-07,73,17,2049.0,586.1,24.6,548.3
10385,2024-02-19,118,15,436.3,433.3,11.3,367.6
10386,2023-04-17,88,22,0.0,541.5,0.0,2086.2
10387,2024-09-30,87,22,0.0,941.8,0.0,1202.7
10388,2024-04-15,116,15,818.4,533.8,14.9,158.5
10389,2023-06-12,14,5,80.8,165.3,5.8,41.9
10390,2025-06-09,111,19,3622.9,1384.7,13.7,1029.9
10391,2023-01-23,48,21,895.5,1867.9,2.8,2277.4
10392,2023-05-15,116,11,435.9,1144.2,4.1,230.0
10393,2025-03-17,49,17,1882.0,824.9,10.0,754.9
10394,2025-05-12,63,4,772.5,1340.9,4.7,1116.2
10395,2023-06-12,93,3,598.2,166.2,14.4,175.5
10396,2024-08-05,70,10,564.9,397.9,12.2,337.1
10397,2024-07-08,120,22,0.0,460.1,0.0,580.8
10398,2025-06-09,72,10,505.7,1523.0,3.6,795.8
10399,2024-03-18,93,14,650.2,303.1,8.1,620.7
10400,2024-11-25,12,21,2912.4,1289.8,11.3,732.1
10401,2023-12-25,110,19,191.8,181.8,7.6,116.2
10402,2025-05-12,29,9,975.5,636.4,14.6,397.9
10403,2023-11-27,53,3,0.0,601.7,0.0,4244.6
10404,2024-02-19,115,14,2511.1,1435.7,13.2,2470.0
10405,2023-11-27,67,22,333.4,827.1,2.5,1121.4
10406,2024-07-08,10,9,627.1,280.7,11.7,165.7
10407,2024-05-13,104,11,724.6,329.9,23.2,268.8
10408,2024-07-08,102,16,240.8,515.3,5.5,279.6
10409,2023-04-17,14,3,150.6,112.4,10.2,104.7
10410,2025-11-24,24,13,188.5,52.9,12.7,43.1
10411,2024-10-28,110,19,0.0,181.8,0.0,151.1
10412,2024-11-25,32,14,48.6,149.2,1.8,324.1
10413,2023-05-15,75,8,1027.4,394.7,8.9,583.8
10414,2025-02-17,104,8,227.2,225.9,10.0,115.3
10415,2025-02-17,119,12,558.0,260.6,10.9,361.2
10416,2025-10-27,33,15,0.0,28.9,0.0,77.7
10417,2024-04-15,35,19,0.0,1516.6,0.0,6335.4
10418,2024-07-08,71,17,890.3,688.2,15.0,193.7
10419,2023-01-23,104,12,430.4,282.7,13.0,314.8
10420,2024-03-18,37,16,2250.0,526.6,18.1,414.5
10421,2025-02-17,116,14,1293.1,858.2,12.1,429.8
10422,2024-01-22,25,5,49.3,116.9,2.4,178.1
10423,2023-02-20,74,7,1430.6,1658.6,3.9,1140.2
10424,2023-03-20,44,6,1723.7,748.1,27.3,237.8
10425,2025-08-04,2,22,4220.2,2547.9,19.6,1086.6
10426,2023-08-07,61,19,356.2,140.7,18.8,152.2
10427,2023-01-23,50,9,1418.7,1127.9,7.6,798.7
10428,2023-02-20,11,14,4088.6,1725.9,13.4,1241.9
10429,2023-03-20,86,15,307.5,319.2,3.1,383.7
10430,2024-12-23,9,17,889.0,366.3,11.9,300.5
10431,2024-02-19,114,14,437.2,285.4,6.1,604.5
10432,2025-03-17,53,18,545.4,835.5,2.8,1315.3
10433,2025-06-09,15,18,1016.4,931.0,8.0,725.1
10434,2025-04-14,31,8,0.0,533.9,0.0,602.0
10435,2024-08-05,84,4,231.3,367.9,3.8,304.4
10436,2023-10-30,19,6,0.0,250.3,0.0,682.6
10437,2023-10-02,5,11,1530.9,692.2,10.3,1037.9
10438,2025-09-29,20,2,268.9,1549.4,1.3,2011.9
10439,2024-09-30,85,1,158.8,311.7,1.7,490.5
10440,2024-07-08,98,20,979.6,541.1,10.7,504.4
10441,2025-10-27,41,22,288.0,306.6,5.5,430.8
10442,2023-08-07,53,1,0.0,1454.6,0.0,5819.5
10443,2023-08-07,78,9,0.0,682.1,0.0,1366.6
10444,2024-07-08,30,9,66.0,181.7,1.3,228.1
10445,2023-03-20,16,20,292.2,438.7,3.3,333.9
10446,2024-05-13,32,6,220.3,62.7,11.5,111.8
10447,2024-01-22,45,13,461.5,404.1,6.7,236.3
10448,2024-09-30,64,19,1243.2,773.5,9.2,693.4
10449,2023-07-10,46,14,473.2,276.7,20.4,118.2
10450,2023-10-30,94,9,424.7,262.3,6.4,266.0
10451,2025-04-14,7,5,0.0,69.1,0.0,158.3
10452,2024-08-05,104,17,260.9,253.7,9.5,209.5
10453,2025-07-07,104,17,563.0,253.7,20.4,83.3
10454,2025-09-29,56,1,1005.1,1470.0,4.1,1431.1
10455,2025-03-17,50,11,3088.2,940.7,13.1,1428.0
10456,2024-10-28,105,17,0.0,907.8,0.0,1164.5
10457,2025-09-29,93,14,112.7,303.1,1.4,797.3
10458,2025-01-20,71,13,1017.0,310.5,30.3,242.1
10459,2023-04-17,55,19,1855.5,1101.4,7.5,764.3
10460,2023-07-10,58,18,904.0,860.6,3.9,2192.8
10461,2025-09-29,116,18,0.0,618.5,0.0,570.8
10462,2024-04-15,114,19,254.9,196.6,3.8,377.7
10463,2025-09-01,29,1,163.8,830.6,1.9,337.2
10464,2024-09-02,58,5,1442.2,718.7,10.1,814.0
10465,2023-09-04,80,12,977.3,524.7,10.4,1153.6
10466,2024-03-18,1,13,928.1,670.2,10.4,183.2
10467,2025-10-27,74,18,1656.6,975.1,5.5,1871.4
10468,2025-10-27,17,1,0.0,420.1,0.0,419.9
10469,2025-06-09,53,8,100.7,821.2,0.5,861.4
10470,2025-09-29,30,13,125.2,154.4,4.4,174.7
10471,2025-09-29,9,1,299.3,314.2,3.2,828.5
10472,2024-09-02,15,1,1230.0,1624.2,7.7,790.1
10473,2024-12-23,28,5,784.5,1116.1,7.8,507.5
10474,2025-09-01,69,13,66.7,176.0,1.6,185.8
10475,2023-10-02,40,2,0.0,1732.1,0.0,1823.4
10476,2025-03-17,105,4,191.9,988.5,1.7,1408.6
10477,2025-09-29,57,15,803.0,488.0,14.8,238.8
10478,2025-09-29,107,6,0.0,194.7,0.0,301.5
10479,2025-05-12,21,14,189.1,421.2,2.3,1072.4
10480,2025-02-17,54,13,354.1,325.4,4.3,757.4
10481,2023-05-15,37,8,1308.3,582.6,10.1,612.4
10482,2024-05-13,40,6,1270.6,951.5,12.9,502.5
10483,2025-09-29,19,19,569.9,292.9,10.3,246.6
10484,2025-01-20,7,22,390.4,121.7,12.1,135.8
10485,2025-02-17,80,3,0.0,207.2,0.0,348.3
10486,2024-08-05,113,15,555.0,215.0,12.1,110.3
10487,2024-09-30,12,21,0.0,1289.8,0.0,3109.7
10488,2024-08-05,44,1,1327.3,777.2,16.3,752.0
10489,2023-01-01,28,19,1344.9,1650.5,8.1,1477.7
10490,2023-11-27,33,1,67.2,32.1,6.9,76.1
10491,2025-01-20,45,12,272.2,776.7,1.8,1073.2
10492,2023-08-07,112,19,969.8,595.7,7.9,457.2
10493,2023-11-27,87,8,0.0,975.6,0.0,2019.9
10494,2024-08-05,30,9,92.7,181.7,1.8,371.0
10495,2023-03-20,74,18,390.8,975.1,1.3,3137.3
10496,2024-01-22,66,13,9.9,73.2,0.6,66.3
10497,2025-11-24,14,6,163.1,223.6,8.4,200.0
10498,2025-11-24,106,19,325.7,374.0,5.2,728.7
10499,2024-11-25,58,20,695.8,1604.8,2.3,1573.3
10500,2023-02-20,57,6,1084.7,681.7,14.5,169.3
10501,2025-10-27,113,10,810.3,373.6,8.6,448.8
10502,2025-06-09,63,9,273.1,1062.3,1.9,551.6
10503,2023-10-02,17,16,26.7,316.5,0.8,354.4
10504,2024-06-10,10,8,563.4,284.0,11.1,386.3
10505,2025-10-27,45,13,532.1,404.1,7.7,447.0
10506,2024-09-30,77,21,472.2,329.0,9.7,130.6
10507,2023-06-12,80,18,0.0,413.2,0.0,1061.2
10508,2025-06-09,49,5,0.0,445.2,0.0,969.6
10509,2025-08-04,23,2,1108.0,855.4,4.7,901.8
10510,2023-01-01,86,10,3581.5,817.9,19.3,379.4
10511,2025-06-09,1,14,855.1,1472.3,4.7,840.7
10512,2025-09-29,3,13,1041.7,366.6,18.3,181.9
10513,2025-11-24,93,3,667.3,166.2,16.0,167.4
10514,2025-07-07,114,10,321.0,300.5,4.1,689.0
10515,2024-07-08,41,22,17.1,306.6,0.3,306.8
10516,2024-11-25,18,2,1219.6,1168.3,3.0,2492.7
10517,2025-09-01,29,18,683.7,410.7,11.7,643.3
10518,2025-12-22,78,17,1126.3,696.7,6.7,1551.8
10519,2023-04-17,102,22,1550.2,828.9,24.8,409.2
10520,2025-06-09,118,21,0.0,869.1,0.0,574.3
10521,2024-10-28,62,2,33.0,684.2,0.2,726.6
10522,2025-08-04,48,21,3888.4,1867.9,12.1,1113.5
10523,2025-12-22,93,6,459.5,309.3,7.9,246.8
10524,2023-07-10,105,13,175.8,458.6,3.0,258.9
10525,2023-06-12,4,10,381.7,403.1,4.4,1031.2
10526,2024-10-28,115,8,2306.5,1539.3,16.4,812.2
10527,2024-09-02,1,20,4068.5,1975.1,20.9,2313.8
10528,2023-08-07,48,17,2305.4,1622.8,8.3,1528.2
10529,2025-01-20,36,8,280.7,334.2,9.7,325.7
10530,2024-11-25,42,14,238.6,590.3,1.9,943.4
10531,2025-05-12,30,18,340.2,210.3,7.9,288.5
10532,2025-01-20,54,16,503.2,350.3,4.7,690.7
10533,2023-03-20,25,4,282.8,127.9,7.2,211.9
10534,2025-02-17,60,1,1513.9,503.4,15.7,477.5
10535,2024-05-13,120,7,90.4,389.7,1.1,767.7
10536,2025-03-17,116,15,506.8,533.8,9.2,182.7
10537,2023-08-07,120,22,674.0,460.1,7.1,979.5
10538,2025-06-09,64,11,0.0,755.5,0.0,1278.1
10539,2023-10-30,59,1,1439.9,1199.3,5.2,1687.3
10540,2024-12-23,18,15,0.0,662.8,0.0,1463.8
10541,2024-01-22,23,2,2800.3,855.4,11.9,1364.4
10542,2025-08-04,102,16,0.0,515.3,0.0,837.9
10543,2025-11-24,118,21,0.0,869.1,0.0,1181.0
10544,2023-10-30,37,13,9.2,388.9,0.1,557.6
10545,2024-11-25,56,19,3233.1,1707.1,17.1,1571.2
10546,2025-11-24,97,11,509.7,196.6,18.6,344.5
10547,2025-05-12,65,17,1297.7,1451.4,9.3,572.2
10548,2024-02-19,80,4,0.0,423.6,0.0,1057.1
10549,2025-12-22,1,3,395.9,651.0,4.3,695.2
10550,2024-07-08,111,22,3792.8,1560.6,11.5,1092.4
10551,2023-06-12,69,13,431.9,176.0,10.5,166.4
10552,2023-01-23,73,20,1229.2,986.3,14.2,205.3
10553,2024-11-25,111,7,2250.9,1032.1,8.3,1893.2
10554,2025-06-09,4,3,0.0,207.6,0.0,562.8
10555,2023-01-23,13,2,817.7,627.9,15.9,567.6
10556,2024-03-18,57,16,750.5,622.9,10.4,510.6
10557,2025-09-29,120,3,0.0,199.1,0.0,393.7
10558,2023-02-20,98,7,373.5,266.7,4.1,422.5
10559,2025-11-24,75,6,534.3,478.2,5.1,1320.3
10560,2024-01-22,8,9,399.9,1215.1,1.8,2037.8
10561,2024-08-05,15,18,651.7,931.0,5.2,794.0
10562,2024-04-15,42,2,0.0,695.6,0.0,1197.7
10563,2023-07-10,2,14,1661.4,1629.8,7.8,877.8
10564,2025-02-17,7,5,0.0,69.1,0.0,111.3
10565,2023-05-15,73,18,1246.3,767.1,18.8,587.8
10566,2024-11-25,107,15,62.5,228.6,1.6,454.9
10567,2025-10-27,19,3,23.8,113.3,0.8,154.8
10568,2025-11-24,20,17,811.9,2103.7,4.2,2019.5
10569,2025-02-17,74,22,3592.4,1630.4,8.4,644.4
10570,2025-07-07,44,3,19.9,403.1,0.4,222.8
10571,2023-02-20,94,14,235.6,425.2,2.9,496.3
10572,2025-04-14,23,5,73.0,555.2,0.6,685.3
10573,2024-11-25,80,18,310.1,413.2,4.6,273.6
10574,2023-09-04,76,7,0.0,79.9,0.0,101.4
10575,2024-04-15,80,12,0.0,524.7,0.0,736.7
10576,2024-03-18,81,3,116.8,450.2,1.3,657.2
10577,2023-01-01,97,2,323.0,302.8,10.9,112.0
10578,2025-12-22,42,2,1376.6,695.6,10.6,671.6
10579,2023-10-30,63,7,0.0,1557.6,0.0,818.9
10580,2025-05-12,48,4,2298.2,1351.2,6.7,1998.4
10581,2023-04-17,104,12,642.9,282.7,19.4,215.2
10582,2025-10-27,10,9,681.6,280.7,12.7,177.9
10583,2025-01-20,78,16,1414.1,485.5,11.1,345.9
10584,2024-05-13,9,5,438.9,241.1,9.9,167.1
10585,2024-07-08,54,7,564.1,549.5,4.0,463.0
10586,2023-07-10,48,21,344.8,1867.9,1.1,1754.6
10587,2024-08-05,74,4,3156.6,1932.6,7.9,1955.9
10588,2024-09-02,98,12,585.8,368.3,5.6,495.1
10589,2023-04-17,66,12,4.8,162.4,0.1,246.2
10590,2025-09-01,38,13,209.9,152.1,4.3,247.8
10591,2025-12-22,49,4,1620.2,880.7,7.4,865.4
10592,2023-03-20,115,22,4241.5,2457.1,20.6,691.0
10593,2025-02-17,33,21,81.1,44.9,9.1,71.1
10594,2024-04-15,54,7,572.0,549.5,4.0,1149.2
10595,2023-01-23,117,3,475.9,119.3,13.5,149.3
10596,2023-11-27,15,4,704.5,1135.1,4.6,951.2
10597,2025-01-20,16,22,565.0,497.8,7.1,748.7
10598,2025-02-17,5,7,0.0,662.3,0.0,759.8
10599,2023-01-23,119,12,229.3,260.6,4.5,285.0
10600,2023-03-20,61,4,179.8,183.4,7.9,132.2
10601,2025-10-27,104,10,330.5,353.2,10.3,349.9
10602,2024-11-25,93,14,1263.9,303.1,15.7,269.7
10603,2023-09-04,34,11,538.3,349.7,8.8,284.3
10604,2023-04-17,119,21,62.8,224.9,1.2,261.8
10605,2024-04-15,120,21,775.3,339.5,8.7,584.1
10606,2023-06-12,51,11,199.1,428.1,5.0,366.5
10607,2023-10-30,61,17,90.4,231.1,4.6,184.1
10608,2025-04-14,62,9,0.0,547.8,0.0,986.6
10609,2024-06-10,82,4,468.9,332.9,5.1,694.1
10610,2025-05-12,117,14,526.1,434.4,7.8,275.4
10611,2025-10-27,33,19,0.0,34.3,0.0,91.2
10612,2023-02-20,16,13,309.3,213.0,8.3,262.2
10613,2023-01-01,42,2,1234.8,695.6,9.5,780.8
10614,2024-06-10,37,10,726.0,853.1,4.0,1041.4
10615,2024-12-23,40,4,929.9,1219.2,6.4,1407.7
10616,2023-10-02,11,19,260.9,1502.0,1.0,1440.0
10617,2024-07-08,74,9,1014.0,1692.3,3.2,918.9
10618,2023-05-15,39,3,892.8,214.7,12.7,174.3
10619,2023-07-10,45,12,246.5,776.7,1.6,1181.9
10620,2025-02-17,42,2,1098.5,695.6,8.5,664.2
10621,2024-07-08,42,4,1144.6,709.3,8.4,909.3
10622,2023-07-10,107,15,0.0,228.6,0.0,528.9
10623,2024-10-28,116,3,412.2,463.0,7.3,365.0
10624,2023-03-20,98,19,25.4,333.6,0.3,354.0
10625,2025-08-04,23,14,48.8,1006.0,0.2,1061.9
10626,2024-02-19,102,8,1009.3,473.0,22.0,315.0
10627,2025-12-22,4,10,848.8,403.1,9.8,684.8
10628,2024-01-22,50,10,817.8,864.1,3.4,1232.3
10629,2024-07-08,11,12,1457.5,1526.5,4.3,2640.1
10630,2025-06-09,20,20,1849.2,2225.0,8.9,1405.6
10631,2023-01-23,46,14,622.0,276.7,26.9,193.1
10632,2025-09-29,87,11,722.5,971.1,2.6,3052.6
10633,2023-10-02,59,1,894.4,1199.3,3.3,2772.9
10634,2023-12-25,56,3,925.2,1209.0,8.5,582.7
10635,2023-06-12,55,15,0.0,925.5,0.0,2126.6
10636,2025-01-20,18,4,779.0,1910.1,2.4,1133.9
10637,2025-10-27,60,19,845.0,461.7,11.0,261.1
10638,2023-10-02,54,12,0.0,644.6,0.0,2473.3
10639,2023-07-10,94,2,405.3,421.7,4.8,359.5
10640,2023-10-02,54,16,635.7,350.3,5.9,695.5
10641,2024-11-25,19,19,62.1,292.9,1.1,565.2
10642,2024-12-23,41,15,0.0,127.5,0.0,568.7
10643,2025-03-17,20,9,1440.4,1276.9,8.4,905.8
10644,2023-03-20,86,10,2183.8,817.9,11.8,886.6
10645,2024-07-08,89,18,838.7,392.0,6.9,660.4
10646,2025-01-20,20,12,1189.6,2053.9,5.5,900.6
10647,2024-07-08,118,15,406.8,433.3,10.5,263.5
10648,2023-11-27,107,6,325.0,194.7,6.3,237.7
10649,2025-09-29,6,19,772.1,707.7,5.0,671.1
10650,2024-06-10,78,6,1299.5,641.5,9.9,748.4
10651,2024-12-23,107,15,57.6,228.6,1.5,334.5
10652,2025-12-22,80,12,260.5,524.7,2.8,535.9
10653,2024-01-22,43,12,374.7,359.1,4.4,550.3
10654,2025-04-14,110,5,0.0,135.6,0.0,44.6
10655,2023-09-04,119,9,578.7,205.1,13.6,131.2
10656,2025-03-17,87,3,262.7,669.2,1.9,803.9
10657,2024-12-23,102,6,595.9,505.6,14.2,208.7
10658,2024-10-28,54,16,134.2,350.3,1.3,1059.7
10659,2024-12-23,73,21,163.9,646.5,1.9,1336.0
10660,2025-09-01,11,1,4593.4,1354.0,15.2,1569.9
10661,2025-07-07,5,12,0.0,736.1,0.0,770.7
10662,2023-10-30,43,21,0.0,333.6,0.0,889.3
10663,2025-09-01,98,11,991.7,451.6,11.7,340.2
10664,2023-01-01,75,21,879.5,716.5,5.8,849.3
10665,2023-01-23,120,21,657.3,339.5,7.4,474.2
10666,2024-09-30,42,10,1204.3,730.0,9.0,896.4
10667,2023-01-01,61,12,267.3,246.1,11.9,106.5
10668,2023-04-17,117,18,682.7,198.3,13.4,212.8
10669,2025-05-12,20,21,0.0,2100.4,0.0,1128.0
10670,2023-03-20,78,9,219.4,682.1,1.5,792.0
10671,2025-05-12,87,14,1273.4,1610.4,4.6,1519.6
10672,2023-12-25,61,19,316.7,140.7,16.7,84.2
10673,2023-03-20,40,20,1560.3,1523.1,10.3,812.4
10674,2023-06-12,119,14,147.3,279.0,2.7,464.4
10675,2023-09-04,45,16,856.1,506.6,8.9,201.7
10676,2025-02-17,86,20,3265.1,1014.6,16.1,642.7
10677,2023-10-30,97,14,116.6,182.5,4.2,198.2
10678,2025-09-01,30,13,57.4,154.4,2.0,179.0
10679,2023-03-20,83,9,1703.4,966.3,7.1,1347.6
10680,2023-10-02,20,9,0.0,1276.9,0.0,928.8
10681,2024-01-22,1,10,4799.2,1165.0,26.4,861.2
10682,2025-09-01,99,21,177.4,780.9,1.3,607.5
10683,2023-10-02,16,13,689.6,213.0,18.6,153.9
10684,2025-12-22,119,15,317.2,113.0,11.6,50.3
10685,2025-07-07,34,12,0.0,298.3,0.0,602.4
10686,2023-01-01,118,17,588.0,595.7,9.0,340.9
10687,2024-09-30,64,16,1379.9,632.1,12.9,518.7
10688,2025-06-09,25,1,277.4,177.0,7.9,158.0
10689,2023-08-07,49,17,667.7,824.9,3.6,1075.0
10690,2023-08-07,44,6,0.0,748.1,0.0,611.1
10691,2024-08-05,72,3,1202.8,644.7,18.4,727.2
10692,2024-01-22,43,22,660.9,302.8,8.2,274.6
10693,2023-11-27,37,3,583.8,423.3,6.1,495.4
10694,2024-06-10,73,11,1428.9,949.4,16.7,559.5
10695,2023-03-20,76,12,0.0,97.3,0.0,105.9
10696,2024-03-18,53,20,3048.5,813.5,12.1,1058.2
10697,2025-11-24,56,1,299.5,1470.0,1.2,1806.5
10698,2023-10-02,87,14,1604.4,1610.4,5.8,3554.0
10699,2025-05-12,74,7,1974.2,1658.6,5.4,2721.4
10700,2023-10-02,51,7,0.0,365.8,0.0,786.9
10701,2023-01-23,31,15,847.2,242.5,11.4,262.5
10702,2023-11-27,75,4,0.0,649.5,0.0,3429.8
10703,2025-09-01,101,6,0.0,53.1,0.0,95.3
10704,2025-12-22,28,13,633.3,699.4,5.7,707.9
10705,2025-01-20,99,19,667.4,648.5,5.6,531.3
10706,2024-03-18,71,17,1388.6,688.2,23.4,368.1
10707,2025-09-29,119,12,578.8,260.6,11.3,313.1
10708,2024-06-10,35,19,3619.3,1516.6,10.4,709.1
10709,2024-04-15,6,11,1200.6,608.4,6.1,1055.9
10710,2024-12-23,102,14,768.3,773.4,12.2,328.2
10711,2025-12-22,71,16,693.1,373.4,14.7,114.2
10712,2024-04-15,29,19,2142.3,733.4,30.1,297.8
10713,2025-02-17,95,11,2663.7,1530.3,13.0,1377.6
10714,2025-01-20,53,1,43.1,1454.6,0.2,1656.2
10715,2025-06-09,76,13,74.2,56.1,14.3,28.6
10716,2025-04-14,37,10,0.0,853.1,0.0,1681.8
10717,2025-12-22,48,9,1985.4,1585.0,7.2,2627.3
10718,2024-06-10,28,13,406.2,699.4,3.7,1401.6
10719,2025-04-14,51,7,313.7,365.8,8.4,214.8
10720,2024-03-18,17,16,51.3,316.5,1.5,339.3
10721,2023-02-20,30,13,0.0,154.4,0.0,221.0
10722,2024-09-30,115,1,1280.5,1637.3,7.4,1120.3
10723,2024-04-15,41,13,255.1,157.4,9.7,184.6
10724,2023-01-23,76,13,105.1,56.1,20.3,48.9
10725,2024-01-22,114,2,422.3,459.6,5.6,227.4
10726,2023-10-02,40,8,2584.6,1169.4,23.1,1561.6
10727,2025-02-17,45,21,982.4,674.0,6.9,552.9
10728,2025-01-20,48,8,1611.4,1240.6,6.7,1596.9
10729,2025-12-22,104,8,477.4,225.9,21.0,95.6
10730,2025-07-07,92,2,1384.2,888.4,7.3,838.8
10731,2024-02-19,25,1,389.7,177.0,11.1,216.6
10732,2023-02-20,106,4,193.9,447.1,2.6,275.2
10733,2024-09-02,49,4,1570.5,880.7,7.1,915.1
10734,2025-01-20,28,5,1904.0,1116.1,18.9,546.2
10735,2025-07-07,50,13,1371.0,543.5,11.8,474.9
10736,2023-09-04,104,13,165.9,141.2,10.4,100.3
10737,2025-12-22,9,17,285.6,366.3,3.8,378.7
10738,2024-12-23,45,20,909.7,587.0,6.2,1633.9
10739,2025-09-01,23,22,1152.3,1490.3,5.1,789.5
10740,2023-10-02,6,11,1176.2,608.4,6.0,1080.3
10741,2023-12-25,3,15,335.7,321.4,5.4,154.9
10742,2024-04-15,78,6,120.3,641.5,0.9,628.1
10743,2024-12-23,106,10,66.6,383.7,0.9,494.1
10744,2023-02-20,33,11,20.1,41.0,2.3,29.2
10745,2024-07-08,73,20,209.4,986.3,2.4,554.9
10746,2024-09-02,48,1,0.0,1089.4,0.0,2478.1
10747,2025-09-01,86,14,1363.9,919.5,6.6,1699.6
10748,2024-12-23,113,2,650.3,532.0,6.9,910.4
10749,2023-11-27,15,17,1145.0,1219.8,7.5,848.5
10750,2023-07-10,40,20,2912.1,1523.1,19.3,423.1
10751,2025-06-09,84,7,268.5,355.2,4.5,549.7
10752,2023-05-15,104,8,288.9,225.9,12.7,188.6
10753,2024-08-05,17,1,252.6,420.1,5.7,481.6
10754,2025-06-09,52,10,232.3,151.9,4.7,187.8
10755,2024-07-08,87,12,471.7,1280.6,1.6,1675.1
10756,2025-08-04,22,21,1479.6,484.3,11.6,683.7
10757,2025-11-24,42,16,487.1,369.8,5.5,518.5
10758,2023-12-25,65,11,1246.8,1060.4,8.3,384.0
10759,2025-02-17,66,15,48.6,94.3,2.8,60.9
10760,2023-04-17,83,9,2351.8,966.3,9.8,1331.3
10761,2025-09-01,104,8,318.1,225.9,14.0,102.2
10762,2024-02-19,18,19,1334.9,994.5,4.3,1365.9
10763,2025-09-01,45,12,1024.6,776.7,6.8,985.8
10764,2025-10-27,12,5,1542.6,554.1,10.3,926.5
10765,2025-10-27,72,2,3871.3,1419.0,29.7,783.5
10766,2025-08-04,36,19,129.2,243.9,4.1,141.7
10767,2025-11-24,114,10,950.8,300.5,12.1,370.5
10768,2025-02-17,89,18,923.2,392.0,7.5,711.4
10769,2024-10-28,25,4,195.7,127.9,5.0,87.1
10770,2024-05-13,55,11,1365.5,1351.3,5.3,1644.5
10771,2025-02-17,88,16,810.3,500.6,10.2,272.8
10772,2025-03-17,37,8,126.0,582.6,1.0,736.4
10773,2023-03-20,100,2,168.7,120.3,7.5,118.9
10774,2023-02-20,65,19,1222.3,1189.3,10.2,800.4
10775,2025-09-29,41,16,265.6,193.7,6.7,362.3
10776,2025-12-22,6,19,342.0,707.7,2.2,1182.8
10777,2024-01-22,18,19,613.1,994.5,2.0,623.4
10778,2024-10-28,93,8,656.5,288.5,10.8,266.3
10779,2023-06-12,106,7,572.3,319.4,9.2,598.4
10780,2024-04-15,42,4,106.3,709.3,0.8,926.1
10781,2025-03-17,109,15,438.8,265.1,6.0,548.6
10782,2025-06-09,13,5,31.6,266.9,1.3,240.2
10783,2025-06-09,46,14,636.1,276.7,27.5,76.2
10784,2024-02-19,95,15,441.2,1109.1,4.1,902.0
10785,2023-09-04,4,4,173.5,346.1,2.2,597.2
10786,2024-04-15,107,15,196.3,228.6,4.9,311.3
10787,2024-09-02,18,18,261.7,1145.8,1.0,2654.9
10788,2023-02-20,55,13,15.8,558.6,0.1,2523.2
10789,2025-04-14,113,4,681.9,276.9,7.8,441.5
10790,2023-01-01,29,1,926.0,830.6,11.0,376.9
10791,2023-06-12,3,5,0.0,388.2,0.0,879.3
10792,2023-10-02,3,18,856.6,503.4,9.9,586.2
10793,2023-08-07,43,1,152.4,346.8,2.0,513.3
10794,2023-10-30,37,22,2008.0,981.1,10.0,1467.2
10795,2023-11-27,50,10,2035.9,864.1,8.4,1200.2
10796,2023-07-10,88,22,1301.9,541.5,10.3,585.0
10797,2023-01-23,113,2,1137.7,532.0,12.0,471.0
10798,2024-07-08,48,4,467.3,1351.2,1.4,1728.7
10799,2023-12-25,65,17,832.0,1451.4,5.9,595.1
10800,2024-05-13,31,22,0.0,540.7,0.0,1375.2
10801,2024-03-18,41,16,530.9,193.7,13.4,322.6
10802,2024-08-05,17,11,0.0,411.7,0.0,319.8
10803,2025-06-09,82,9,193.6,289.0,2.7,599.6
10804,2023-01-23,112,16,579.0,416.6,5.8,328.4
10805,2025-02-17,106,20,84.5,394.7,1.1,661.1
10806,2024-10-28,50,9,1220.6,1127.9,6.6,1136.3
10807,2025-12-22,89,18,0.0,392.0,0.0,2808.5
10808,2023-05-15,9,15,36.2,144.0,0.9,295.5
10809,2023-07-10,13,17,956.9,472.0,23.3,291.8
10810,2025-01-20,88,1,574.9,412.1,5.0,648.9
10811,2024-12-23,26,4,0.0,567.2,0.0,1574.0
10812,2025-02-17,78,9,1436.7,682.1,9.7,547.7
10813,2025-02-17,17,11,618.9,411.7,14.0,340.8
10814,2023-04-17,4,4,586.9,346.1,7.4,528.5
10815,2025-09-01,81,5,490.9,454.2,5.6,555.4
10816,2023-08-07,78,6,0.0,641.5,0.0,2412.9
10817,2024-09-30,103,10,295.6,222.8,7.0,311.7
10818,2023-01-23,29,1,927.5,830.6,11.0,383.7
10819,2025-02-17,116,13,846.8,322.9,16.0,118.3
10820,2024-02-19,55,16,1935.5,687.4,10.1,933.8
10821,2025-03-17,31,17,1085.7,406.8,9.0,490.0
10822,2024-02-19,109,21,0.0,641.1,0.0,1275.9
10823,2023-01-01,66,12,408.6,162.4,12.4,121.8
10824,2025-05-12,25,4,385.2,127.9,9.8,109.6
10825,2024-03-18,42,4,0.0,709.3,0.0,1598.2
10826,2024-07-08,115,14,3161.9,1435.7,16.6,1516.6
10827,2023-12-25,29,5,1117.3,475.8,26.6,262.8
10828,2024-03-18,66,13,54.7,73.2,3.3,83.3
10829,2023-12-25,100,20,0.0,89.6,0.0,248.4
10830,2024-08-05,20,17,4581.7,2103.7,23.7,654.5
10831,2024-06-10,4,7,329.0,259.3,4.3,239.9
10832,2025-11-24,25,4,0.0,127.9,0.0,413.1
10833,2025-06-09,18,2,3426.9,1168.3,8.4,2096.5
10834,2023-08-07,24,13,123.9,52.9,8.3,107.7
10835,2024-06-10,76,7,0.0,79.9,0.0,120.4
10836,2025-03-17,118,6,0.0,550.0,0.0,432.0
10837,2023-10-30,73,17,1054.5,586.1,12.7,1129.0
10838,2025-09-29,108,17,61.1,306.5,1.7,201.5
10839,2025-06-09,90,14,58.9,22.9,10.5,36.5
10840,2024-04-15,53,9,0.0,1160.7,0.0,2146.7
10841,2023-08-07,66,20,92.4,155.0,2.6,101.3
10842,2023-09-04,116,11,0.0,1144.2,0.0,737.0
10843,2023-04-17,32,17,208.6,80.0,7.9,97.3
10844,2024-06-10,33,21,121.9,44.9,13.7,25.1
10845,2023-06-12,52,15,199.8,137.3,7.5,79.5
10846,2024-03-18,9,13,444.6,183.0,10.2,313.3
10847,2025-07-07,31,21,0.0,740.0,0.0,1371.4
10848,2024-07-08,47,10,1923.1,1429.1,6.5,1091.7
10849,2024-11-25,119,8,0.0,157.7,0.0,409.4
10850,2023-09-04,28,5,2838.9,1116.1,28.2,646.4
10851,2023-04-17,70,8,469.2,355.5,13.3,298.4
10852,2024-07-08,49,4,162.3,880.7,0.7,865.8
10853,2023-02-20,9,16,487.4,331.5,8.2,293.6
10854,2023-11-27,38,7,0.0,306.2,0.0,1456.2
10855,2024-02-19,103,12,179.0,190.5,3.9,220.7
10856,2023-10-30,103,10,154.7,222.8,3.7,198.9
10857,2024-05-13,48,1,0.0,1089.4,0.0,6041.5
10858,2023-01-23,52,15,28.3,137.3,1.1,178.7
10859,2023-10-30,106,10,980.4,383.7,13.0,194.3
10860,2023-11-27,95,13,435.0,765.0,4.3,807.3
10861,2023-02-20,86,20,2385.9,1014.6,11.8,869.6
10862,2023-01-23,45,3,780.9,225.7,10.3,297.6
10863,2023-11-27,23,2,4023.9,855.4,17.2,347.8
10864,2025-12-22,31,16,18.5,540.3,0.2,740.1
10865,2024-06-10,53,3,1128.9,601.7,8.7,1221.8
10866,2025-04-14,33,21,58.5,44.9,6.6,31.7
10867,2025-09-29,44,13,0.0,355.5,0.0,95.9
10868,2024-02-19,66,20,352.4,155.0,10.1,146.6
10869,2023-07-10,10,10,49.7,247.5,0.8,340.3
10870,2025-07-07,71,16,277.3,373.4,5.9,473.9
10871,2023-11-27,106,21,800.1,466.9,10.7,422.1
10872,2024-08-05,73,4,384.1,796.2,4.1,338.9
10873,2024-02-19,109,15,866.8,265.1,11.9,192.5
10874,2025-09-29,30,9,159.8,181.7,3.1,198.5
10875,2024-01-22,53,3,1404.7,601.7,10.8,588.1
10876,2025-08-04,57,2,396.4,1113.8,3.2,1407.2
10877,2024-04-15,86,15,968.1,319.2,9.6,390.0
10878,2025-09-29,24,17,49.7,91.8,1.6,114.3
10879,2025-03-17,119,16,0.0,178.9,0.0,533.5
10880,2025-12-22,84,14,388.9,400.2,6.3,590.7
10881,2025-05-12,31,17,908.7,406.8,7.5,705.8
10882,2024-12-23,43,9,607.7,205.7,9.6,391.0
10883,2025-12-22,30,3,441.0,137.1,14.6,126.9
10884,2024-06-10,31,4,380.4,459.4,2.8,718.6
10885,2025-11-24,107,6,466.2,194.7,9.0,244.9
10886,2023-08-07,40,12,1534.7,1553.8,10.0,943.3
10887,2025-11-24,79,6,392.7,924.1,4.0,645.2
10888,2023-01-01,19,16,528.3,193.4,11.7,305.4
10889,2024-03-18,45,11,535.3,663.7,3.7,807.5
10890,2024-06-10,70,8,519.4,355.5,14.7,216.7
10891,2025-09-29,20,20,1962.3,2225.0,9.4,1057.2
10892,2023-03-20,65,17,1978.0,1451.4,14.1,787.5
10893,2025-12-22,120,12,330.9,349.9,3.5,380.2
10894,2025-02-17,98,13,712.5,216.2,15.2,82.4
10895,2024-01-22,94,11,447.9,278.3,5.9,262.5
10896,2024-07-08,42,9,0.0,629.4,0.0,1494.2
10897,2023-12-25,50,15,1069.2,694.9,8.5,911.4
10898,2023-03-20,60,1,527.8,503.4,5.5,805.0
10899,2025-09-01,10,18,127.0,263.1,2.5,280.3
10900,2024-12-23,120,8,790.7,262.3,11.4,403.4
10901,2024-05-13,41,12,290.6,354.6,5.0,207.0
10902,2025-02-17,27,15,694.2,340.8,12.9,215.3
10903,2023-12-25,105,2,935.7,1354.8,7.1,1117.4
10904,2023-01-01,50,10,1864.0,864.1,7.7,2305.9
10905,2025-03-17,21,7,86.3,356.7,1.3,552.3
10906,2025-01-20,104,19,306.5,240.4,11.4,145.2
10907,2023-12-25,23,14,1794.5,1006.0,8.4,860.3
10908,2024-09-30,66,15,103.3,94.3,6.0,108.6
10909,2024-09-30,55,10,2451.0,1421.7,8.2,2258.6
10910,2025-02-17,13,8,499.4,295.2,13.2,151.9
10911,2024-02-19,1,20,143.1,1975.1,0.7,992.5
10912,2024-02-19,1,1,1977.5,1806.9,11.0,742.8
10913,2024-09-30,116,13,757.9,322.9,14.3,249.0
10914,2023-11-27,11,14,378.7,1725.9,1.2,1649.0
10915,2025-01-20,116,15,899.4,533.8,16.4,192.3
10916,2024-09-02,112,19,97.4,595.7,0.8,568.6
10917,2023-01-23,64,14,1024.1,631.4,6.7,658.3
10918,2023-03-20,54,10,1960.7,557.4,11.4,736.2
10919,2023-08-07,102,11,0.0,431.6,0.0,421.1
10920,2024-09-02,40,8,2459.8,1169.4,22.0,648.9
10921,2023-01-23,6,14,79.2,709.1,0.4,858.8
10922,2024-11-25,69,11,686.1,482.7,8.0,745.6
10923,2025-12-22,92,13,376.1,482.0,3.8,758.7
10924,2024-03-18,46,14,720.3,276.7,31.1,219.0
10925,2023-09-04,25,1,27.0,177.0,0.8,153.5
10926,2025-09-29,112,22,1894.6,785.6,13.5,590.9
10927,2024-09-30,33,4,128.6,45.7,14.8,58.9
10928,2024-01-22,13,2,581.8,627.9,11.3,220.9
10929,2023-11-27,102,16,622.1,515.3,14.1,602.0
10930,2023-04-17,106,19,161.2,374.0,2.6,214.1
10931,2025-03-17,13,20,869.1,389.2,18.7,336.8
10932,2024-05-13,4,19,173.9,301.3,2.8,451.0
10933,2023-02-20,51,14,510.2,302.3,12.7,238.3
10934,2023-04-17,95,20,2641.3,1835.3,12.1,925.1
10935,2023-01-23,101,9,143.3,48.6,10.0,56.7
10936,2023-04-17,34,18,87.0,250.9,1.8,268.0
10937,2024-03-18,36,14,315.6,271.1,9.5,193.7
10938,2024-04-15,38,1,263.0,493.6,2.8,734.0
10939,2023-09-04,77,19,822.9,455.8,21.0,162.9
10940,2024-04-15,74,3,430.3,1072.7,2.2,705.7
10941,2023-07-10,6,11,0.0,608.4,0.0,2954.4
10942,2024-12-23,37,4,963.8,1042.2,5.5,1432.6
10943,2024-03-18,13,5,232.4,266.9,9.4,148.4
10944,2025-06-09,54,7,846.6,549.5,6.0,1108.9
10945,2024-06-10,61,19,76.0,140.7,4.0,122.2
10946,2024-02-19,76,3,107.9,62.2,19.9,51.1
10947,2023-12-25,34,6,666.5,284.3,14.8,339.7
10948,2024-11-25,54,7,215.7,549.5,1.5,1201.1
10949,2024-10-28,80,6,156.9,333.1,2.5,418.6
10950,2023-03-20,16,7,164.2,407.6,2.4,467.3
10951,2024-03-18,119,21,684.2,224.9,13.4,197.4
10952,2023-03-20,59,20,1757.8,896.5,6.0,2086.2
10953,2023-06-12,13,21,933.7,514.3,21.4,317.2
10954,2024-09-02,81,20,509.1,989.5,2.8,1285.8
10955,2023-10-30,58,16,0.0,985.6,0.0,2951.2
10956,2024-10-28,68,18,1348.5,1111.6,7.4,756.0
10957,2025-04-14,43,22,798.0,302.8,10.0,324.3
10958,2023-05-15,43,9,516.0,205.7,8.2,451.8
10959,2023-06-12,13,17,310.7,472.0,7.6,317.6
10960,2024-08-05,30,8,61.5,257.1,1.4,316.4
10961,2025-04-14,2,20,0.0,1676.9,0.0,10964.7
10962,2025-01-20,13,8,0.0,295.2,0.0,148.0
10963,2025-04-14,99,2,1070.6,851.3,6.9,946.4
10964,2025-01-20,80,5,0.0,179.0,0.0,666.2
10965,2025-12-22,39,12,979.5,773.3,7.5,923.6
10966,2023-04-17,4,7,992.9,259.3,13.0,333.7
10967,2025-03-17,27,14,1313.2,593.7,12.8,897.2
10968,2023-09-04,26,11,1118.7,350.4,11.3,287.7
10969,2025-04-14,120,8,235.6,262.3,3.4,254.3
10970,2024-09-02,108,13,434.2,134.0,24.2,89.2
10971,2025-04-14,15,4,1997.6,1135.1,13.1,1028.1
10972,2024-08-05,73,10,2239.5,964.2,24.6,328.7
10973,2024-09-30,36,9,44.0,270.4,1.5,271.6
10974,2025-11-24,44,13,0.0,355.5,0.0,386.6
10975,2025-10-27,111,15,1349.3,690.0,7.7,1223.5
10976,2025-07-07,110,5,218.7,135.6,12.5,111.4
10977,2025-02-17,63,2,1365.1,1144.2,8.0,780.8
10978,2024-04-15,111,15,309.8,690.0,1.8,474.7
10979,2025-07-07,26,17,310.2,309.1,3.7,897.7
10980,2025-07-07,31,15,205.2,242.5,2.8,375.0
10981,2024-01-22,116,3,0.0,463.0,0.0,1239.1
10982,2023-05-15,120,6,55.8,270.0,0.9,480.6
10983,2023-10-30,119,12,667.0,260.6,13.1,201.4
10984,2024-09-30,3,13,257.0,366.6,4.5,375.7
10985,2025-09-01,32,17,235.9,80.0,9.0,136.9
10986,2025-12-22,41,20,466.2,199.2,8.1,322.5
10987,2025-09-01,98,19,330.3,333.6,4.1,299.6
10988,2024-02-19,37,13,955.8,388.9,10.9,266.0
10989,2023-08-07,29,9,417.9,636.4,6.2,253.5
10990,2024-10-28,35,1,1399.5,1465.1,3.4,2625.3
10991,2023-10-30,7,3,0.0,78.7,0.0,128.8
10992,2023-10-02,112,15,8.8,392.9,0.1,692.3
10993,2024-10-28,23,14,29.5,1006.0,0.1,1366.0
10994,2023-01-23,66,3,0.0,58.9,0.0,102.7
10995,2024-02-19,72,22,1395.8,1068.9,9.7,1316.2
10996,2024-07-08,87,22,0.0,941.8,0.0,2011.3
10997,2025-06-09,40,20,0.0,1523.1,0.0,1579.0
10998,2024-04-15,113,10,0.0,373.6,0.0,719.7
10999,2024-07-08,61,4,225.1,183.4,9.9,206.5
11000,2023-08-07,19,6,438.5,250.3,10.2,140.4
11001,2023-07-10,21,6,549.5,270.2,9.3,340.6
11002,2025-09-01,44,6,2200.6,748.1,34.8,229.6
11003,2023-01-23,98,9,576.6,305.0,7.4,336.6
11004,2025-05-12,25,1,38.0,177.0,1.1,395.6
11005,2024-01-22,9,2,0.0,413.2,0.0,534.1
11006,2024-06-10,9,16,337.2,331.5,5.7,388.6
11007,2025-04-14,42,10,883.5,730.0,6.6,691.2
11008,2025-11-24,1,20,1263.5,1975.1,6.5,2535.0
11009,2024-10-28,50,15,843.4,694.9,6.7,1004.7
11010,2024-03-18,25,13,139.3,87.9,7.0,126.7
11011,2024-05-13,32,14,0.0,149.2,0.0,319.7
11012,2024-10-28,32,22,56.3,170.0,1.9,305.3
11013,2023-09-04,118,17,847.4,595.7,12.9,642.7
11014,2023-10-30,2,16,2430.7,1349.1,16.1,753.7
11015,2025-07-07,95,20,4785.5,1835.3,22.0,1362.9
11016,2024-09-02,53,9,0.0,1160.7,0.0,3589.2
11017,2023-04-17,22,20,590.7,538.9,4.5,645.3
11018,2023-10-30,75,18,0.0,390.6,0.0,2300.9
11019,2023-01-01,39,4,1088.3,711.6,8.1,262.4
11020,2025-03-17,116,14,1093.2,858.2,10.2,263.9
11021,2023-10-02,107,22,1026.6,360.1,12.3,322.7
11022,2025-02-17,70,8,167.3,355.5,4.7,92.2
11023,2024-09-02,45,5,809.4,396.7,10.6,280.8
11024,2024-08-05,16,7,152.9,407.6,2.3,704.0
11025,2025-09-29,120,8,383.3,262.3,5.5,685.1
11026,2025-01-20,43,22,501.5,302.8,6.3,408.6
11027,2024-08-05,29,19,1528.0,733.4,21.5,290.7
11028,2024-02-19,111,21,2685.4,1672.3,9.1,1430.9
11029,2025-02-17,23,22,2065.6,1490.3,9.1,1014.6
11030,2023-10-02,53,20,0.0,813.5,0.0,2207.6
11031,2024-06-10,14,5,174.8,165.3,12.5,87.6
11032,2023-09-04,111,10,0.0,1092.1,0.0,4376.8
11033,2024-02-19,62,20,2075.5,806.3,12.6,653.8
11034,2025-02-17,48,9,0.0,1585.0,0.0,2814.8
11035,2025-06-09,20,2,3670.9,1549.4,17.4,1864.7
11036,2023-01-01,12,13,1522.5,636.2,10.7,477.0
11037,2025-09-01,14,3,0.0,112.4,0.0,102.7
11038,2024-09-30,27,15,717.9,340.8,13.4,195.3
11039,2023-02-20,120,6,726.6,270.0,11.3,227.9
11040,2024-02-19,114,17,277.0,244.1,4.0,224.2
11041,2023-01-23,94,18,541.9,250.0,8.8,254.7
11042,2025-09-29,30,19,483.2,187.4,10.4,488.6
11043,2025-06-09,4,7,498.2,259.3,6.5,803.0
11044,2024-01-22,37,16,1209.0,526.6,9.7,612.9
11045,2024-06-10,101,6,62.0,53.1,5.0,118.2
11046,2023-01-23,84,4,461.2,367.9,7.5,497.0
11047,2025-10-27,87,19,1711.5,1145.1,7.1,1538.5
11048,2023-04-17,15,22,2584.7,1475.2,16.7,393.2
11049,2023-02-20,61,22,61.5,234.9,2.7,90.0
11050,2025-05-12,42,22,524.0,716.8,3.8,1137.7
11051,2024-11-25,91,21,0.0,969.8,0.0,5753.1
11052,2024-03-18,32,1,119.4,137.0,4.3,227.3
11053,2024-09-02,76,4,151.8,129.4,14.5,74.3
11054,2025-04-14,53,1,711.3,1454.6,2.8,846.0
11055,2024-02-19,54,12,0.0,644.6,0.0,1176.4
11056,2023-12-25,15,17,0.0,1219.8,0.0,1066.9
11057,2024-04-15,8,19,936.1,1069.6,4.7,2746.5
11058,2025-12-22,5,14,0.0,635.6,0.0,2639.5
11059,2023-03-20,62,20,892.7,806.3,5.4,1662.4
11060,2023-04-17,57,6,440.5,681.7,5.9,496.2
11061,2024-05-13,23,9,1517.3,727.0,8.2,1492.5
11062,2025-06-09,8,13,1167.5,596.3,9.5,362.7
11063,2023-11-27,87,13,365.7,695.9,2.7,1239.0
11064,2025-08-04,106,1,548.9,285.9,7.2,701.4
11065,2025-08-04,106,16,163.2,204.2,3.0,561.2
11066,2025-01-20,113,6,237.1,284.2,3.7,334.7
11067,2024-09-30,88,16,559.0,500.6,7.0,922.2
11068,2023-05-15,98,10,645.7,360.3,6.7,380.6
11069,2025-06-09,38,4,714.9,520.8,7.4,470.2
11070,2023-09-04,11,19,1807.7,1502.0,7.3,838.8
11071,2023-05-15,73,4,784.9,796.2,8.3,385.8
11072,2024-09-02,13,2,710.0,627.9,13.8,346.8
11073,2024-02-19,88,10,279.3,635.5,2.3,590.5
11074,2023-02-20,95,19,440.4,1190.0,2.8,1546.0
11075,2024-12-23,38,13,234.4,152.1,4.8,512.2
11076,2024-05-13,35,16,4015.5,1269.1,14.8,1508.9
11077,2025-01-20,90,17,10.0,27.8,2.0,49.0
11078,2025-07-07,118,5,894.2,403.0,22.5,251.8
11079,2025-09-01,111,15,1028.1,690.0,5.9,1075.8
11080,2024-04-15,116,13,131.9,322.9,2.5,178.5
11081,2024-09-30,37,2,1678.1,866.2,8.1,767.8
11082,2024-05-13,88,15,131.7,266.1,2.0,459.7
11083,2023-03-20,75,6,847.9,478.2,8.1,428.6
11084,2024-07-08,3,10,838.5,453.1,7.2,494.5
11085,2025-03-17,113,10,195.1,373.6,2.1,634.7
11086,2025-09-01,116,17,0.0,654.8,0.0,1348.5
11087,2024-09-30,105,17,2437.6,907.8,22.6,553.8
11088,2025-08-04,93,17,55.0,275.5,0.7,407.3
11089,2025-01-20,65,19,712.3,1189.3,5.9,1253.9
11090,2025-04-14,83,5,0.0,480.5,0.0,857.1
11091,2024-01-22,80,4,1273.9,423.6,13.2,334.8
11092,2023-04-17,108,13,60.5,134.0,3.4,162.6
11093,2023-03-20,106,7,591.7,319.4,9.5,319.7
11094,2024-07-08,32,12,29.7,134.1,1.0,193.7
11095,2023-10-02,53,5,0.0,550.8,0.0,1454.2
11096,2024-05-13,39,8,849.3,517.8,9.3,555.0
11097,2023-11-27,6,7,1808.7,555.5,10.4,779.2
11098,2025-09-29,3,10,0.0,453.1,0.0,1965.8
11099,2024-09-30,4,21,286.2,303.6,3.5,566.8
11100,2025-06-09,53,18,1529.6,835.5,7.8,1110.6
11101,2025-02-17,94,2,827.8,421.7,9.9,360.6
11102,2023-10-30,60,1,1238.0,503.4,12.8,558.7
11103,2023-10-02,19,19,510.4,292.9,9.3,295.8
11104,2025-05-12,9,9,861.6,289.9,12.6,376.6
11105,2025-09-01,91,21,2334.6,969.8,23.3,406.3
11106,2023-01-23,76,18,94.2,65.3,12.7,41.9
11107,2025-05-12,13,7,0.0,352.4,0.0,270.7
11108,2025-10-27,75,10,0.0,496.1,0.0,1911.8
11109,2025-02-17,39,14,552.4,483.0,4.3,601.5
11110,2023-01-23,33,11,86.1,41.0,9.9,39.1
11111,2023-04-17,55,15,362.9,925.5,2.5,1454.8
11112,2024-12-23,36,8,25.8,334.2,0.9,428.5
11113,2023-01-01,28,4,1597.2,1912.3,7.6,921.0
11114,2023-07-10,22,9,68.8,632.9,0.6,838.2
11115,2025-08-04,111,20,2479.0,1396.0,8.2,2734.7
11116,2023-12-25,63,9,1232.0,1062.3,8.8,1471.8
11117,2024-12-23,32,5,0.0,58.9,0.0,196.3
11118,2023-01-01,43,18,413.5,271.1,6.7,453.2
11119,2023-02-20,3,4,13.6,401.0,0.1,517.6
11120,2023-10-02,2,16,540.4,1349.1,3.6,1336.8
11121,2025-10-27,108,15,266.7,206.8,12.7,104.2
11122,2023-10-30,32,17,0.0,80.0,0.0,336.6
11123,2024-05-13,84,15,378.9,196.3,11.0,95.7
11124,2024-11-25,17,21,164.7,440.3,3.5,552.8
11125,2025-11-24,21,6,0.0,270.2,0.0,899.0
11126,2023-10-30,103,12,12.8,190.5,0.3,306.2
11127,2023-05-15,4,10,869.1,403.1,10.0,450.6
11128,2025-09-01,37,13,0.0,388.9,0.0,1063.0
11129,2023-06-12,120,3,453.9,199.1,9.9,355.4
11130,2024-12-23,12,20,2088.0,1476.3,7.1,1787.0
11131,2024-05-13,116,13,827.5,322.9,15.7,298.2
11132,2024-07-08,16,7,753.8,407.6,11.2,418.8
11133,2024-11-25,79,1,2025.6,1101.9,15.1,838.3
11134,2025-12-22,49,11,0.0,714.9,0.0,5200.5
11135,2023-04-17,34,16,168.8,189.8,3.9,370.6
11136,2024-01-22,17,7,915.1,463.3,22.3,169.6
11137,2023-01-01,73,4,671.0,796.2,7.1,313.9
11138,2024-12-23,99,6,864.0,434.8,8.6,846.2
11139,2025-01-20,89,1,472.2,772.4,2.8,840.6
11140,2025-05-12,54,10,274.9,557.4,1.6,589.7
11141,2023-08-07,74,7,0.0,1658.6,0.0,3247.5
11142,2023-11-27,5,14,804.6,635.6,5.3,1479.2
11143,2024-09-30,28,4,2019.1,1912.3,9.6,2116.4
11144,2024-02-19,74,4,2639.5,1932.6,6.6,767.6
11145,2024-08-05,10,10,39.7,247.5,0.6,501.7
11146,2023-12-25,34,22,0.0,370.0,0.0,1600.3
11147,2025-09-01,88,15,277.7,266.1,4.3,505.4
11148,2025-07-07,51,1,406.1,305.1,11.2,195.4
11149,2023-05-15,32,6,46.6,62.7,2.4,111.2
11150,2025-04-14,41,16,331.2,193.7,8.4,192.6
11151,2024-11-25,98,6,0.0,282.2,0.0,760.3
11152,2025-01-20,50,12,173.3,1260.0,0.7,3160.3
11153,2024-09-30,61,4,284.1,183.4,12.5,165.2
11154,2023-10-02,21,5,187.4,191.8,4.8,293.7
11155,2024-05-13,24,1,71.5,153.0,2.4,328.5
11156,2025-05-12,32,11,2.0,126.0,0.1,150.2
11157,2025-04-14,89,18,131.5,392.0,1.1,761.6
11158,2025-07-07,72,18,932.4,847.3,8.9,339.7
11159,2023-12-25,24,11,229.7,143.6,7.4,220.2
11160,2024-09-02,118,5,615.7,403.0,15.5,292.8
11161,2023-12-25,26,7,0.0,427.3,0.0,2135.7
11162,2023-04-17,80,4,505.0,423.6,5.2,749.9
11163,2024-02-19,102,17,450.4,692.9,8.2,486.1
11164,2025-08-04,90,11,17.8,35.8,3.2,30.9
11165,2023-10-30,39,12,0.0,773.3,0.0,1881.5
11166,2023-10-02,110,21,350.2,397.8,11.5,281.7
11167,2023-02-20,71,6,170.0,580.0,3.6,173.5
11168,2023-01-23,15,12,3010.6,1692.1,16.4,1110.7
11169,2023-10-02,38,12,266.7,406.0,2.5,800.2
11170,2024-11-25,41,15,229.7,127.5,7.9,271.6
11171,2023-01-01,30,19,516.1,187.4,11.1,254.2
11172,2024-04-15,115,22,4858.2,2457.1,23.6,1003.4
11173,2023-02-20,72,15,456.0,640.8,6.7,435.7
11174,2023-03-20,43,12,427.3,359.1,5.0,266.2
11175,2024-11-25,17,7,0.0,463.3,0.0,229.6
11176,2024-02-19,97,2,406.8,302.8,13.7,267.9
11177,2023-03-20,23,9,2513.2,727.0,13.6,304.7
11178,2025-09-01,72,12,826.2,1202.3,5.6,1392.2
11179,2024-08-05,73,21,1354.5,646.5,16.1,210.8
11180,2023-05-15,58,3,2297.7,814.0,16.2,575.6
11181,2024-04-15,65,19,0.0,1189.3,0.0,961.7
11182,2025-11-24,120,21,540.1,339.5,6.1,884.3
11183,2024-09-30,101,9,94.6,48.6,6.6,88.5
11184,2023-10-30,94,20,392.0,362.3,4.9,615.2
11185,2024-06-10,2,6,1647.5,1255.7,10.0,324.8
11186,2023-10-02,94,20,0.0,362.3,0.0,575.1
11187,2023-06-12,81,12,260.5,817.2,1.5,1439.7
11188,2023-03-20,69,13,268.4,176.0,6.5,228.4
11189,2024-06-10,54,2,1676.6,565.7,10.5,422.5
11190,2024-11-25,34,19,63.8,260.5,1.1,316.2
11191,2025-06-09,37,10,1106.6,853.1,6.2,1473.3
11192,2025-02-17,24,11,23.8,143.6,0.8,129.8
11193,2025-10-27,63,2,1711.7,1144.2,10.0,1254.5
11194,2025-04-14,12,13,470.5,636.2,3.3,1301.1
11195,2023-05-15,72,9,55.8,945.9,0.5,1384.0
11196,2023-05-15,61,18,501.5,181.8,31.9,54.9
11197,2023-10-02,99,21,0.0,780.9,0.0,1420.6
11198,2025-07-07,116,14,2199.7,858.2,20.5,235.0
11199,2023-06-12,38,19,1105.0,333.6,12.6,315.2
11200,2024-05-13,13,8,69.1,295.2,1.8,244.5
11201,2025-12-22,23,2,2734.1,855.4,11.7,1722.0
11202,2024-04-15,106,8,994.8,322.5,17.1,256.5
11203,2025-04-14,113,15,222.7,215.0,4.8,189.8
11204,2023-10-02,18,4,1272.1,1910.1,3.9,4897.6
11205,2024-04-15,101,6,54.6,53.1,4.4,121.1
11206,2023-12-25,88,15,201.2,266.1,3.1,623.0
11207,2024-04-15,55,11,2981.0,1351.3,11.6,1111.5
11208,2024-08-05,65,11,2683.6,1060.4,17.8,532.7
11209,2024-09-30,13,21,685.6,514.3,15.7,350.7
11210,2025-06-09,111,10,1586.7,1092.1,4.9,1393.8
11211,2025-03-17,37,2,778.8,866.2,3.8,2203.8
11212,2025-05-12,94,4,86.3,430.0,1.1,352.0
11213,2024-03-18,110,5,127.9,135.6,7.3,43.7
11214,2024-06-10,66,12,368.5,162.4,11.2,141.4
11215,2023-03-20,98,11,543.9,451.6,6.4,582.2
11216,2024-12-23,109,15,394.2,265.1,5.4,593.2
11217,2023-10-30,111,7,2255.6,1032.1,8.3,1441.5
11218,2024-01-22,96,3,87.1,325.2,1.3,322.0
11219,2024-04-15,94,4,776.6,430.0,9.9,307.7
11220,2023-10-02,13,20,269.9,389.2,5.8,336.0
11221,2024-09-30,63,4,1200.7,1340.9,7.4,498.3
11222,2024-05-13,94,18,320.4,250.0,5.2,403.3
11223,2023-04-17,98,14,0.0,353.3,0.0,610.4
11224,2023-03-20,96,3,283.6,325.2,4.3,407.2
11225,2023-04-17,108,3,248.4,211.8,13.1,82.0
11226,2024-03-18,50,15,850.9,694.9,6.8,651.6
11227,2025-12-22,120,6,272.1,270.0,4.2,823.9
11228,2024-02-19,45,9,929.5,399.5,8.0,335.1
11229,2023-10-02,110,11,648.8,374.7,21.3,251.5
11230,2025-09-01,120,7,570.5,389.7,6.7,604.0
11231,2024-10-28,71,17,952.6,688.2,16.0,375.7
11232,2024-04-15,20,9,1120.3,1276.9,6.5,1044.0
11233,2025-11-24,10,6,0.0,272.0,0.0,377.6
11234,2025-12-22,41,8,640.1,139.2,16.8,221.5
11235,2025-08-04,98,11,423.2,451.6,5.0,318.3
11236,2025-12-22,111,8,425.3,1000.4,1.8,1592.2
11237,2023-08-07,88,15,0.0,266.1,0.0,832.4
11238,2024-06-10,52,5,0.0,76.8,0.0,337.5
11239,2024-05-13,24,12,324.8,174.5,9.5,179.8
11240,2024-03-18,65,11,0.0,1060.4,0.0,1164.4
11241,2023-09-04,35,16,0.0,1269.1,0.0,2483.4
11242,2024-06-10,1,14,3178.9,1472.3,17.6,845.9
11243,2025-04-14,18,4,0.0,1910.1,0.0,2894.1
11244,2024-02-19,50,15,1177.4,694.9,9.3,907.7
11245,2024-06-10,91,6,798.9,540.4,12.0,289.2
11246,2024-09-02,104,8,771.2,225.9,33.8,98.3
11247,2025-07-07,11,19,706.6,1502.0,2.8,1802.9
11248,2024-02-19,56,19,696.1,1707.1,3.7,2068.8
11249,2024-02-19,64,14,500.1,631.4,3.3,1938.9
11250,2024-08-05,55,15,3.3,925.5,0.0,1082.3
11251,2023-09-04,119,12,62.9,260.6,1.2,283.3
11252,2025-07-07,108,15,142.7,206.8,6.8,173.5
11253,2025-09-29,42,2,371.5,695.6,2.9,447.1
11254,2023-07-10,87,22,2122.2,941.8,6.8,1354.6
11255,2023-08-07,83,5,0.0,480.5,0.0,1603.2
11256,2023-04-17,76,9,99.7,109.4,11.3,79.6
11257,2024-09-02,34,12,157.4,298.3,2.1,579.0
11258,2023-11-27,23,3,247.9,445.3,2.1,828.4
11259,2024-12-23,53,19,738.6,889.9,3.3,2635.6
11260,2024-05-13,36,12,1207.9,418.3,34.1,136.6
11261,2024-03-18,13,15,541.5,263.7,22.1,325.4
11262,2024-09-02,3,6,717.4,363.7,8.9,742.8
11263,2025-09-01,22,21,533.3,484.3,4.2,549.0
11264,2023-09-04,65,17,450.4,1451.4,3.2,1389.5
11265,2025-11-24,9,14,811.7,411.4,9.7,484.9
11266,2023-04-17,78,6,1324.8,641.5,10.1,544.5
11267,2024-08-05,75,21,378.3,716.5,2.5,794.5
11268,2023-03-20,45,13,741.4,404.1,10.7,395.6
11269,2024-09-02,38,7,179.9,306.2,2.1,472.9
11270,2023-06-12,78,6,908.7,641.5,6.9,956.2
11271,2025-01-20,30,13,91.6,154.4,3.2,171.6
11272,2025-10-27,98,7,651.1,266.7,7.1,552.8
11273,2024-05-13,41,22,780.9,306.6,15.0,308.2
11274,2023-09-04,29,10,480.6,898.5,5.9,442.5
11275,2023-02-20,51,7,0.0,365.8,0.0,73.0
11276,2024-04-15,37,17,1808.4,941.6,10.7,977.6
11277,2025-01-20,16,11,1045.6,388.3,14.4,113.7
11278,2023-08-07,69,18,596.9,313.7,10.1,295.0
11279,2024-07-08,48,21,1940.1,1867.9,6.0,1899.6
11280,2025-01-20,45,3,418.3,225.7,5.5,302.1
11281,2023-07-10,83,9,0.0,966.3,0.0,1171.2
11282,2024-11-25,37,16,1636.1,526.6,13.2,642.4
11283,2024-05-13,104,18,101.3,207.5,4.1,94.7
11284,2023-01-23,74,3,1515.1,1072.7,7.6,969.8
11285,2025-12-22,6,22,1256.9,1069.3,5.5,1290.9
11286,2023-02-20,98,12,177.5,368.3,1.7,254.0
11287,2024-09-02,98,10,0.0,360.3,0.0,960.5
11288,2023-02-20,27,14,1225.8,593.7,11.9,481.1
11289,2025-12-22,7,17,102.2,125.9,4.0,180.3
11290,2025-09-01,3,21,1338.3,747.4,11.7,329.1
11291,2024-01-22,80,18,763.0,413.2,11.2,472.0
11292,2023-01-01,20,17,1098.5,2103.7,5.7,1918.0
11293,2024-09-30,6,9,749.0,728.8,4.6,768.7
11294,2025-05-12,6,4,1580.7,858.1,8.1,869.5
11295,2023-06-12,116,17,886.7,654.8,9.8,292.9
11296,2025-09-29,54,2,683.2,565.7,4.3,647.8
11297,2024-10-28,117,3,33.2,119.3,0.9,202.2
11298,2025-12-22,15,22,2148.5,1475.2,13.9,1404.3
11299,2023-01-23,115,8,2334.7,1539.3,16.6,822.2
11300,2024-05-13,57,6,949.7,681.7,12.7,246.9
11301,2025-01-20,101,3,78.2,40.3,9.0,48.4
11302,2023-10-30,28,8,2376.7,1678.8,15.5,961.6
11303,2025-06-09,103,12,345.6,190.5,7.6,193.7
11304,2023-05-15,5,11,820.3,692.2,5.5,1468.7
11305,2025-09-01,88,1,944.0,412.1,8.3,787.3
11306,2024-04-15,3,4,1667.5,401.0,13.3,395.2
11307,2024-05-13,1,3,794.2,651.0,8.6,476.3
11308,2025-10-27,105,20,683.6,953.2,5.2,1222.2
11309,2024-11-25,28,17,1969.6,2125.5,10.0,850.6
11310,2023-05-15,120,22,990.1,460.1,10.4,455.2
11311,2025-05-12,16,22,1209.0,497.8,15.1,343.0
11312,2024-10-28,43,20,0.0,294.4,0.0,591.0
11313,2023-06-12,42,14,410.9,590.3,3.3,1098.0
11314,2025-05-12,32,12,391.2,134.1,13.1,67.2
11315,2023-08-07,19,19,75.8,292.9,1.4,239.3
11316,2023-10-02,41,13,149.0,157.4,5.7,136.8
11317,2024-09-02,94,4,0.0,430.0,0.0,903.8
11318,2025-11-24,94,3,336.8,158.9,8.4,261.2
11319,2025-04-14,70,8,608.4,355.5,17.2,210.9
11320,2023-01-01,112,19,986.3,595.7,8.0,457.6
11321,2025-07-07,112,18,122.6,562.2,1.3,495.4
11322,2023-10-02,98,20,762.9,541.1,8.3,462.9
11323,2025-06-09,68,10,599.1,1023.2,2.2,729.6
11324,2025-10-27,33,16,0.0,28.5,0.0,54.0
11325,2024-06-10,64,16,120.8,632.1,1.1,1136.9
11326,2023-10-30,32,22,0.0,170.0,0.0,349.9
11327,2023-01-01,1,13,766.4,670.2,8.6,597.3
11328,2023-07-10,15,17,747.4,1219.8,4.9,624.2
11329,2023-06-12,84,17,0.0,238.8,0.0,642.3
11330,2025-06-09,9,5,213.3,241.1,4.8,378.0
11331,2023-08-07,88,10,996.8,635.5,8.3,387.9
11332,2024-11-25,111,17,3299.1,1696.4,11.5,2250.5
11333,2025-06-09,50,20,3328.5,1395.6,13.5,919.9
11334,2024-09-30,29,17,0.0,491.1,0.0,197.7
11335,2024-03-18,107,9,762.0,356.1,12.6,404.1
11336,2024-03-18,8,9,574.2,1215.1,2.7,952.8
11337,2024-01-22,95,20,1710.5,1835.3,7.8,840.4
11338,2023-12-25,26,18,126.2,298.4,1.6,1072.9
11339,2024-01-22,109,21,1077.1,641.1,8.3,391.1
11340,2023-10-02,32,17,6.1,80.0,0.2,299.8
11341,2024-01-22,117,16,243.9,313.3,4.7,511.3
11342,2024-11-25,119,7,285.8,187.2,6.1,236.0
11343,2024-06-10,118,17,1330.8,595.7,20.3,494.8
11344,2023-10-30,119,14,270.2,279.0,5.0,267.3
11345,2025-11-24,35,19,2940.1,1516.6,8.4,1716.9
11346,2024-01-22,75,10,0.0,496.1,0.0,697.4
11347,2023-01-01,95,19,1379.3,1190.0,8.8,956.3
11348,2025-08-04,61,4,187.3,183.4,8.3,147.5
11349,2024-06-10,52,10,37.0,151.9,0.8,548.9
11350,2024-01-22,75,19,0.0,501.0,0.0,766.8
11351,2025-06-09,87,13,1511.2,695.9,11.3,417.6
11352,2023-07-10,117,18,291.7,198.3,5.7,528.5
11353,2025-12-22,13,7,436.4,352.4,10.8,177.3
11354,2024-08-05,5,11,318.7,692.2,2.1,2250.1
11355,2023-12-25,29,9,0.0,636.4,0.0,950.6
11356,2025-03-17,25,1,54.6,177.0,1.6,352.1
11357,2024-07-08,18,21,3237.3,1229.4,8.9,1557.8
11358,2023-06-12,26,4,270.2,567.2,2.7,549.2
11359,2024-04-15,93,3,302.7,166.2,7.3,339.7
11360,2025-07-07,61,12,205.4,246.1,9.1,99.0
11361,2023-12-25,86,7,392.5,706.6,2.5,2053.2
11362,2024-09-30,13,8,410.7,295.2,10.9,227.0
11363,2024-08-05,75,10,1166.7,496.1,7.7,827.5
11364,2025-02-17,23,17,1533.9,1172.0,8.0,1188.0
11365,2023-12-25,74,11,1481.1,2195.6,3.6,4891.1
11366,2024-11-25,40,8,962.0,1169.4,8.6,815.8
11367,2024-02-19,98,14,762.1,353.3,8.2,236.1
11368,2023-02-20,94,22,1018.0,407.6,12.3,216.8
11369,2023-05-15,76,7,167.6,79.9,16.6,73.8
11370,2025-09-29,67,6,564.5,460.8,6.3,712.8
11371,2025-12-22,29,10,2534.5,898.5,31.2,483.4
11372,2024-07-08,108,7,0.0,387.9,0.0,430.9
11373,2023-05-15,62,9,706.6,547.8,5.4,581.0
11374,2024-12-23,11,19,2128.0,1502.0,8.5,2163.6
11375,2025-04-14,82,9,936.9,289.0,13.1,298.9
11376,2024-05-13,42,14,1418.5,590.3,11.5,509.3
11377,2025-05-12,118,5,250.1,403.0,6.3,182.3
11378,2024-09-30,61,5,221.3,84.0,21.7,37.1
11379,2023-02-20,50,11,3211.7,940.7,13.7,924.5
11380,2023-05-15,106,19,987.2,374.0,15.7,345.3
11381,2025-08-04,116,20,1186.4,829.5,11.5,508.8
11382,2024-05-13,35,13,1194.8,766.3,6.0,1993.8
11383,2024-09-02,17,1,196.4,420.1,4.4,271.9
11384,2024-07-08,37,13,0.0,388.9,0.0,1027.8
11385,2025-03-17,71,6,374.1,580.0,7.9,427.7
11386,2023-04-17,48,8,961.2,1240.6,4.0,1241.9
11387,2024-09-30,44,17,800.5,929.8,10.3,487.4
11388,2023-05-15,6,19,2203.4,707.7,14.2,612.2
11389,2025-05-12,36,13,186.6,197.4,10.9,100.0
11390,2025-12-22,113,4,0.0,276.9,0.0,635.9
11391,2024-06-10,30,19,250.4,187.4,5.4,130.4
11392,2025-12-22,26,4,766.6,567.2,7.6,702.6
11393,2023-10-30,19,2,0.0,347.5,0.0,1056.8
11394,2024-03-18,85,19,471.2,443.0,5.9,559.3
11395,2025-05-12,72,14,0.0,1042.0,0.0,1464.5
11396,2023-06-12,105,20,2066.6,953.2,15.6,390.8
11397,2023-12-25,69,18,159.7,313.7,2.7,282.5
11398,2023-10-02,41,18,334.3,151.0,8.5,259.0
11399,2023-03-20,106,21,953.4,466.9,12.8,309.6
11400,2023-10-02,93,9,31.0,384.0,0.5,522.1
11401,2023-04-17,40,2,2652.9,1732.1,17.5,879.0
11402,2025-09-01,43,9,383.8,205.7,6.1,151.0
11403,2023-10-30,19,4,256.5,209.1,4.1,532.4
11404,2024-02-19,29,19,838.3,733.4,11.8,355.0
11405,2023-06-12,77,19,455.9,455.8,11.7,305.8
11406,2024-04-15,47,4,0.0,1113.1,0.0,1252.9
11407,2023-11-27,109,21,0.0,641.1,0.0,1155.9
11408,2025-07-07,95,15,1953.3,1109.1,18.2,469.1
11409,2025-05-12,46,7,95.8,169.1,4.1,207.2
11410,2025-05-12,50,11,0.0,940.7,0.0,2465.4
11411,2024-02-19,119,8,282.4,157.7,7.2,156.9
11412,2025-04-14,41,12,0.0,354.6,0.0,467.9
11413,2025-09-29,92,11,1579.6,1000.0,9.1,1550.9
11414,2024-01-22,29,9,846.0,636.4,12.6,525.3
11415,2023-06-12,33,19,37.4,34.3,4.9,72.3
11416,2024-01-22,58,21,1396.9,1007.7,4.8,1874.0
11417,2023-02-20,74,6,2409.8,857.7,8.3,822.6
11418,2023-12-25,99,2,1295.4,851.3,8.4,1011.4
11419,2023-07-10,113,15,74.6,215.0,1.6,441.6
11420,2023-03-20,66,20,234.9,155.0,6.7,234.5
11421,2025-04-14,14,1,234.2,208.3,8.7,162.9
11422,2023-10-02,3,4,1485.8,401.0,11.8,576.9
11423,2025-08-04,31,8,194.0,533.9,1.9,762.1
11424,2024-09-30,115,8,1471.7,1539.3,10.5,432.6
11425,2025-06-09,101,3,107.1,40.3,12.3,51.2
11426,2023-08-07,87,14,0.0,1610.4,0.0,2717.5
11427,2025-09-29,106,7,368.5,319.4,5.9,586.0
11428,2023-03-20,97,11,53.3,196.6,1.9,209.9
11429,2023-06-12,84,15,317.0,196.3,9.2,260.1
11430,2024-11-25,116,14,1779.9,858.2,16.6,816.6
11431,2023-03-20,55,11,2809.8,1351.3,10.9,1801.8
11432,2024-02-19,104,13,0.0,141.2,0.0,55.3
11433,2024-07-08,21,5,202.3,191.8,5.2,394.9
11434,2024-09-30,64,5,1046.7,349.7,13.9,548.2
11435,2024-09-02,85,1,607.7,311.7,6.5,1008.0
11436,2023-08-07,18,4,171.6,1910.1,0.5,2131.7
11437,2023-05-15,42,2,477.0,695.6,3.7,1092.1
11438,2025-09-29,11,13,582.0,792.0,4.1,811.6
11439,2024-01-22,93,17,235.3,275.5,3.2,682.1
11440,2025-03-17,97,4,440.7,284.1,15.5,38.6
11441,2025-09-01,85,5,253.7,214.1,5.3,269.0
11442,2025-07-07,36,9,289.9,270.4,9.8,244.3
11443,2024-09-30,29,19,1013.6,733.4,14.3,469.6
11444,2023-09-04,44,1,2050.2,777.2,25.2,533.5
11445,2025-08-04,89,1,611.3,772.4,3.7,1518.6
11446,2024-02-19,94,18,110.8,250.0,1.8,234.4
11447,2024-08-05,31,1,0.0,582.6,0.0,920.4
11448,2023-12-25,51,11,320.0,428.1,8.1,301.0
11449,2023-05-15,30,21,60.8,367.6,1.0,568.3
11450,2023-06-12,98,11,656.1,451.6,7.8,498.6
11451,2023-12-25,20,20,4405.5,2225.0,21.2,748.5
11452,2023-10-30,110,11,327.7,374.7,10.8,93.1
11453,2024-09-30,43,9,67.9,205.7,1.1,447.7
11454,2024-06-10,93,3,260.5,166.2,6.3,472.2
11455,2024-09-02,110,7,868.6,206.1,31.3,236.2
11456,2025-09-01,36,13,470.7,197.4,27.4,155.3
11457,2023-07-10,55,11,2121.4,1351.3,8.2,1993.1
11458,2025-07-07,67,6,971.1,460.8,10.8,454.9
11459,2023-10-30,69,18,0.0,313.7,0.0,625.0
11460,2025-09-29,66,12,200.0,162.4,6.1,352.8
11461,2023-01-23,66,13,0.0,73.2,0.0,240.6
11462,2024-11-25,10,13,449.1,173.3,14.0,156.4
11463,2025-01-20,58,22,1731.0,1225.6,5.8,1842.0
11464,2025-09-01,18,15,0.0,662.8,0.0,1199.4
11465,2024-10-28,66,3,0.0,58.9,0.0,247.5
11466,2024-09-02,98,6,419.5,282.2,6.1,198.8
11467,2023-08-07,42,8,687.1,544.7,6.8,741.7
11468,2025-10-27,65,11,1843.1,1060.4,12.2,762.6
11469,2023-11-27,65,11,2516.3,1060.4,16.7,895.9
11470,2024-11-25,28,4,2191.0,1912.3,10.4,1424.2
11471,2025-07-07,84,14,555.1,400.2,8.9,352.6
11472,2025-08-04,45,15,158.2,400.3,2.0,445.3
11473,2025-10-27,64,5,6.8,349.7,0.1,450.3
11474,2025-10-27,111,3,1054.9,899.1,6.9,848.8
11475,2025-05-12,83,13,0.0,747.8,0.0,1246.6
11476,2023-02-20,43,21,685.1,333.6,8.7,443.4
11477,2023-01-23,13,11,1217.3,411.6,26.8,184.2
11478,2025-12-22,54,6,952.3,523.7,8.7,1386.9
11479,2024-06-10,16,13,155.3,213.0,4.2,261.2
11480,2024-06-10,37,2,973.9,866.2,4.7,947.3
11481,2025-04-14,28,13,0.0,699.4,0.0,456.2
11482,2025-10-27,61,4,720.2,183.4,31.8,136.6
11483,2025-02-17,15,19,1435.6,1489.0,12.1,693.9
11484,2024-06-10,58,22,940.3,1225.6,3.1,1919.8
11485,2025-04-14,19,17,43.5,265.6,0.8,267.8
11486,2023-06-12,21,14,50.1,421.2,0.6,407.0
11487,2024-07-08,93,8,106.9,288.5,1.8,435.0
11488,2024-09-02,40,6,2082.1,951.5,21.2,523.8
11489,2024-05-13,12,16,775.4,1131.1,4.0,953.8
11490,2023-08-07,17,21,610.7,440.3,13.0,185.3
11491,2024-05-13,69,18,255.1,313.7,4.3,324.5
11492,2023-07-10,86,22,0.0,631.2,0.0,761.4
11493,2023-03-20,72,3,1958.8,644.7,29.9,434.1
11494,2024-09-30,76,16,147.6,86.2,20.5,52.0
11495,2025-09-01,15,18,551.0,931.0,4.4,932.1
11496,2023-12-25,87,13,396.4,695.9,3.0,1380.2
11497,2025-12-22,73,4,0.0,796.2,0.0,1128.2
11498,2024-10-28,32,12,249.0,134.1,8.3,239.2
11499,2024-11-25,30,21,824.5,367.6,13.8,282.5
11500,2025-07-07,6,11,1530.4,608.4,7.8,1244.8
11501,2024-10-28,5,11,1367.3,692.2,9.2,1587.2
11502,2024-07-08,61,7,200.4,135.8,10.6,87.1
11503,2025-03-17,1,21,1068.0,1709.9,6.3,1063.1
11504,2024-07-08,66,12,177.7,162.4,5.4,116.2
11505,2023-11-27,15,18,1824.0,931.0,14.4,613.6
11506,2025-04-14,17,6,0.0,281.8,0.0,175.7
11507,2023-10-02,98,6,197.1,282.2,2.9,801.2
11508,2025-09-01,73,20,2446.8,986.3,28.4,227.9
11509,2025-09-29,16,11,826.8,388.3,11.4,723.6
11510,2023-01-01,106,16,0.0,204.2,0.0,716.9
11511,2024-04-15,118,21,2603.9,869.1,36.4,623.4
11512,2024-03-18,40,4,831.3,1219.2,5.7,973.2
11513,2023-08-07,61,7,195.7,135.8,10.3,99.3
11514,2024-01-22,3,1,0.0,436.8,0.0,1975.0
11515,2023-06-12,76,18,31.6,65.3,4.3,51.8
11516,2025-02-17,110,11,541.3,374.7,17.8,132.5
11517,2025-02-17,29,17,0.0,491.1,0.0,583.2
11518,2025-08-04,78,17,903.5,696.7,5.4,354.2
11519,2024-09-30,35,2,1866.0,1653.1,4.6,1182.0
11520,2025-01-20,93,8,672.8,288.5,11.0,250.1
11521,2024-07-08,104,18,263.6,207.5,10.6,187.8
11522,2024-07-08,64,5,179.2,349.7,2.4,411.0
11523,2025-12-22,44,3,710.0,403.1,15.6,383.4
11524,2025-09-01,45,16,262.8,506.6,2.7,366.7
11525,2024-03-18,66,3,126.6,58.9,8.0,56.9
11526,2023-04-17,52,19,275.4,139.9,6.8,184.0
11527,2023-11-27,74,18,2331.0,975.1,7.7,1197.1
11528,2023-07-10,16,13,455.9,213.0,12.3,102.8
11529,2024-06-10,69,13,262.1,176.0,6.4,344.0
11530,2023-09-04,14,6,66.0,223.6,3.4,72.5
11531,2025-12-22,58,16,222.7,985.6,1.1,1276.9
11532,2023-01-23,34,16,0.0,189.8,0.0,437.1
11533,2025-09-01,119,14,0.0,279.0,0.0,337.4
11534,2025-07-07,10,2,0.0,363.6,0.0,694.6
11535,2024-01-22,32,6,143.7,62.7,7.5,34.0
11536,2025-02-17,61,16,101.0,145.5,6.5,124.7
11537,2023-05-15,119,7,269.8,187.2,5.7,252.1
11538,2025-01-20,63,4,1945.9,1340.9,11.9,773.1
11539,2025-10-27,93,6,623.4,309.3,10.7,321.4
11540,2024-02-19,52,15,365.3,137.3,13.7,81.3
11541,2023-04-17,26,4,1119.9,567.2,11.1,349.3
11542,2023-04-17,86,7,1744.6,706.6,10.9,817.7
11543,2024-11-25,68,18,1431.5,1111.6,7.8,1295.1
11544,2025-09-01,58,3,201.1,814.0,1.4,872.8
11545,2025-03-17,88,17,294.5,384.0,2.7,1330.6
11546,2025-07-07,73,16,282.3,651.9,4.3,343.8
11547,2025-09-01,50,20,3474.2,1395.6,14.1,1711.6
11548,2024-07-08,4,3,263.4,207.6,6.8,242.1
11549,2025-10-27,120,6,640.8,270.0,10.0,232.8
11550,2023-12-25,2,14,1675.4,1629.8,7.8,1400.1
11551,2025-07-07,118,17,0.0,595.7,0.0,401.1
11552,2025-05-12,42,5,954.8,328.7,14.0,394.3
11553,2023-07-10,106,21,964.2,466.9,12.9,287.0
11554,2024-09-30,37,15,0.0,420.1,0.0,1247.8
11555,2025-08-04,72,2,2569.3,1419.0,19.7,1067.3
11556,2023-10-02,37,3,0.0,423.3,0.0,1470.1
11557,2023-11-27,78,16,1270.5,485.5,10.0,725.1
11558,2025-12-22,27,14,603.0,593.7,5.9,652.0
11559,2024-10-28,3,5,577.7,388.2,8.8,533.3
11560,2025-02-17,24,13,112.4,52.9,7.6,29.7
11561,2025-09-29,104,19,663.6,240.4,24.7,179.2
11562,2025-04-14,61,19,126.2,140.7,6.6,198.8
11563,2025-02-17,51,22,653.9,319.1,15.6,128.7
11564,2023-10-30,15,4,1138.1,1135.1,7.5,1127.7
11565,2025-02-17,116,3,40.8,463.0,0.7,350.0
11566,2023-01-23,94,14,531.0,425.2,6.6,364.4
11567,2024-09-02,19,6,156.8,250.3,3.6,410.8
11568,2025-01-20,76,7,101.8,79.9,10.1,84.4
11569,2023-06-12,114,17,690.4,244.1,10.0,359.1
11570,2023-11-27,71,2,371.9,797.9,5.2,652.3
11571,2023-10-02,10,8,858.9,284.0,16.9,206.7
11572,2024-08-05,64,14,2406.6,631.4,15.8,1220.4
11573,2023-02-20,13,5,250.1,266.9,10.1,121.7
11574,2025-12-22,48,1,0.0,1089.4,0.0,3148.4
11575,2023-01-01,95,12,399.4,1800.7,1.9,2779.0
11576,2024-06-10,44,13,246.2,355.5,5.9,272.7
11577,2023-09-04,48,22,70.7,1773.3,0.2,2857.1
11578,2025-09-01,3,19,65.7,474.2,0.7,503.8
11579,2025-06-09,105,13,1076.2,458.6,18.4,464.0
11580,2024-10-28,30,13,265.2,154.4,9.3,79.4
11581,2024-11-25,3,18,81.0,503.4,0.9,640.1
11582,2025-12-22,113,6,0.0,284.2,0.0,434.4
11583,2023-11-27,66,12,0.0,162.4,0.0,767.1
11584,2023-01-23,74,6,746.2,857.7,2.6,865.8
11585,2024-03-18,6,14,688.3,709.1,3.8,1366.7
11586,2024-04-15,32,12,128.5,134.1,4.3,94.3
11587,2024-09-02,109,15,288.8,265.1,4.0,407.6
11588,2023-07-10,9,13,370.7,183.0,8.5,99.0
11589,2025-03-17,26,10,262.7,419.3,2.5,405.1
11590,2023-11-27,103,1,403.9,201.6,10.0,205.4
11591,2024-10-28,44,2,639.5,707.7,7.0,366.5
11592,2025-11-24,56,3,245.0,1209.0,2.2,592.2
11593,2024-12-23,30,21,711.8,367.6,11.9,408.1
11594,2023-07-10,12,14,1583.1,1407.4,5.9,2399.6
11595,2025-10-27,22,9,781.5,632.9,7.1,1170.4
11596,2025-05-12,77,19,325.9,455.8,8.3,180.1
11597,2024-01-22,9,1,692.8,314.2,7.3,566.6
11598,2023-05-15,52,5,223.9,76.8,8.3,92.2
11599,2023-12-25,112,12,0.0,592.0,0.0,2477.0
11600,2025-07-07,40,8,1896.8,1169.4,17.0,672.3
11601,2025-02-17,56,18,1033.0,1360.0,6.1,1911.3
11602,2023-01-01,105,20,1780.0,953.2,13.4,422.3
11603,2024-07-08,43,10,1234.3,340.5,15.6,373.5
11604,2023-08-07,76,12,37.1,97.3,3.5,53.0
11605,2023-09-04,84,15,379.7,196.3,11.0,70.9
11606,2025-09-29,1,2,1567.8,1612.9,7.7,830.1
11607,2025-06-09,2,13,1353.7,1169.0,11.5,364.6
11608,2023-02-20,15,17,845.3,1219.8,5.5,3249.0
11609,2025-01-20,3,19,1025.7,474.2,10.3,785.8
11610,2023-09-04,61,17,470.1,231.1,23.8,112.0
11611,2025-04-14,120,12,0.0,349.9,0.0,493.5
11612,2023-12-25,10,13,139.5,173.3,4.3,293.3
11613,2025-12-22,36,8,0.0,334.2,0.0,162.8
11614,2024-11-25,18,3,0.0,698.6,0.0,2237.9
11615,2023-02-20,23,5,304.0,555.2,2.4,476.8
11616,2023-11-27,94,3,286.1,158.9,7.1,311.9
11617,2023-03-20,42,4,762.5,709.3,5.6,916.5
11618,2023-07-10,99,15,35.9,238.1,0.4,461.5
11619,2025-07-07,29,10,2086.8,898.5,25.7,837.0
11620,2023-01-01,80,22,1121.2,496.4,11.8,997.4
11621,2025-07-07,33,4,47.2,45.7,5.4,50.5
11622,2025-06-09,1,3,0.0,651.0,0.0,667.5
11623,2023-10-30,17,16,0.0,316.5,0.0,869.2
11624,2023-04-17,81,5,0.0,454.2,0.0,843.4
11625,2023-01-23,43,9,105.7,205.7,1.7,256.8
11626,2023-09-04,62,22,1329.8,601.0,8.6,622.7
11627,2025-06-09,111,13,0.0,557.6,0.0,1473.4
11628,2023-09-04,40,8,1131.8,1169.4,10.1,462.5
11629,2024-09-30,36,19,555.9,243.9,17.7,99.5
11630,2024-11-25,74,11,2395.9,2195.6,5.8,2275.9
11631,2023-05-15,20,15,1845.3,824.7,16.7,1087.8
11632,2025-02-17,45,5,413.9,396.7,5.4,401.5
11633,2023-09-04,58,1,2424.1,1659.8,8.2,2319.3
11634,2024-03-18,50,9,1187.6,1127.9,6.4,1463.7
11635,2025-03-17,71,7,1193.3,579.4,20.5,360.1
11636,2023-03-20,102,22,666.1,828.9,10.6,238.3
11637,2023-08-07,61,22,2.8,234.9,0.1,187.8
11638,2025-06-09,3,15,780.6,321.4,12.6,219.5
11639,2024-03-18,38,12,585.3,406.0,5.5,481.7
11640,2024-11-25,31,22,613.5,540.7,3.8,972.3
11641,2023-06-12,11,9,2879.5,1138.3,11.3,945.7
11642,2025-10-27,66,13,80.6,73.2,4.8,67.3
11643,2025-01-20,87,3,1547.0,669.2,11.3,311.5
11644,2024-03-18,81,11,0.0,890.7,0.0,3199.0
11645,2023-05-15,28,17,4184.2,2125.5,21.3,1414.5
11646,2024-06-10,18,3,162.4,698.6,0.9,824.1
11647,2023-01-01,41,7,323.6,310.0,6.6,440.3
11648,2024-08-05,13,5,173.4,266.9,7.0,98.5
11649,2023-12-25,13,17,0.0,472.0,0.0,366.2
11650,2023-03-20,52,7,508.4,241.7,12.6,97.4
11651,2025-03-17,45,16,696.1,506.6,7.2,667.9
11652,2024-08-05,51,13,509.0,227.6,26.0,97.7
11653,2024-10-28,20,21,0.0,2100.4,0.0,3662.1
11654,2025-01-20,48,9,1865.1,1585.0,6.8,1689.5
11655,2023-11-27,54,4,689.6,624.3,4.5,1833.2
11656,2025-07-07,114,17,0.0,244.1,0.0,383.2
11657,2023-01-23,32,1,279.7,137.0,10.0,98.8
11658,2025-11-24,43,12,350.3,359.1,4.1,562.3
11659,2024-05-13,61,7,0.0,135.8,0.0,139.1
11660,2025-03-17,3,1,0.0,436.8,0.0,2306.8
11661,2024-05-13,93,2,779.3,522.4,9.1,829.7
11662,2024-12-23,60,9,239.7,399.4,3.2,473.3
11663,2024-10-28,17,21,262.0,440.3,5.6,231.0
11664,2023-07-10,52,22,408.6,273.7,8.6,341.3
11665,2025-11-24,120,22,203.5,460.1,2.1,429.1
11666,2025-08-04,34,18,239.3,250.9,5.0,330.6
11667,2025-03-17,86,20,2159.7,1014.6,10.7,982.9
11668,2025-11-24,10,18,0.0,263.1,0.0,449.4
11669,2023-09-04,113,15,92.5,215.0,2.0,240.3
11670,2024-12-23,21,5,406.8,191.8,10.4,190.4
11671,2024-07-08,109,20,1979.1,790.0,14.2,827.8
11672,2025-09-01,6,11,498.9,608.4,2.5,527.4
11673,2024-08-05,31,21,272.8,740.0,2.0,487.7
11674,2025-06-09,15,19,3656.3,1489.0,30.7,504.5
11675,2025-07-07,28,4,2595.4,1912.3,12.3,1262.2
11676,2023-02-20,20,15,1882.3,824.7,17.1,472.9
11677,2024-04-15,72,9,1450.1,945.9,13.2,745.0
11678,2024-05-13,26,11,576.8,350.4,5.8,405.9
11679,2024-06-10,7,22,0.0,121.7,0.0,248.1
11680,2024-06-10,87,19,1511.5,1145.1,6.2,1103.6
11681,2024-03-18,1,1,1406.1,1806.9,7.8,908.6
11682,2024-01-22,118,17,221.2,595.7,3.4,797.4
11683,2024-02-19,90,11,43.5,35.8,7.8,54.9
11684,2025-10-27,82,3,0.0,177.7,0.0,363.1
11685,2025-11-24,33,20,134.0,48.2,13.9,68.1
11686,2025-06-09,36,13,353.3,197.4,20.6,68.5
11687,2025-04-14,11,12,177.9,1526.5,0.5,2654.1
11688,2025-10-27,41,7,373.3,310.0,7.6,365.7
11689,2023-08-07,110,6,517.3,224.4,25.2,101.7
11690,2025-01-20,75,18,1687.0,390.6,14.5,319.3
11691,2024-06-10,116,18,0.0,618.5,0.0,383.1
11692,2023-10-30,45,5,609.0,396.7,8.0,557.6
11693,2025-08-04,61,7,490.4,135.8,25.9,144.1
11694,2024-03-18,78,16,1460.6,485.5,11.5,427.4
11695,2025-01-20,72,15,607.1,640.8,8.9,620.9
11696,2023-09-04,2,20,0.0,1676.9,0.0,2500.7
11697,2024-01-22,14,3,269.5,112.4,18.2,35.7
11698,2025-11-24,52,19,0.0,139.9,0.0,319.3
11699,2023-01-01,36,12,547.8,418.3,15.5,279.7
11700,2023-05-15,41,1,414.2,282.5,7.7,351.3
11701,2024-01-22,103,4,479.5,247.2,11.4,162.5
11702,2023-03-20,89,19,1897.8,690.0,14.1,656.6
11703,2025-02-17,3,21,1179.7,747.4,10.3,582.9
11704,2025-09-29,7,22,345.6,121.7,10.7,180.6
11705,2025-09-01,2,18,1170.2,1219.4,7.5,671.3
11706,2025-09-01,2,22,1393.6,2547.9,6.5,1210.4
11707,2024-01-22,94,18,534.1,250.0,8.6,147.3
11708,2023-06-12,37,16,1505.4,526.6,12.1,880.8
11709,2025-04-14,54,4,0.0,624.3,0.0,1069.7
11710,2025-01-20,78,15,1049.1,498.7,11.5,213.6
11711,2024-02-19,52,4,407.8,192.6,8.8,223.8
11712,2025-09-01,3,10,1553.7,453.1,13.3,490.0
11713,2024-09-02,35,13,0.0,766.3,0.0,997.9
11714,2025-08-04,32,11,1.4,126.0,0.0,201.2
11715,2023-09-04,18,18,172.4,1145.8,0.6,1380.5
11716,2025-11-24,84,17,695.5,238.8,11.0,394.7
11717,2023-02-20,56,18,850.1,1360.0,5.0,565.8
11718,2025-03-17,70,8,507.2,355.5,14.3,211.4
11719,2025-12-22,106,19,130.6,374.0,2.1,392.0
11720,2023-09-04,72,2,2446.4,1419.0,18.8,878.8
11721,2025-08-04,74,18,481.2,975.1,1.6,1278.1
11722,2024-06-10,51,14,199.2,302.3,5.0,83.5
11723,2023-08-07,28,4,2370.4,1912.3,11.2,856.3
11724,2025-11-24,112,22,1079.4,785.6,7.7,864.9
11725,2024-10-28,49,17,1420.3,824.9,7.6,768.9
11726,2025-06-09,87,14,5258.7,1610.4,19.0,860.5
11727,2024-01-22,4,7,805.9,259.3,10.6,709.7
11728,2024-01-22,47,18,1204.8,1163.9,5.7,805.8
11729,2025-08-04,49,16,1060.3,574.6,7.3,889.9
11730,2025-02-17,78,15,542.7,498.7,5.9,442.6
11731,2024-05-13,10,10,625.7,247.5,9.6,322.4
11732,2025-09-29,9,16,158.2,331.5,2.7,597.8
11733,2023-03-20,7,22,37.9,121.7,1.2,135.8
11734,2023-09-04,92,2,0.0,888.4,0.0,2267.7
11735,2024-01-22,41,15,358.9,127.5,12.3,94.9
11736,2023-01-01,40,6,1094.1,951.5,11.1,615.7
11737,2023-11-27,33,10,16.5,34.2,1.7,93.9
11738,2025-08-04,13,2,624.0,627.9,12.1,365.8
11739,2024-11-25,4,21,364.1,303.6,4.5,262.8
11740,2023-07-10,87,12,0.0,1280.6,0.0,2261.0
11741,2023-08-07,3,21,1335.5,747.4,11.7,547.2
11742,2024-10-28,71,13,0.0,310.5,0.0,201.0
11743,2023-07-10,20,21,3476.3,2100.4,16.5,767.7
11744,2024-12-23,93,3,634.1,166.2,15.2,143.3
11745,2023-09-04,36,19,206.8,243.9,6.6,144.1
11746,2025-05-12,48,8,3623.9,1240.6,15.1,585.4
11747,2024-08-05,66,3,33.8,58.9,2.1,86.4
11748,2023-06-12,58,3,1315.2,814.0,9.3,1564.6
11749,2023-10-30,47,4,3448.0,1113.1,13.2,1659.4
11750,2023-01-23,117,16,145.4,313.3,2.8,504.5
11751,2024-04-15,58,18,0.0,860.6,0.0,13709.9
11752,2023-11-27,26,17,936.6,309.1,11.0,459.5
11753,2024-12-23,31,15,486.2,242.5,6.5,623.5
11754,2025-06-09,114,19,575.7,196.6,8.6,351.6
11755,2023-08-07,21,5,72.6,191.8,1.9,291.4
11756,2024-02-19,16,21,440.0,353.3,5.9,592.2
11757,2024-03-18,4,19,517.6,301.3,8.3,539.4
11758,2025-09-01,45,4,872.6,506.2,6.3,693.6
11759,2025-02-17,13,5,166.5,266.9,6.7,146.0
11760,2025-11-24,97,14,0.0,182.5,0.0,390.4
11761,2025-06-09,45,13,436.3,404.1,6.3,619.1
11762,2025-07-07,84,13,500.8,145.4,16.4,192.1
11763,2024-08-05,82,6,69.1,276.4,1.2,974.5
11764,2023-06-12,108,13,207.9,134.0,11.6,159.8
11765,2024-07-08,33,10,58.5,34.2,6.1,51.9
11766,2024-02-19,81,16,467.1,521.6,4.2,906.9
11767,2025-10-27,45,5,0.0,396.7,0.0,651.1
11768,2023-11-27,42,5,259.6,328.7,3.8,379.4
11769,2024-01-22,26,11,976.2,350.4,9.8,230.9
11770,2024-04-15,109,12,851.8,561.6,6.1,1061.2
11771,2025-04-14,18,18,730.8,1145.8,2.7,2062.4
11772,2023-10-02,40,6,499.5,951.5,5.1,1025.4
11773,2023-12-25,71,7,0.0,579.4,0.0,687.2
11774,2023-06-12,52,10,261.8,151.9,5.3,233.7
11775,2024-09-30,30,19,0.0,187.4,0.0,1150.1
11776,2025-08-04,9,14,0.0,411.4,0.0,1033.9
11777,2023-11-27,94,11,587.2,278.3,7.7,656.2
11778,2025-10-27,96,12,0.0,675.2,0.0,1078.7
11779,2024-11-25,24,12,123.4,174.5,3.6,153.2
11780,2024-01-22,91,11,1379.4,780.6,16.2,466.4
11781,2023-03-20,31,17,817.5,406.8,6.7,480.3
11782,2023-11-27,97,14,327.7,182.5,11.8,232.1
11783,2024-01-22,106,7,571.4,319.4,9.2,303.9
11784,2023-08-07,5,7,1101.5,662.3,8.2,1224.4
11785,2023-10-30,76,13,100.2,56.1,19.3,22.3
11786,2024-10-28,3,18,94.8,503.4,1.1,428.1
11787,2024-07-08,92,11,1803.6,1000.0,10.3,1616.5
11788,2025-05-12,43,10,710.1,340.5,9.0,608.9
11789,2024-05-13,18,3,2535.9,698.6,13.5,771.7
11790,2025-05-12,55,16,1998.6,687.4,10.4,613.2
11791,2023-06-12,71,13,0.0,310.5,0.0,343.5
11792,2023-01-23,39,4,538.8,711.6,4.0,564.5
11793,2025-06-09,111,20,2023.0,1396.0,6.7,873.3
11794,2024-02-19,25,5,20.7,116.9,1.0,151.4
11795,2025-05-12,33,4,93.1,45.7,10.7,52.4
11796,2025-12-22,118,19,365.1,519.9,6.3,565.5
11797,2025-09-29,38,13,498.6,152.1,10.1,140.7
11798,2025-03-17,83,5,1170.1,480.5,7.8,1318.6
11799,2023-03-20,53,18,1256.5,835.5,6.4,954.6
11800,2025-01-20,44,7,1028.6,799.7,12.4,1268.0
11801,2024-08-05,95,19,580.9,1190.0,3.7,729.8
11802,2023-10-02,38,9,414.1,352.5,5.0,618.0
11803,2023-11-27,12,13,0.0,636.2,0.0,3537.7
11804,2025-09-01,89,3,221.2,335.2,2.8,374.8
11805,2024-06-10,40,4,1448.0,1219.2,10.0,1037.0
11806,2023-08-07,111,10,1840.4,1092.1,5.6,2867.7
11807,2024-02-19,118,19,503.8,519.9,8.7,369.7
11808,2023-03-20,82,7,862.7,330.4,11.9,345.8
11809,2025-11-24,52,9,250.6,208.0,6.8,358.6
11810,2024-03-18,24,12,172.2,174.5,5.0,198.9
11811,2024-10-28,92,13,279.1,482.0,2.8,416.1
11812,2025-12-22,76,6,40.5,89.5,5.0,97.6
11813,2024-04-15,114,14,125.3,285.4,1.8,346.1
11814,2025-08-04,30,18,477.0,210.3,11.1,273.2
11815,2023-10-02,108,17,319.7,306.5,9.1,233.9
11816,2024-08-05,18,18,360.1,1145.8,1.3,2089.5
11817,2025-06-09,83,13,1833.3,747.8,11.9,243.1
11818,2023-12-25,84,12,133.4,304.8,1.8,687.6
11819,2025-05-12,56,4,973.2,1786.3,4.2,1475.8
11820,2024-05-13,28,3,2736.3,731.9,28.3,497.9
11821,2023-09-04,14,5,76.1,165.3,5.5,48.9
11822,2025-06-09,102,6,565.4,505.6,13.4,449.8
11823,2025-07-07,92,11,3155.1,1000.0,18.1,662.3
11824,2023-04-17,106,7,0.0,319.4,0.0,669.7
11825,2023-09-04,6,7,1025.0,555.5,5.9,615.1
11826,2023-01-23,42,16,442.0,369.8,5.0,311.0
11827,2025-12-22,100,20,0.0,89.6,0.0,177.1
11828,2024-07-08,53,19,2120.5,889.9,9.5,966.6
11829,2024-07-08,60,1,1493.2,503.4,15.4,327.8
11830,2024-08-05,60,19,892.0,461.7,11.7,333.8
11831,2023-10-02,29,8,892.2,595.2,15.3,342.0
11832,2023-03-20,84,13,476.4,145.4,15.6,125.3
11833,2025-05-12,16,7,70.8,407.6,1.0,569.3
11834,2023-04-17,90,14,30.5,22.9,5.5,32.4
11835,2024-09-02,110,21,679.9,397.8,22.3,422.4
11836,2023-02-20,62,22,299.9,601.0,1.9,824.2
11837,2024-05-13,111,10,491.1,1092.1,1.5,2412.3
11838,2023-10-30,100,11,9.4,68.2,0.4,240.6
11839,2024-07-08,99,19,619.4,648.5,5.2,571.0
11840,2023-11-27,38,12,341.2,406.0,3.2,725.7
11841,2023-04-17,38,18,627.0,228.1,8.2,364.9
11842,2024-05-13,15,1,633.1,1624.2,4.0,1386.0
11843,2023-04-17,32,12,113.3,134.1,3.8,150.5
11844,2024-12-23,97,14,266.3,182.5,9.6,265.2
11845,2023-08-07,93,22,336.9,361.6,3.7,748.1
11846,2024-09-02,29,8,1593.8,595.2,27.3,343.0
11847,2024-01-22,33,19,64.7,34.3,8.4,24.0
11848,2023-08-07,107,12,828.6,304.1,9.8,399.2
11849,2025-04-14,40,2,1190.8,1732.1,7.8,1073.5
11850,2025-11-24,62,22,986.5,601.0,6.4,614.6
11851,2024-10-28,110,5,442.7,135.6,25.3,58.4
11852,2023-09-04,28,13,564.4,699.4,5.1,579.7
11853,2023-02-20,68,8,697.2,751.4,3.8,1557.8
11854,2025-08-04,54,12,450.3,644.6,2.7,1465.4
11855,2023-01-01,21,7,694.4,356.7,10.2,192.3
11856,2025-10-27,72,18,564.8,847.3,5.4,2184.5
11857,2023-06-12,61,4,89.9,183.4,4.0,133.3
11858,2024-08-05,44,13,72.8,355.5,1.7,217.7
11859,2023-02-20,41,7,376.5,310.0,7.6,427.2
11860,2023-06-12,8,19,1982.3,1069.6,9.9,2103.3
11861,2023-01-01,50,13,1126.5,543.5,9.7,738.2
11862,2023-10-30,71,2,1990.6,797.9,27.8,294.3
11863,2023-03-20,27,15,285.2,340.8,5.3,336.9
11864,2024-04-15,58,3,0.0,814.0,0.0,990.1
11865,2024-12-23,65,12,1617.5,1115.7,8.9,772.0
11866,2025-05-12,42,2,1143.5,695.6,8.8,1061.3
11867,2025-02-17,31,22,680.7,540.7,4.2,339.2
11868,2025-11-24,38,13,0.0,152.1,0.0,352.8
11869,2023-09-04,37,8,6.8,582.6,0.1,784.3
11870,2023-08-07,62,2,1872.0,684.2,12.0,694.9
11871,2023-10-02,57,15,881.4,488.0,16.3,304.5
11872,2023-08-07,9,17,4.9,366.3,0.1,850.3
11873,2023-10-30,12,20,909.9,1476.3,3.1,1546.4
11874,2023-05-15,35,9,0.0,1702.5,0.0,5743.7
11875,2025-09-29,99,12,0.0,590.7,0.0,2057.5
11876,2024-05-13,117,3,289.1,119.3,8.2,224.2
11877,2023-03-20,104,12,284.3,282.7,8.6,186.5
11878,2024-05-13,99,21,518.2,780.9,3.9,665.6
11879,2024-02-19,15,4,3111.3,1135.1,20.4,635.9
11880,2023-02-20,48,21,3371.0,1867.9,10.5,2522.5
11881,2025-07-07,22,20,0.0,538.9,0.0,978.2
11882,2024-05-13,61,12,0.0,246.1,0.0,430.7
11883,2024-04-15,80,5,396.8,179.0,8.1,211.2
11884,2023-07-10,58,16,1840.2,985.6,9.0,1494.7
11885,2023-02-20,3,5,688.9,388.2,10.5,269.4
11886,2023-09-04,1,14,3621.5,1472.3,20.0,765.5
11887,2023-07-10,30,19,0.0,187.4,0.0,425.4
11888,2023-04-17,42,16,702.4,369.8,8.0,623.2
11889,2023-10-02,51,14,0.0,302.3,0.0,542.7
11890,2025-10-27,71,13,425.0,310.5,12.6,183.9
11891,2025-02-17,32,5,174.2,58.9,11.5,55.0
11892,2023-01-01,32,11,307.8,126.0,10.5,54.3
11893,2025-09-01,55,16,2569.5,687.4,13.4,423.1
11894,2024-09-02,44,2,0.0,707.7,0.0,1053.4
11895,2025-01-20,1,13,1280.9,670.2,14.4,242.0
11896,2023-02-20,23,22,591.1,1490.3,2.6,962.8
11897,2024-04-15,99,19,1274.1,648.5,10.7,501.8
11898,2025-06-09,98,10,0.0,360.3,0.0,1227.9
11899,2023-08-07,1,20,4345.9,1975.1,22.3,1018.5
11900,2024-09-02,119,8,55.2,157.7,1.4,132.0
11901,2023-10-30,55,8,2177.9,1018.9,10.5,1735.6
11902,2025-08-04,64,5,804.6,349.7,10.7,437.1
11903,2024-06-10,31,5,0.0,320.3,0.0,470.2
11904,2024-12-23,30,8,641.5,257.1,14.4,157.7
11905,2024-10-28,49,4,1573.4,880.7,7.2,1648.9
11906,2024-03-18,117,22,291.1,359.7,3.8,908.8
11907,2024-02-19,112,19,1139.4,595.7,9.3,605.3
11908,2024-07-08,17,14,1172.3,502.5,25.7,256.3
11909,2023-03-20,99,6,372.3,434.8,3.7,569.5
11910,2023-08-07,3,10,852.9,453.1,7.3,1200.8
11911,2023-03-20,120,21,1144.1,339.5,12.9,215.3
11912,2024-09-30,26,14,758.9,346.3,7.1,379.3
11913,2023-03-20,62,9,863.9,547.8,6.6,272.3
11914,2025-06-09,86,8,884.5,651.1,5.7,630.7
11915,2025-07-07,114,2,1106.3,459.6,14.7,399.1
11916,2025-12-22,51,22,0.0,319.1,0.0,333.0
11917,2023-10-02,63,4,465.8,1340.9,2.9,1376.7
11918,2023-04-17,77,21,877.8,329.0,18.1,403.7
11919,2025-02-17,58,7,1878.5,907.6,7.5,1177.9
11920,2025-08-04,86,20,0.0,1014.6,0.0,4106.0
11921,2025-08-04,91,21,1870.4,969.8,18.7,618.3
11922,2025-09-29,102,17,158.8,692.9,2.9,367.3
11923,2023-06-12,58,20,1127.6,1604.8,3.7,2469.7
11924,2025-07-07,50,11,2368.2,940.7,10.1,1380.7
11925,2024-12-23,6,4,0.0,858.1,0.0,2829.3
11926,2024-11-25,60,1,0.0,503.4,0.0,752.1
11927,2024-09-30,54,4,24.5,624.3,0.2,947.8
11928,2024-09-30,74,11,15.8,2195.6,0.0,3098.9
11929,2023-01-01,52,2,512.9,269.0,11.3,266.9
11930,2023-08-07,87,21,0.0,1095.0,0.0,6960.3
11931,2024-07-08,64,10,1594.4,690.5,10.3,415.2
11932,2025-03-17,10,18,622.8,263.1,12.2,169.3
11933,2025-04-14,35,12,523.6,2577.0,1.2,2574.8
11934,2025-09-29,53,18,2074.0,835.5,10.6,912.3
11935,2024-06-10,45,12,0.0,776.7,0.0,1754.7
11936,2025-01-20,13,11,1722.5,411.6,38.0,137.7
11937,2024-12-23,60,6,787.9,284.3,12.6,315.9
11938,2025-05-12,86,15,635.9,319.2,6.3,722.2
11939,2025-05-12,111,15,933.9,690.0,5.3,1783.3
11940,2025-06-09,36,9,538.7,270.4,18.1,156.6
11941,2023-11-27,71,13,303.9,310.5,9.0,322.1
11942,2023-01-01,36,6,10.9,320.6,0.4,282.6
11943,2025-05-12,71,7,0.0,579.4,0.0,1129.3
11944,2025-10-27,80,6,0.0,333.1,0.0,1239.1
11945,2024-05-13,95,13,542.3,765.0,5.3,762.7
11946,2025-10-27,112,18,749.4,562.2,7.6,796.1
11947,2025-09-01,1,21,806.4,1709.9,4.7,348.2
11948,2023-07-10,26,7,592.7,427.3,6.3,912.0
11949,2025-04-14,79,6,1043.8,924.1,10.7,293.8
11950,2024-06-10,48,8,1976.1,1240.6,8.3,1140.8
11951,2024-01-22,112,13,1058.9,363.7,16.5,342.3
11952,2024-08-05,22,21,1998.5,484.3,15.6,627.6
11953,2025-07-07,3,1,0.0,436.8,0.0,918.8
11954,2025-09-01,51,1,627.1,305.1,17.2,151.9
11955,2023-02-20,116,14,1349.4,858.2,12.6,163.0
11956,2024-02-19,54,13,684.3,325.4,8.3,229.0
11957,2025-10-27,56,3,1459.4,1209.0,13.3,976.3
11958,2023-07-10,60,19,522.1,461.7,6.8,1151.7
11959,2025-09-29,29,10,1292.2,898.5,15.9,216.7
11960,2025-10-27,104,17,200.6,253.7,7.3,163.8
11961,2023-04-17,3,13,696.0,366.6,12.2,327.9
11962,2023-10-30,33,13,16.0,18.6,3.3,26.5
11963,2023-01-23,75,18,920.3,390.6,7.9,652.4
11964,2023-11-27,84,7,315.1,355.2,5.3,458.6
11965,2025-10-27,94,3,589.0,158.9,14.7,131.9
11966,2023-04-17,116,17,407.5,654.8,4.5,299.3
11967,2025-02-17,64,5,0.0,349.7,0.0,487.3
11968,2023-10-30,78,9,0.0,682.1,0.0,944.2
11969,2023-01-23,119,14,166.5,279.0,3.1,358.9
11970,2025-10-27,83,9,2105.3,966.3,8.7,2219.9
11971,2025-02-17,72,2,1724.1,1419.0,13.2,834.5
11972,2025-08-04,71,13,1182.8,310.5,35.2,256.3
11973,2024-02-19,7,22,303.0,121.7,9.4,111.6
11974,2024-11-25,120,19,0.0,256.9,0.0,490.2
11975,2025-06-09,115,1,0.0,1637.3,0.0,2322.5
11976,2023-11-27,111,19,2100.8,1384.7,8.0,1233.5
11977,2025-10-27,44,13,692.1,355.5,16.6,432.7
11978,2023-04-17,96,5,505.2,246.9,6.9,374.7
11979,2025-11-24,117,14,572.8,434.4,8.5,484.6
11980,2023-01-23,114,2,595.1,459.6,7.9,562.1
11981,2025-11-24,7,6,168.6,76.4,8.1,110.1
11982,2023-02-20,32,6,122.6,62.7,6.4,81.9
11983,2025-08-04,52,10,564.7,151.9,11.5,219.1
11984,2024-09-02,93,6,145.1,309.3,2.5,221.1
11985,2025-06-09,9,9,314.9,289.9,4.6,326.1
11986,2023-11-27,110,7,445.5,206.1,16.0,180.8
11987,2025-04-14,50,12,440.3,1260.0,1.7,3737.5
11988,2024-07-08,23,22,2900.1,1490.3,12.8,1359.9
11989,2025-01-20,32,3,0.0,47.1,0.0,87.6
11990,2023-10-02,75,4,0.0,649.5,0.0,1854.1
11991,2025-07-07,99,6,1084.9,434.8,10.8,531.6
11992,2023-11-27,91,21,1000.1,969.8,10.0,2511.3
11993,2025-06-09,86,14,0.0,919.5,0.0,1522.4
11994,2025-12-22,40,4,0.0,1219.2,0.0,2441.6
11995,2024-04-15,93,15,102.0,148.8,2.3,160.2
11996,2024-09-30,87,14,356.9,1610.4,1.3,1549.1
11997,2023-11-27,61,18,88.5,181.8,5.6,121.4
11998,2024-02-19,99,21,1430.1,780.9,10.7,377.4
11999,2023-11-27,117,22,207.9,359.7,2.7,409.5
12000,2024-01-22,112,12,126.9,592.0,0.9,803.4
