supplier_id,performance_month,order_count,on_time_count,fulfilled_count,avg_qty,total_revenue,otif_rate,fill_rate,supplier_name,avg_lead_time_days,defect_rate_observed,cost_variance_pct
1,2023-01-01,72,66,70,466.4583333333333,1408248.93,0.9167,0.9722,Perez Inc,6.7,0.0029,4.03
1,2023-02-01,50,44,49,472.62,876856.15,0.88,0.98,Perez Inc,6.9,0.0039,4.39
1,2023-03-01,72,67,71,523.9861111111111,1654813.73,0.9306,0.9861,Perez Inc,6.8,0.0047,2.62
1,2023-04-01,60,53,59,520.4666666666667,1307233.21,0.8833,0.9833,Perez Inc,7.0,0.0051,3.7
1,2023-05-01,76,65,66,582.2894736842105,2100490.24,0.8553,0.8684,Perez Inc,7.2,0.0048,4.52
1,2023-06-01,59,51,56,569.1525423728814,1405456.15,0.8644,0.9492,Perez Inc,6.8,0.0031,4.87
1,2023-07-01,63,53,58,473.031746031746,1173190.81,0.8413,0.9206,Perez Inc,7.0,0.0028,3.89
1,2023-08-01,61,54,57,520.016393442623,1301486.88,0.8852,0.9344,Perez Inc,6.7,0.0046,3.2
1,2023-09-01,57,48,52,498.1929824561403,1144752.08,0.8421,0.9123,Perez Inc,7.2,0.0035,3.27
1,2023-10-01,76,64,67,566.5394736842105,2015081.04,0.8421,0.8816,Perez Inc,7.1,0.003,3.6
1,2023-11-01,81,70,70,594.0370370370371,2368023.48,0.8642,0.8642,Perez Inc,7.2,0.0028,2.73
1,2023-12-01,83,64,71,594.7349397590361,2468054.06,0.7711,0.8554,Perez Inc,7.2,0.0028,3.3
1,2024-01-01,62,59,60,456.8870967741936,1063139.89,0.9516,0.9677,Perez Inc,6.7,0.0031,3.19
1,2024-02-01,53,42,46,553.9056603773585,1044217.35,0.7925,0.8679,Perez Inc,7.4,0.0043,2.31
1,2024-03-01,68,60,63,545.0735294117648,1650809.14,0.8824,0.9265,Perez Inc,7.1,0.0051,3.53
1,2024-04-01,62,53,57,541.9677419354839,1477848.66,0.8548,0.9194,Perez Inc,6.9,0.0043,0.49
1,2024-05-01,68,58,62,530.8088235294117,1694451.32,0.8529,0.9118,Perez Inc,6.8,0.0034,5.4
1,2024-06-01,64,55,61,519.390625,1397727.22,0.8594,0.9531,Perez Inc,7.1,0.0026,2.4
1,2024-07-01,63,55,56,552.2222222222222,1382237.95,0.873,0.8889,Perez Inc,7.0,0.0048,2.35
1,2024-08-01,65,56,59,501.18461538461537,1465172.79,0.8615,0.9077,Perez Inc,7.0,0.0044,2.22
1,2024-09-01,64,57,61,501.125,1364726.84,0.8906,0.9531,Perez Inc,6.8,0.0041,4.07
1,2024-10-01,69,58,65,493.84057971014494,1513548.12,0.8406,0.942,Perez Inc,7.2,0.0039,2.86
1,2024-11-01,79,67,70,620.9113924050633,2429977.73,0.8481,0.8861,Perez Inc,7.2,0.004,2.15
1,2024-12-01,85,63,73,615.3529411764706,2665104.73,0.7412,0.8588,Perez Inc,7.6,0.0029,3.27
1,2025-01-01,68,57,61,529.1176470588235,1648391.99,0.8382,0.8971,Perez Inc,7.2,0.003,3.26
1,2025-02-01,59,54,57,523.8135593220339,1330254.85,0.9153,0.9661,Perez Inc,6.6,0.0027,2.61
1,2025-03-01,57,46,51,516.0,1157734.66,0.807,0.8947,Perez Inc,7.2,0.0047,3.25
1,2025-04-01,59,52,54,509.89830508474574,1287132.06,0.8814,0.9153,Perez Inc,7.0,0.0041,5.72
1,2025-05-01,69,59,65,542.5797101449275,1488561.93,0.8551,0.942,Perez Inc,7.2,0.0048,4.54
1,2025-06-01,68,59,61,537.1911764705883,1724356.41,0.8676,0.8971,Perez Inc,7.0,0.0044,3.09
1,2025-07-01,58,56,57,524.0344827586207,1288374.27,0.9655,0.9828,Perez Inc,6.5,0.0045,5.86
1,2025-08-01,67,59,64,508.13432835820896,1401365.03,0.8806,0.9552,Perez Inc,6.9,0.0039,3.89
1,2025-09-01,61,55,58,499.0163934426229,1259390.48,0.9016,0.9508,Perez Inc,6.6,0.0031,4.6
1,2025-10-01,80,66,72,573.8375,2193977.02,0.825,0.9,Perez Inc,7.3,0.0041,3.33
1,2025-11-01,75,66,69,592.24,2207641.4,0.88,0.92,Perez Inc,7.1,0.0034,4.73
1,2025-12-01,76,60,65,593.2763157894736,2188040.1,0.7895,0.8553,Perez Inc,7.5,0.004,3.76
1,2026-01-01,11,9,9,538.9090909090909,328758.06,0.8182,0.8182,Perez Inc,7.7,0.0034,3.54
2,2023-01-01,131,110,120,878.0763358778626,8203223.66,0.8397,0.916,Morales-Jones,10.5,0.0051,3.71
2,2023-02-01,99,82,88,855.2121212121212,6238050.16,0.8283,0.8889,Morales-Jones,11.1,0.0036,2.05
2,2023-03-01,98,90,93,862.8163265306123,5871644.15,0.9184,0.949,Morales-Jones,10.4,0.0047,3.97
2,2023-04-01,125,106,114,882.096,7943524.6,0.848,0.912,Morales-Jones,10.8,0.0054,2.28
2,2023-05-01,107,95,102,866.6822429906542,6722649.96,0.8879,0.9533,Morales-Jones,10.6,0.0038,4.28
2,2023-06-01,113,103,106,858.5752212389381,6813763.6,0.9115,0.9381,Morales-Jones,10.4,0.0052,3.21
2,2023-07-01,111,91,98,872.0,6757481.91,0.8198,0.8829,Morales-Jones,10.8,0.0034,3.73
2,2023-08-01,132,111,119,853.3484848484849,8045358.85,0.8409,0.9015,Morales-Jones,10.6,0.0035,3.05
2,2023-09-01,116,101,108,852.9568965517242,7044085.29,0.8707,0.931,Morales-Jones,11.4,0.0051,4.37
2,2023-10-01,118,104,107,844.7203389830509,6522031.84,0.8814,0.9068,Morales-Jones,11.0,0.004,4.64
2,2023-11-01,117,100,110,918.0,7425019.46,0.8547,0.9402,Morales-Jones,10.5,0.0032,1.98
2,2023-12-01,107,90,100,874.0373831775701,6172306.79,0.8411,0.9346,Morales-Jones,10.9,0.0047,3.52
2,2024-01-01,104,96,100,886.9423076923077,6685812.35,0.9231,0.9615,Morales-Jones,10.1,0.0029,3.65
2,2024-02-01,104,90,96,852.6153846153846,6647976.19,0.8654,0.9231,Morales-Jones,10.6,0.0032,2.97
2,2024-03-01,123,99,101,858.609756097561,7515509.51,0.8049,0.8211,Morales-Jones,11.7,0.0041,3.95
2,2024-04-01,99,82,88,854.2828282828283,6097054.72,0.8283,0.8889,Morales-Jones,11.3,0.0042,3.09
2,2024-05-01,117,95,101,875.2820512820513,7529338.87,0.812,0.8632,Morales-Jones,11.0,0.0028,1.9
2,2024-06-01,117,99,108,863.3247863247864,7225254.59,0.8462,0.9231,Morales-Jones,11.1,0.0029,4.12
2,2024-07-01,111,95,100,887.0990990990991,7157945.23,0.8559,0.9009,Morales-Jones,10.7,0.0042,3.91
2,2024-08-01,118,102,112,862.1949152542373,7381261.44,0.8644,0.9492,Morales-Jones,10.7,0.0028,2.86
2,2024-09-01,113,98,103,834.9469026548672,6677721.58,0.8673,0.9115,Morales-Jones,10.8,0.0029,1.18
2,2024-10-01,132,121,123,863.0,7461323.63,0.9167,0.9318,Morales-Jones,10.5,0.0052,1.66
2,2024-11-01,123,101,107,886.5934959349594,7172514.39,0.8211,0.8699,Morales-Jones,10.7,0.0039,3.56
2,2024-12-01,132,108,116,832.4318181818181,7061153.55,0.8182,0.8788,Morales-Jones,11.0,0.0028,2.54
2,2025-01-01,116,106,114,828.2931034482758,6913019.46,0.9138,0.9828,Morales-Jones,10.3,0.0052,3.93
2,2025-02-01,105,87,94,875.3333333333334,6734448.78,0.8286,0.8952,Morales-Jones,10.8,0.0046,4.2
2,2025-03-01,119,101,107,862.563025210084,7087916.55,0.8487,0.8992,Morales-Jones,10.8,0.004,1.01
2,2025-04-01,113,95,103,868.3451327433628,6918204.07,0.8407,0.9115,Morales-Jones,10.6,0.0046,2.5
2,2025-05-01,120,104,113,878.9083333333333,7574552.229999999,0.8667,0.9417,Morales-Jones,10.5,0.005,1.65
2,2025-06-01,111,94,101,820.0900900900901,6438056.17,0.8468,0.9099,Morales-Jones,10.5,0.0056,3.93
2,2025-07-01,119,105,113,816.2268907563025,6999105.65,0.8824,0.9496,Morales-Jones,10.8,0.0054,4.77
2,2025-08-01,110,96,104,905.9,7124567.78,0.8727,0.9455,Morales-Jones,10.2,0.0043,2.6
2,2025-09-01,91,75,82,878.6373626373627,5732313.85,0.8242,0.9011,Morales-Jones,11.1,0.0052,2.15
2,2025-10-01,129,113,119,887.0542635658915,7916134.979999999,0.876,0.9225,Morales-Jones,10.8,0.0041,3.11
2,2025-11-01,103,92,97,886.6893203883495,6169091.79,0.8932,0.9417,Morales-Jones,10.8,0.0049,2.58
2,2025-12-01,136,114,119,877.9411764705883,8103848.19,0.8382,0.875,Morales-Jones,10.9,0.0035,3.11
2,2026-01-01,7,7,7,637.8571428571429,272587.09,1.0,1.0,Morales-Jones,9.6,0.0038,3.8
3,2023-01-01,41,33,40,730.219512195122,999855.13,0.8049,0.9756,"Walter, Edwards and Rios",7.4,0.0293,4.65
3,2023-02-01,33,22,29,789.7878787878788,877747.83,0.6667,0.8788,"Walter, Edwards and Rios",8.9,0.023,7.35
3,2023-03-01,37,31,34,787.5405405405405,973964.4,0.8378,0.9189,"Walter, Edwards and Rios",7.5,0.0258,6.47
3,2023-04-01,33,23,31,757.3939393939394,833951.94,0.697,0.9394,"Walter, Edwards and Rios",8.1,0.0173,7.58
3,2023-05-01,32,27,30,734.96875,784271.87,0.8438,0.9375,"Walter, Edwards and Rios",6.7,0.0257,5.45
3,2023-06-01,38,27,36,783.1052631578947,993452.82,0.7105,0.9474,"Walter, Edwards and Rios",7.7,0.0285,3.34
3,2023-07-01,34,30,34,764.9117647058823,874748.74,0.8824,1.0,"Walter, Edwards and Rios",6.7,0.0187,4.73
3,2023-08-01,38,25,32,742.4473684210526,955847.62,0.6579,0.8421,"Walter, Edwards and Rios",7.9,0.0263,8.6
3,2023-09-01,40,33,37,782.1,1041977.22,0.825,0.925,"Walter, Edwards and Rios",7.3,0.026,4.67
3,2023-10-01,36,28,34,759.7777777777778,916872.57,0.7778,0.9444,"Walter, Edwards and Rios",7.3,0.0284,8.67
3,2023-11-01,38,27,32,779.8421052631579,1000992.74,0.7105,0.8421,"Walter, Edwards and Rios",7.8,0.022,7.02
3,2023-12-01,39,29,37,715.5384615384615,938367.41,0.7436,0.9487,"Walter, Edwards and Rios",7.3,0.0224,8.08
3,2024-01-01,34,27,32,881.5588235294117,1007833.39,0.7941,0.9412,"Walter, Edwards and Rios",7.3,0.0295,6.51
3,2024-02-01,34,30,34,801.7941176470588,915046.55,0.8824,1.0,"Walter, Edwards and Rios",7.1,0.0268,5.41
3,2024-03-01,36,28,36,729.4166666666666,882026.03,0.7778,1.0,"Walter, Edwards and Rios",7.3,0.0206,8.57
3,2024-04-01,32,25,31,708.21875,757112.78,0.7812,0.9688,"Walter, Edwards and Rios",7.4,0.0242,6.27
3,2024-05-01,40,28,35,806.475,1086049.24,0.7,0.875,"Walter, Edwards and Rios",8.2,0.0261,2.28
3,2024-06-01,32,27,31,763.65625,823803.49,0.8438,0.9688,"Walter, Edwards and Rios",7.1,0.0175,5.45
3,2024-07-01,34,16,28,703.6470588235294,802660.82,0.4706,0.8235,"Walter, Edwards and Rios",12.9,0.0289,9.25
3,2024-08-01,36,9,27,845.0,1019986.88,0.25,0.75,"Walter, Edwards and Rios",13.9,0.0231,4.04
3,2024-09-01,35,8,30,812.8,957235.54,0.2286,0.8571,"Walter, Edwards and Rios",13.2,0.0269,4.11
3,2024-10-01,41,28,34,799.0487804878048,1099255.53,0.6829,0.8293,"Walter, Edwards and Rios",8.7,0.0194,5.53
3,2024-11-01,36,31,35,770.1111111111111,929892.16,0.8611,0.9722,"Walter, Edwards and Rios",6.8,0.0281,8.07
3,2024-12-01,37,30,33,813.3513513513514,1006327.28,0.8108,0.8919,"Walter, Edwards and Rios",7.7,0.026,2.43
3,2025-01-01,40,32,38,798.675,1076244.68,0.8,0.95,"Walter, Edwards and Rios",7.5,0.0225,6.3
3,2025-02-01,35,27,32,757.4285714285714,882800.37,0.7714,0.9143,"Walter, Edwards and Rios",7.5,0.0257,7.17
3,2025-03-01,43,33,39,754.0930232558139,1088516.91,0.7674,0.907,"Walter, Edwards and Rios",8.0,0.0293,4.3
3,2025-04-01,33,25,33,779.2121212121212,861779.07,0.7576,1.0,"Walter, Edwards and Rios",7.6,0.0294,4.14
3,2025-05-01,36,33,34,837.6388888888889,1019214.33,0.9167,0.9444,"Walter, Edwards and Rios",6.7,0.0177,7.68
3,2025-06-01,35,26,32,815.1142857142858,963578.38,0.7429,0.9143,"Walter, Edwards and Rios",7.9,0.0269,6.96
3,2025-07-01,37,33,37,673.8648648648649,835272.49,0.8919,1.0,"Walter, Edwards and Rios",6.9,0.0202,8.38
3,2025-08-01,37,29,37,771.1621621621622,955652.44,0.7838,1.0,"Walter, Edwards and Rios",6.9,0.0258,8.59
3,2025-09-01,39,33,37,755.6923076923077,983676.81,0.8462,0.9487,"Walter, Edwards and Rios",7.2,0.0221,4.08
3,2025-10-01,36,33,36,704.4444444444445,847234.54,0.9167,1.0,"Walter, Edwards and Rios",6.7,0.0202,7.37
3,2025-11-01,30,25,29,756.1333333333333,761048.73,0.8333,0.9667,"Walter, Edwards and Rios",6.8,0.019,6.0
3,2025-12-01,36,27,34,746.6388888888889,905553.74,0.75,0.9444,"Walter, Edwards and Rios",7.1,0.0177,6.03
3,2026-01-01,9,4,6,791.7777777777778,239700.73,0.4444,0.6667,"Walter, Edwards and Rios",10.1,0.0191,6.83
4,2023-01-01,81,57,75,472.1358024691358,851681.1,0.7037,0.9259,"Ellis, Baker and Wright",4.5,0.0336,12.17
4,2023-02-01,62,53,60,448.8064516129032,620593.85,0.8548,0.9677,"Ellis, Baker and Wright",3.7,0.0328,10.97
4,2023-03-01,66,48,62,474.5757575757576,700852.35,0.7273,0.9394,"Ellis, Baker and Wright",4.4,0.0311,9.1
4,2023-04-01,67,52,60,492.5223880597015,736455.12,0.7761,0.8955,"Ellis, Baker and Wright",4.7,0.0256,12.17
4,2023-05-01,70,50,64,483.6428571428572,753446.92,0.7143,0.9143,"Ellis, Baker and Wright",4.4,0.0198,15.84
4,2023-06-01,61,43,56,497.655737704918,678705.58,0.7049,0.918,"Ellis, Baker and Wright",4.8,0.0322,17.55
4,2023-07-01,73,46,65,517.3835616438356,845378.9299999999,0.6301,0.8904,"Ellis, Baker and Wright",4.8,0.0196,14.68
4,2023-08-01,72,48,68,442.47222222222223,710544.59,0.6667,0.9444,"Ellis, Baker and Wright",4.6,0.0239,11.81
4,2023-09-01,57,43,56,461.9473684210527,588281.04,0.7544,0.9825,"Ellis, Baker and Wright",4.1,0.02,19.63
4,2023-10-01,70,49,66,477.2857142857143,744242.2,0.7,0.9429,"Ellis, Baker and Wright",4.6,0.0256,18.01
4,2023-11-01,66,45,63,476.27272727272725,704302.61,0.6818,0.9545,"Ellis, Baker and Wright",4.3,0.0328,15.94
4,2023-12-01,70,49,66,512.1428571428571,801689.73,0.7,0.9429,"Ellis, Baker and Wright",4.5,0.0233,17.29
4,2024-01-01,70,49,64,523.1714285714286,821764.59,0.7,0.9143,"Ellis, Baker and Wright",4.7,0.0203,16.59
4,2024-02-01,64,42,61,493.8125,704795.73,0.6562,0.9531,"Ellis, Baker and Wright",4.8,0.0333,16.68
4,2024-03-01,67,53,63,494.4776119402985,740519.77,0.791,0.9403,"Ellis, Baker and Wright",4.4,0.0323,13.86
4,2024-04-01,66,45,64,485.8181818181818,714985.14,0.6818,0.9697,"Ellis, Baker and Wright",4.7,0.0199,17.24
4,2024-05-01,68,50,64,516.2647058823529,785496.23,0.7353,0.9412,"Ellis, Baker and Wright",4.2,0.0306,15.47
4,2024-06-01,66,45,62,472.7272727272728,694881.1,0.6818,0.9394,"Ellis, Baker and Wright",4.5,0.0184,14.05
4,2024-07-01,71,45,66,503.98591549295776,800407.89,0.6338,0.9296,"Ellis, Baker and Wright",4.6,0.0214,18.88
4,2024-08-01,62,46,59,488.5,673323.3,0.7419,0.9516,"Ellis, Baker and Wright",4.2,0.0285,21.47
4,2024-09-01,67,39,61,539.6417910447761,807111.49,0.5821,0.9104,"Ellis, Baker and Wright",4.9,0.0245,15.92
4,2024-10-01,68,46,65,491.3382352941176,747882.98,0.6765,0.9559,"Ellis, Baker and Wright",4.6,0.0238,6.71
4,2024-11-01,67,49,62,486.5074626865672,732907.36,0.7313,0.9254,"Ellis, Baker and Wright",4.4,0.0297,21.78
4,2024-12-01,71,48,68,474.1126760563381,745948.69,0.6761,0.9577,"Ellis, Baker and Wright",4.3,0.033,10.83
4,2025-01-01,67,46,66,518.3283582089553,774900.57,0.6866,0.9851,"Ellis, Baker and Wright",4.4,0.0334,8.93
4,2025-02-01,59,43,55,488.457627118644,645299.18,0.7288,0.9322,"Ellis, Baker and Wright",4.5,0.0209,14.17
4,2025-03-01,64,48,62,452.234375,647003.67,0.75,0.9688,"Ellis, Baker and Wright",4.3,0.0256,15.03
4,2025-04-01,65,44,61,462.3384615384616,672071.89,0.6769,0.9385,"Ellis, Baker and Wright",4.6,0.0319,14.95
4,2025-05-01,69,51,63,520.231884057971,801274.12,0.7391,0.913,"Ellis, Baker and Wright",4.4,0.0226,13.22
4,2025-06-01,66,49,64,485.1818181818182,712495.11,0.7424,0.9697,"Ellis, Baker and Wright",4.2,0.029,6.26
4,2025-07-01,68,43,63,477.75,724789.74,0.6324,0.9265,"Ellis, Baker and Wright",5.0,0.0298,10.46
4,2025-08-01,70,44,64,478.5142857142857,747180.55,0.6286,0.9143,"Ellis, Baker and Wright",4.9,0.0311,19.71
4,2025-09-01,66,52,62,485.8484848484849,718352.6,0.7879,0.9394,"Ellis, Baker and Wright",4.4,0.0218,17.45
4,2025-10-01,68,55,67,494.52941176470586,750010.27,0.8088,0.9853,"Ellis, Baker and Wright",4.0,0.0291,11.79
4,2025-11-01,64,47,61,438.09375,628126.96,0.7344,0.9531,"Ellis, Baker and Wright",4.5,0.0314,10.51
4,2025-12-01,65,49,62,521.5692307692308,757291.75,0.7538,0.9538,"Ellis, Baker and Wright",4.2,0.0335,15.75
4,2026-01-01,12,9,11,601.0,162063.84,0.75,0.9167,"Ellis, Baker and Wright",4.5,0.0232,19.15
5,2023-01-01,118,103,112,783.5508474576271,9882910.45,0.8729,0.9492,"Baker, Richards and Hurst",10.5,0.007,3.46
5,2023-02-01,85,73,79,808.1176470588235,7441145.86,0.8588,0.9294,"Baker, Richards and Hurst",10.7,0.0053,4.36
5,2023-03-01,93,85,88,821.8602150537635,7982740.65,0.914,0.9462,"Baker, Richards and Hurst",10.6,0.0051,0.29
5,2023-04-01,91,75,84,897.6923076923077,8236068.22,0.8242,0.9231,"Baker, Richards and Hurst",10.8,0.0054,5.51
5,2023-05-01,95,87,91,832.7157894736843,7238789.57,0.9158,0.9579,"Baker, Richards and Hurst",10.5,0.0055,3.73
5,2023-06-01,101,83,93,879.7524752475248,9007153.93,0.8218,0.9208,"Baker, Richards and Hurst",11.0,0.0046,2.98
5,2023-07-01,110,90,97,839.9454545454546,9400227.71,0.8182,0.8818,"Baker, Richards and Hurst",11.2,0.0053,4.8
5,2023-08-01,107,86,95,815.8504672897196,8884620.93,0.8037,0.8879,"Baker, Richards and Hurst",11.1,0.0082,5.95
5,2023-09-01,94,83,86,823.1914893617021,7919344.23,0.883,0.9149,"Baker, Richards and Hurst",11.1,0.0044,1.77
5,2023-10-01,128,91,104,894.28125,9261864.96,0.7109,0.8125,"Baker, Richards and Hurst",11.8,0.0074,3.43
5,2023-11-01,122,97,107,831.7622950819672,8106555.59,0.7951,0.877,"Baker, Richards and Hurst",11.2,0.005,3.66
5,2023-12-01,110,92,94,919.681818181818,8630016.54,0.8364,0.8545,"Baker, Richards and Hurst",11.3,0.0084,5.03
5,2024-01-01,92,81,87,799.7934782608696,8520398.47,0.8804,0.9457,"Baker, Richards and Hurst",10.9,0.0071,7.54
5,2024-02-01,80,71,79,830.775,7266937.46,0.8875,0.9875,"Baker, Richards and Hurst",10.5,0.0069,6.5
5,2024-03-01,96,82,89,806.8541666666666,7035098.07,0.8542,0.9271,"Baker, Richards and Hurst",10.7,0.0076,6.53
5,2024-04-01,99,86,90,872.7979797979798,9071871.57,0.8687,0.9091,"Baker, Richards and Hurst",11.1,0.0084,6.99
5,2024-05-01,95,82,85,852.021052631579,7997914.14,0.8632,0.8947,"Baker, Richards and Hurst",11.0,0.0073,5.46
5,2024-06-01,104,84,92,824.6442307692307,8238132.4,0.8077,0.8846,"Baker, Richards and Hurst",11.0,0.0066,6.38
5,2024-07-01,99,80,86,824.979797979798,8491621.01,0.8081,0.8687,"Baker, Richards and Hurst",11.3,0.0062,4.34
5,2024-08-01,101,85,90,850.0297029702971,8021254.23,0.8416,0.8911,"Baker, Richards and Hurst",10.6,0.0053,5.5
5,2024-09-01,99,81,88,814.5555555555555,7370479.42,0.8182,0.8889,"Baker, Richards and Hurst",10.7,0.0077,5.99
5,2024-10-01,127,95,101,847.9606299212599,9481922.69,0.748,0.7953,"Baker, Richards and Hurst",11.6,0.0075,3.55
5,2024-11-01,115,98,101,897.0608695652174,8584706.61,0.8522,0.8783,"Baker, Richards and Hurst",11.4,0.0043,5.09
5,2024-12-01,133,93,104,831.9248120300751,8814343.98,0.6992,0.782,"Baker, Richards and Hurst",11.8,0.0081,2.41
5,2025-01-01,95,84,94,825.5578947368421,9151646.07,0.8842,0.9895,"Baker, Richards and Hurst",10.5,0.0054,2.26
5,2025-02-01,89,81,84,821.2134831460675,7826143.88,0.9101,0.9438,"Baker, Richards and Hurst",10.5,0.0077,1.9
5,2025-03-01,126,96,102,824.3650793650794,10335003.48,0.7619,0.8095,"Baker, Richards and Hurst",11.8,0.0081,5.79
5,2025-04-01,93,80,86,833.5591397849462,7307136.42,0.8602,0.9247,"Baker, Richards and Hurst",11.3,0.0048,4.29
5,2025-05-01,104,86,92,834.875,9147205.9,0.8269,0.8846,"Baker, Richards and Hurst",11.1,0.0057,4.01
5,2025-06-01,91,75,83,860.3296703296703,7558272.19,0.8242,0.9121,"Baker, Richards and Hurst",10.8,0.0075,4.25
5,2025-07-01,92,77,82,856.5326086956521,7694249.14,0.837,0.8913,"Baker, Richards and Hurst",11.3,0.0052,5.24
5,2025-08-01,101,86,94,871.059405940594,8316708.43,0.8515,0.9307,"Baker, Richards and Hurst",11.0,0.0048,3.79
5,2025-09-01,108,87,99,870.5648148148148,9085362.09,0.8056,0.9167,"Baker, Richards and Hurst",10.7,0.0056,2.36
5,2025-10-01,124,98,109,880.766129032258,9853444.88,0.7903,0.879,"Baker, Richards and Hurst",11.2,0.0085,3.94
5,2025-11-01,121,97,102,859.9834710743802,8546809.34,0.8017,0.843,"Baker, Richards and Hurst",11.3,0.008,5.62
5,2025-12-01,131,104,112,899.5954198473282,10250480.7,0.7939,0.855,"Baker, Richards and Hurst",11.4,0.0072,4.1
5,2026-01-01,11,10,10,849.5454545454545,912417.81,0.9091,0.9091,"Baker, Richards and Hurst",10.5,0.0068,5.61
6,2023-01-01,25,23,25,156.92,226814.49,0.92,1.0,Robinson-Bright,8.5,0.0146,7.64
6,2023-02-01,21,18,21,138.85714285714286,168337.69,0.8571,1.0,Robinson-Bright,8.6,0.0126,12.64
6,2023-03-01,23,19,20,153.69565217391303,204696.75,0.8261,0.8696,Robinson-Bright,8.8,0.0163,14.13
6,2023-04-01,21,19,20,202.14285714285717,243566.77,0.9048,0.9524,Robinson-Bright,8.5,0.0106,12.41
6,2023-05-01,24,19,22,142.95833333333334,198578.05,0.7917,0.9167,Robinson-Bright,9.5,0.0134,7.79
6,2023-06-01,20,18,20,180.55,209214.49,0.9,1.0,Robinson-Bright,8.2,0.0165,4.41
6,2023-07-01,22,18,21,128.5,163209.74,0.8182,0.9545,Robinson-Bright,8.6,0.0188,14.53
6,2023-08-01,22,19,20,182.72727272727272,234088.68,0.8636,0.9091,Robinson-Bright,9.3,0.0183,10.03
6,2023-09-01,22,19,20,186.45454545454547,236664.21,0.8636,0.9091,Robinson-Bright,8.6,0.0205,9.0
6,2023-10-01,23,22,22,141.2608695652174,188015.54,0.9565,0.9565,Robinson-Bright,8.3,0.012,12.46
6,2023-11-01,20,14,19,134.35,155555.54,0.7,0.95,Robinson-Bright,9.4,0.0191,5.85
6,2023-12-01,22,19,22,152.45454545454547,193264.67,0.8636,1.0,Robinson-Bright,8.8,0.0133,10.62
6,2024-01-01,21,19,20,160.28571428571428,194970.55,0.9048,0.9524,Robinson-Bright,8.6,0.0199,8.07
6,2024-02-01,23,20,20,158.65217391304347,211373.03,0.8696,0.8696,Robinson-Bright,9.2,0.0194,7.64
6,2024-03-01,21,20,21,151.0,183640.84,0.9524,1.0,Robinson-Bright,8.5,0.0144,8.37
6,2024-04-01,23,19,20,188.69565217391303,249380.96,0.8261,0.8696,Robinson-Bright,8.6,0.0153,9.15
6,2024-05-01,21,16,18,136.0952380952381,165366.29,0.7619,0.8571,Robinson-Bright,10.0,0.0157,7.39
6,2024-06-01,21,19,20,179.33333333333334,216821.22,0.9048,0.9524,Robinson-Bright,8.7,0.0137,12.68
6,2024-07-01,22,17,21,140.3181818181818,179187.84,0.7727,0.9545,Robinson-Bright,8.8,0.0106,6.08
6,2024-08-01,23,17,20,157.69565217391303,210541.02,0.7391,0.8696,Robinson-Bright,9.8,0.0205,6.93
6,2024-09-01,20,18,20,143.8,165031.39,0.9,1.0,Robinson-Bright,8.4,0.0174,10.79
6,2024-10-01,23,20,23,150.8695652173913,201334.59,0.8696,1.0,Robinson-Bright,8.7,0.0145,7.97
6,2024-11-01,20,19,20,150.1,174322.36000000002,0.95,1.0,Robinson-Bright,8.5,0.0173,6.12
6,2024-12-01,25,22,24,153.4,221646.42,0.88,0.96,Robinson-Bright,8.5,0.0188,9.36
6,2025-01-01,19,18,19,153.94736842105263,169963.93,0.9474,1.0,Robinson-Bright,8.3,0.0185,8.18
6,2025-02-01,21,17,21,184.7142857142857,224814.06,0.8095,1.0,Robinson-Bright,9.0,0.0106,7.07
6,2025-03-01,23,21,23,149.8695652173913,199088.38,0.913,1.0,Robinson-Bright,8.9,0.0198,7.54
6,2025-04-01,19,16,19,127.63157894736842,140355.29,0.8421,1.0,Robinson-Bright,8.5,0.0193,10.23
6,2025-05-01,24,21,22,158.25,219254.34,0.875,0.9167,Robinson-Bright,9.1,0.0132,8.39
6,2025-06-01,21,17,20,133.95238095238096,162653.94,0.8095,0.9524,Robinson-Bright,9.8,0.0141,4.53
6,2025-07-01,24,22,23,187.83333333333331,262027.27,0.9167,0.9583,Robinson-Bright,8.4,0.0116,12.42
6,2025-08-01,21,20,20,151.42857142857142,184293.66,0.9524,0.9524,Robinson-Bright,8.0,0.016,6.86
6,2025-09-01,21,19,19,137.71428571428572,166559.02,0.9048,0.9048,Robinson-Bright,8.9,0.0113,10.08
6,2025-10-01,24,22,23,140.41666666666666,194552.19,0.9167,0.9583,Robinson-Bright,9.3,0.0204,7.43
6,2025-11-01,20,20,20,155.45,180234.54,1.0,1.0,Robinson-Bright,8.2,0.016,9.53
6,2025-12-01,23,20,22,150.91304347826087,199528.01,0.8696,0.9565,Robinson-Bright,8.0,0.018,8.26
6,2026-01-01,2,1,2,119.5,13991.51,0.5,1.0,Robinson-Bright,9.0,0.0169,6.71
7,2023-01-01,80,71,78,404.5875,2628794.76,0.8875,0.975,Davis-Williams,5.7,0.0345,5.32
7,2023-02-01,69,61,64,447.8985507246377,2588102.91,0.8841,0.9275,Davis-Williams,5.7,0.0322,2.27
7,2023-03-01,71,59,65,408.7323943661972,2376419.15,0.831,0.9155,Davis-Williams,6.0,0.0322,6.83
7,2023-04-01,67,59,67,401.0,2175660.07,0.8806,1.0,Davis-Williams,5.6,0.0264,8.75
7,2023-05-01,68,58,66,422.2647058823529,2361685.64,0.8529,0.9706,Davis-Williams,6.0,0.0311,7.86
7,2023-06-01,71,64,70,463.32394366197184,2801562.6,0.9014,0.9859,Davis-Williams,5.7,0.0338,7.51
7,2023-07-01,66,56,63,437.5151515151515,2321601.18,0.8485,0.9545,Davis-Williams,6.0,0.0259,5.61
7,2023-08-01,70,58,65,429.0571428571429,2526686.69,0.8286,0.9286,Davis-Williams,5.8,0.0224,9.51
7,2023-09-01,65,53,63,403.3384615384616,1988669.76,0.8154,0.9692,Davis-Williams,6.1,0.0283,7.42
7,2023-10-01,66,57,62,439.3030303030303,2427294.95,0.8636,0.9394,Davis-Williams,6.0,0.0232,6.79
7,2023-11-01,75,71,74,423.62666666666667,2659585.06,0.9467,0.9867,Davis-Williams,5.6,0.027,9.55
7,2023-12-01,64,56,62,402.515625,2005603.97,0.875,0.9688,Davis-Williams,5.6,0.0322,6.54
7,2024-01-01,70,61,66,464.4,2685614.75,0.8714,0.9429,Davis-Williams,5.9,0.0292,9.0
7,2024-02-01,65,53,58,423.6769230769231,2251398.08,0.8154,0.8923,Davis-Williams,6.4,0.0357,7.9
7,2024-03-01,67,60,65,431.3283582089553,2370645.64,0.8955,0.9701,Davis-Williams,5.6,0.0204,5.19
7,2024-04-01,69,57,65,439.1594202898551,2428291.05,0.8261,0.942,Davis-Williams,6.0,0.0233,11.76
7,2024-05-01,69,61,66,407.84057971014494,2401208.49,0.8841,0.9565,Davis-Williams,5.8,0.0204,9.71
7,2024-06-01,67,55,61,461.4179104477612,2547003.25,0.8209,0.9104,Davis-Williams,6.1,0.022,10.2
7,2024-07-01,69,25,53,478.0434782608696,2744191.66,0.3623,0.7681,Davis-Williams,11.4,0.036,4.68
7,2024-08-01,71,36,60,440.2112676056338,2501194.2,0.507,0.8451,Davis-Williams,10.3,0.0303,8.02
7,2024-09-01,62,27,52,411.0806451612903,2073117.55,0.4355,0.8387,Davis-Williams,10.6,0.036,8.56
7,2024-10-01,78,58,67,422.7051282051282,2744053.8200000003,0.7436,0.859,Davis-Williams,7.3,0.0315,8.07
7,2024-11-01,65,56,65,370.7384615384616,1939678.6,0.8615,1.0,Davis-Williams,5.5,0.03,6.99
7,2024-12-01,71,60,70,453.1267605633803,2714636.67,0.8451,0.9859,Davis-Williams,5.9,0.0222,4.6
7,2025-01-01,68,59,64,434.0735294117647,2289393.81,0.8676,0.9412,Davis-Williams,5.9,0.0335,10.26
7,2025-02-01,59,51,59,397.9491525423729,1890089.54,0.8644,1.0,Davis-Williams,5.8,0.0301,12.53
7,2025-03-01,70,64,69,458.8,2626224.22,0.9143,0.9857,Davis-Williams,5.6,0.0268,9.41
7,2025-04-01,67,53,63,405.86567164179104,2175379.69,0.791,0.9403,Davis-Williams,5.9,0.0348,6.46
7,2025-05-01,69,56,64,461.69565217391306,2598582.33,0.8116,0.9275,Davis-Williams,6.1,0.0288,11.17
7,2025-06-01,64,57,60,379.5,1974808.42,0.8906,0.9375,Davis-Williams,5.7,0.0235,7.9
7,2025-07-01,73,64,70,419.7534246575343,2539196.62,0.8767,0.9589,Davis-Williams,5.5,0.0247,7.79
7,2025-08-01,65,58,62,426.0615384615385,2199035.7800000003,0.8923,0.9538,Davis-Williams,5.7,0.03,3.63
7,2025-09-01,66,54,64,393.93939393939394,1976567.72,0.8182,0.9697,Davis-Williams,6.1,0.021,7.25
7,2025-10-01,65,59,63,424.2307692307692,2275980.02,0.9077,0.9692,Davis-Williams,5.7,0.031,10.19
7,2025-11-01,70,62,67,445.8285714285714,2590256.59,0.8857,0.9571,Davis-Williams,6.0,0.0239,8.62
7,2025-12-01,74,58,70,433.2162162162162,2735230.36,0.7838,0.9459,Davis-Williams,6.3,0.0338,4.45
7,2026-01-01,9,7,8,442.6666666666667,346569.81999999995,0.7778,0.8889,Davis-Williams,6.9,0.0205,6.53
8,2023-01-01,144,134,141,665.1805555555555,8506083.59,0.9306,0.9792,Burton Ltd,9.0,0.0022,6.12
8,2023-02-01,117,101,109,705.7094017094017,6478589.66,0.8632,0.9316,Burton Ltd,9.0,0.0034,3.44
8,2023-03-01,136,118,124,765.4117647058823,7765112.67,0.8676,0.9118,Burton Ltd,9.7,0.0028,5.62
8,2023-04-01,133,115,123,768.1428571428571,8170944.98,0.8647,0.9248,Burton Ltd,9.4,0.0019,4.96
8,2023-05-01,138,115,126,754.195652173913,8115322.73,0.8333,0.913,Burton Ltd,9.5,0.0023,3.16
8,2023-06-01,142,111,124,788.8239436619718,8937863.24,0.7817,0.8732,Burton Ltd,10.0,0.0027,3.82
8,2023-07-01,132,116,128,750.1212121212121,7530401.62,0.8788,0.9697,Burton Ltd,9.1,0.002,4.98
8,2023-08-01,142,123,132,762.3028169014085,8495254.23,0.8662,0.9296,Burton Ltd,9.2,0.0025,3.17
8,2023-09-01,123,99,118,793.2276422764228,7816828.49,0.8049,0.9593,Burton Ltd,9.3,0.0033,3.61
8,2023-10-01,169,131,145,822.2130177514792,9107614.04,0.7751,0.858,Burton Ltd,9.6,0.0025,7.51
8,2023-11-01,159,132,141,822.9245283018868,8544675.16,0.8302,0.8868,Burton Ltd,9.4,0.0031,6.35
8,2023-12-01,165,128,136,848.569696969697,9376868.75,0.7758,0.8242,Burton Ltd,9.9,0.0021,4.15
8,2024-01-01,127,111,120,722.6456692913385,8313619.22,0.874,0.9449,Burton Ltd,9.0,0.0019,4.04
8,2024-02-01,117,106,115,718.025641025641,6819998.41,0.906,0.9829,Burton Ltd,8.9,0.0024,6.19
8,2024-03-01,132,114,126,744.189393939394,7905101.479999999,0.8636,0.9545,Burton Ltd,9.3,0.0032,3.33
8,2024-04-01,117,105,110,754.974358974359,6976583.71,0.8974,0.9402,Burton Ltd,8.9,0.0033,4.93
8,2024-05-01,128,120,125,770.09375,7815676.41,0.9375,0.9766,Burton Ltd,9.0,0.003,7.35
8,2024-06-01,143,119,127,812.8671328671329,8817072.44,0.8322,0.8881,Burton Ltd,9.6,0.0026,5.69
8,2024-07-01,135,120,131,776.9333333333333,7820185.57,0.8889,0.9704,Burton Ltd,9.2,0.0027,3.11
8,2024-08-01,126,95,110,773.5793650793651,7420726.36,0.754,0.873,Burton Ltd,9.7,0.0025,4.44
8,2024-09-01,137,110,125,790.3941605839416,8832146.28,0.8029,0.9124,Burton Ltd,9.5,0.0031,4.68
8,2024-10-01,165,132,138,817.1212121212121,9473024.84,0.8,0.8364,Burton Ltd,9.6,0.0029,3.18
8,2024-11-01,151,124,132,821.6688741721854,8743487.71,0.8212,0.8742,Burton Ltd,9.7,0.0021,6.9
8,2024-12-01,160,127,139,853.0375,9573217.65,0.7938,0.8688,Burton Ltd,9.8,0.0033,6.22
8,2025-01-01,135,114,127,709.2518518518518,7462981.189999999,0.8444,0.9407,Burton Ltd,9.2,0.0028,5.56
8,2025-02-01,117,96,109,725.1111111111111,7448093.24,0.8205,0.9316,Burton Ltd,9.1,0.0029,5.04
8,2025-03-01,118,98,110,726.3728813559322,7009491.72,0.8305,0.9322,Burton Ltd,9.5,0.003,6.06
8,2025-04-01,124,110,119,769.3629032258065,7236087.0,0.8871,0.9597,Burton Ltd,9.0,0.0031,5.74
8,2025-05-01,126,110,117,729.1587301587301,7644164.69,0.873,0.9286,Burton Ltd,9.1,0.0021,3.66
8,2025-06-01,123,110,116,782.0081300813008,7549877.48,0.8943,0.9431,Burton Ltd,9.0,0.0018,5.36
8,2025-07-01,126,111,120,800.015873015873,8058349.21,0.881,0.9524,Burton Ltd,9.1,0.0032,4.96
8,2025-08-01,127,119,123,795.5590551181102,7683746.479999999,0.937,0.9685,Burton Ltd,8.9,0.0027,4.46
8,2025-09-01,132,120,126,777.6060606060606,7632799.28,0.9091,0.9545,Burton Ltd,8.9,0.0034,3.55
8,2025-10-01,174,136,149,831.9827586206897,9824807.03,0.7816,0.8563,Burton Ltd,9.7,0.0035,3.79
8,2025-11-01,174,139,148,842.0862068965517,9985895.25,0.7989,0.8506,Burton Ltd,9.9,0.0023,1.44
8,2025-12-01,168,135,147,879.6845238095239,9748410.42,0.8036,0.875,Burton Ltd,9.5,0.0027,5.36
8,2026-01-01,20,18,19,713.7,931815.86,0.9,0.95,Burton Ltd,8.8,0.0029,4.29
9,2023-01-01,111,71,104,641.009009009009,7972502.35,0.6396,0.9369,"Brown, James and Ferrell",7.6,0.0536,17.31
9,2023-02-01,83,55,81,614.6506024096385,6091815.29,0.6627,0.9759,"Brown, James and Ferrell",7.6,0.052,32.37
9,2023-03-01,111,76,108,659.5855855855856,8108784.73,0.6847,0.973,"Brown, James and Ferrell",7.1,0.0544,18.33
9,2023-04-01,107,61,103,728.0654205607476,8683094.79,0.5701,0.9626,"Brown, James and Ferrell",7.7,0.0363,37.14
9,2023-05-01,106,60,95,715.6132075471698,8633740.47,0.566,0.8962,"Brown, James and Ferrell",7.9,0.0572,23.37
9,2023-06-01,99,58,94,731.8181818181819,8059173.18,0.5859,0.9495,"Brown, James and Ferrell",7.6,0.0457,17.08
9,2023-07-01,110,68,101,675.5909090909091,8628128.93,0.6182,0.9182,"Brown, James and Ferrell",7.5,0.0614,22.31
9,2023-08-01,122,70,110,689.3852459016393,9533510.33,0.5738,0.9016,"Brown, James and Ferrell",8.1,0.0476,24.37
9,2023-09-01,107,66,102,698.7943925233645,8593383.22,0.6168,0.9533,"Brown, James and Ferrell",7.6,0.0456,13.56
9,2023-10-01,150,89,134,833.16,14488387.29,0.5933,0.8933,"Brown, James and Ferrell",7.8,0.0563,14.94
9,2023-11-01,157,85,123,788.5796178343949,14240784.27,0.5414,0.7834,"Brown, James and Ferrell",8.3,0.0571,21.4
9,2023-12-01,151,80,125,819.2649006622516,14201914.36,0.5298,0.8278,"Brown, James and Ferrell",8.3,0.0466,15.99
9,2024-01-01,83,50,82,591.2409638554217,5350498.66,0.6024,0.988,"Brown, James and Ferrell",7.4,0.0656,18.02
9,2024-02-01,91,54,87,666.010989010989,6901734.22,0.5934,0.956,"Brown, James and Ferrell",7.5,0.0498,21.57
9,2024-03-01,108,71,103,698.25,8246233.89,0.6574,0.9537,"Brown, James and Ferrell",7.2,0.0419,19.32
9,2024-04-01,104,57,92,725.4326923076923,8584128.19,0.5481,0.8846,"Brown, James and Ferrell",7.9,0.0592,8.88
9,2024-05-01,115,56,107,681.2608695652174,8757741.56,0.487,0.9304,"Brown, James and Ferrell",7.7,0.0368,18.78
9,2024-06-01,109,57,101,701.1651376146789,8515675.5,0.5229,0.9266,"Brown, James and Ferrell",7.7,0.0635,21.43
9,2024-07-01,108,65,104,723.1111111111111,8931620.06,0.6019,0.963,"Brown, James and Ferrell",7.5,0.0667,14.95
9,2024-08-01,124,76,112,758.75,10242198.97,0.6129,0.9032,"Brown, James and Ferrell",7.8,0.0602,19.5
9,2024-09-01,103,63,102,722.0,8413719.29,0.6117,0.9903,"Brown, James and Ferrell",7.2,0.0426,29.98
9,2024-10-01,149,79,125,773.6174496644295,13053190.03,0.5302,0.8389,"Brown, James and Ferrell",8.4,0.046,30.54
9,2024-11-01,152,94,131,815.6776315789474,14012398.77,0.6184,0.8618,"Brown, James and Ferrell",8.0,0.0593,17.36
9,2024-12-01,156,82,132,811.3846153846154,14533136.08,0.5256,0.8462,"Brown, James and Ferrell",8.2,0.0467,28.17
9,2025-01-01,113,76,105,684.0265486725664,8794544.59,0.6726,0.9292,"Brown, James and Ferrell",7.4,0.0663,17.33
9,2025-02-01,90,56,87,634.4666666666667,6502451.88,0.6222,0.9667,"Brown, James and Ferrell",7.5,0.0436,26.78
9,2025-03-01,105,63,99,703.0285714285715,8376759.16,0.6,0.9429,"Brown, James and Ferrell",7.8,0.048,12.12
9,2025-04-01,105,58,97,702.2095238095238,8285867.64,0.5524,0.9238,"Brown, James and Ferrell",7.8,0.0563,30.98
9,2025-05-01,111,55,98,698.7567567567568,8575111.67,0.4955,0.8829,"Brown, James and Ferrell",8.3,0.0464,25.28
9,2025-06-01,115,59,104,744.8086956521739,9897033.36,0.513,0.9043,"Brown, James and Ferrell",8.0,0.0368,21.12
9,2025-07-01,111,74,103,713.4684684684685,9102038.99,0.6667,0.9279,"Brown, James and Ferrell",7.7,0.0528,12.84
9,2025-08-01,112,67,104,724.8839285714286,8900986.73,0.5982,0.9286,"Brown, James and Ferrell",7.6,0.0461,18.36
9,2025-09-01,105,63,94,714.3142857142857,8623346.76,0.6,0.8952,"Brown, James and Ferrell",7.8,0.0521,26.78
9,2025-10-01,154,79,126,783.2467532467532,13616176.34,0.513,0.8182,"Brown, James and Ferrell",8.5,0.051,26.86
9,2025-11-01,153,75,120,819.875816993464,14231566.52,0.4902,0.7843,"Brown, James and Ferrell",8.5,0.0659,8.26
9,2025-12-01,164,74,121,760.5060975609756,14139008.09,0.4512,0.7378,"Brown, James and Ferrell",9.2,0.0381,16.32
9,2026-01-01,22,11,13,1035.6818181818182,2850294.52,0.5,0.5909,"Brown, James and Ferrell",10.3,0.0492,20.97
11,2023-01-01,49,37,44,257.53061224489795,117445.04,0.7551,0.898,"Le, Maldonado and Herrera",12.9,0.0158,5.92
11,2023-02-01,34,28,32,284.47058823529414,89878.39,0.8235,0.9412,"Le, Maldonado and Herrera",12.4,0.0118,4.38
11,2023-03-01,43,37,40,297.2093023255814,118663.04,0.8605,0.9302,"Le, Maldonado and Herrera",12.5,0.0202,8.63
11,2023-04-01,37,29,33,276.0,94546.64,0.7838,0.8919,"Le, Maldonado and Herrera",13.0,0.0162,5.66
11,2023-05-01,41,31,38,276.780487804878,104858.85,0.7561,0.9268,"Le, Maldonado and Herrera",12.5,0.0196,7.85
11,2023-06-01,38,28,35,296.44736842105266,104971.41,0.7368,0.9211,"Le, Maldonado and Herrera",13.2,0.0204,7.82
11,2023-07-01,40,32,35,263.075,97702.47,0.8,0.875,"Le, Maldonado and Herrera",12.9,0.0153,8.19
11,2023-08-01,40,29,37,299.6,111391.61,0.725,0.925,"Le, Maldonado and Herrera",13.8,0.018,8.66
11,2023-09-01,38,26,34,277.8684210526316,97655.95,0.6842,0.8947,"Le, Maldonado and Herrera",13.2,0.0195,13.44
11,2023-10-01,41,36,40,274.9512195121951,104782.12,0.878,0.9756,"Le, Maldonado and Herrera",12.0,0.0177,8.92
11,2023-11-01,40,32,39,227.65,84465.3,0.8,0.975,"Le, Maldonado and Herrera",12.4,0.0133,10.67
11,2023-12-01,38,29,33,298.07894736842104,105458.76,0.7632,0.8684,"Le, Maldonado and Herrera",13.2,0.0189,4.2
11,2024-01-01,41,31,35,297.9512195121951,112937.62,0.7561,0.8537,"Le, Maldonado and Herrera",12.6,0.0134,2.83
11,2024-02-01,36,28,34,269.97222222222223,90196.31,0.7778,0.9444,"Le, Maldonado and Herrera",12.9,0.0201,7.78
11,2024-03-01,40,32,38,279.75,103481.14,0.8,0.95,"Le, Maldonado and Herrera",12.6,0.0217,3.38
11,2024-04-01,39,35,39,245.8717948717949,88935.81,0.8974,1.0,"Le, Maldonado and Herrera",12.0,0.0116,7.13
11,2024-05-01,41,32,38,254.9512195121951,97251.48,0.7805,0.9268,"Le, Maldonado and Herrera",12.3,0.0197,14.47
11,2024-06-01,37,29,36,272.02702702702703,93817.82,0.7838,0.973,"Le, Maldonado and Herrera",12.7,0.0184,8.23
11,2024-07-01,37,29,34,264.4594594594595,91349.67,0.7838,0.9189,"Le, Maldonado and Herrera",12.8,0.0214,4.64
11,2024-08-01,42,33,38,248.47619047619048,97274.51,0.7857,0.9048,"Le, Maldonado and Herrera",12.8,0.0127,10.53
11,2024-09-01,39,31,37,236.4102564102564,85838.63,0.7949,0.9487,"Le, Maldonado and Herrera",12.7,0.0174,6.11
11,2024-10-01,37,31,33,272.0,93903.02,0.8378,0.8919,"Le, Maldonado and Herrera",12.4,0.0162,8.51
11,2024-11-01,42,38,41,264.85714285714283,103623.73,0.9048,0.9762,"Le, Maldonado and Herrera",11.9,0.0126,5.85
11,2024-12-01,39,30,35,262.56410256410254,94685.05,0.7692,0.8974,"Le, Maldonado and Herrera",13.3,0.0203,8.3
11,2025-01-01,38,29,34,272.2631578947368,96140.81,0.7632,0.8947,"Le, Maldonado and Herrera",13.0,0.0156,9.41
11,2025-02-01,39,27,35,297.0769230769231,107198.03,0.6923,0.8974,"Le, Maldonado and Herrera",13.3,0.0182,10.18
11,2025-03-01,40,32,39,257.925,95787.82,0.8,0.975,"Le, Maldonado and Herrera",12.2,0.0117,10.96
11,2025-04-01,37,30,33,284.72972972972974,98327.28,0.8108,0.8919,"Le, Maldonado and Herrera",13.1,0.0118,5.21
11,2025-05-01,43,32,38,304.7906976744186,121279.81,0.7442,0.8837,"Le, Maldonado and Herrera",12.8,0.0194,7.4
11,2025-06-01,37,30,36,315.43243243243245,108026.89,0.8108,0.973,"Le, Maldonado and Herrera",12.5,0.0209,10.52
11,2025-07-01,42,33,38,284.3095238095238,110845.98,0.7857,0.9048,"Le, Maldonado and Herrera",12.6,0.0117,6.2
11,2025-08-01,38,27,35,280.3684210526316,98344.8,0.7105,0.9211,"Le, Maldonado and Herrera",13.6,0.0177,6.4
11,2025-09-01,37,29,37,274.3783783783784,94311.71,0.7838,1.0,"Le, Maldonado and Herrera",12.0,0.0116,5.17
11,2025-10-01,41,31,41,280.4146341463415,106736.91,0.7561,1.0,"Le, Maldonado and Herrera",11.8,0.0148,10.84
11,2025-11-01,39,29,34,332.28205128205127,120931.16,0.7436,0.8718,"Le, Maldonado and Herrera",13.1,0.0154,6.62
11,2025-12-01,41,37,40,260.0731707317073,99253.74,0.9024,0.9756,"Le, Maldonado and Herrera",12.1,0.0123,10.85
11,2026-01-01,4,2,3,255.5,9493.64,0.5,0.75,"Le, Maldonado and Herrera",12.8,0.0134,9.74
12,2023-01-01,223,116,213,580.6950672645739,18594683.35,0.5202,0.9552,"Peterson, Carter and Moore",16.8,0.0879,16.23
12,2023-02-01,178,89,169,621.1741573033707,13232832.52,0.5,0.9494,"Peterson, Carter and Moore",16.8,0.0958,6.57
12,2023-03-01,196,109,188,639.1836734693877,18469216.49,0.5561,0.9592,"Peterson, Carter and Moore",16.5,0.0862,16.66
12,2023-04-01,196,107,180,638.6785714285714,18287568.64,0.5459,0.9184,"Peterson, Carter and Moore",17.1,0.0805,14.79
12,2023-05-01,211,118,196,646.8815165876778,19585983.25,0.5592,0.9289,"Peterson, Carter and Moore",16.8,0.0715,5.95
12,2023-06-01,191,106,179,637.2303664921466,16957288.7,0.555,0.9372,"Peterson, Carter and Moore",16.8,0.0626,17.29
12,2023-07-01,197,124,192,651.4467005076142,20258691.65,0.6294,0.9746,"Peterson, Carter and Moore",16.4,0.0696,14.49
12,2023-08-01,201,123,182,628.5721393034826,17497683.54,0.6119,0.9055,"Peterson, Carter and Moore",16.9,0.0554,14.9
12,2023-09-01,196,102,183,649.1020408163265,17961749.12,0.5204,0.9337,"Peterson, Carter and Moore",17.3,0.0972,19.95
12,2023-10-01,241,125,216,730.1825726141079,25390792.16,0.5187,0.8963,"Peterson, Carter and Moore",17.3,0.0954,19.84
12,2023-11-01,244,125,204,734.1762295081967,28779187.75,0.5123,0.8361,"Peterson, Carter and Moore",17.3,0.0834,25.06
12,2023-12-01,251,128,219,738.1195219123506,30619198.94,0.51,0.8725,"Peterson, Carter and Moore",17.2,0.0959,12.77
12,2024-01-01,202,108,194,580.5445544554456,16589709.27,0.5347,0.9604,"Peterson, Carter and Moore",16.8,0.0651,28.68
12,2024-02-01,193,93,172,645.4870466321244,17871336.41,0.4819,0.8912,"Peterson, Carter and Moore",17.6,0.0688,23.24
12,2024-03-01,223,125,201,670.9013452914799,22872256.74,0.5605,0.9013,"Peterson, Carter and Moore",17.1,0.093,16.81
12,2024-04-01,188,106,173,655.3670212765958,18813960.71,0.5638,0.9202,"Peterson, Carter and Moore",16.9,0.072,23.82
12,2024-05-01,209,123,197,656.9234449760766,21554480.1,0.5885,0.9426,"Peterson, Carter and Moore",16.8,0.0774,15.41
12,2024-06-01,200,101,173,651.585,20069309.04,0.505,0.865,"Peterson, Carter and Moore",17.6,0.0618,21.01
12,2024-07-01,204,113,192,630.0882352941177,18965453.41,0.5539,0.9412,"Peterson, Carter and Moore",17.0,0.062,18.84
12,2024-08-01,199,97,176,670.8291457286432,19405859.32,0.4874,0.8844,"Peterson, Carter and Moore",17.4,0.0874,24.12
12,2024-09-01,204,105,189,654.0539215686274,19105143.44,0.5147,0.9265,"Peterson, Carter and Moore",17.2,0.0732,11.47
12,2024-10-01,253,117,221,759.4743083003953,29692370.92,0.4625,0.8735,"Peterson, Carter and Moore",17.7,0.097,16.62
12,2024-11-01,253,108,214,763.5810276679842,27887323.31,0.4269,0.8458,"Peterson, Carter and Moore",17.9,0.0846,12.76
12,2024-12-01,266,122,216,722.4398496240601,27398263.25,0.4586,0.812,"Peterson, Carter and Moore",17.7,0.0748,20.26
12,2025-01-01,196,109,188,616.3010204081633,19076680.19,0.5561,0.9592,"Peterson, Carter and Moore",17.0,0.06,13.67
12,2025-02-01,182,108,176,586.1758241758242,14637608.9,0.5934,0.967,"Peterson, Carter and Moore",16.8,0.078,17.08
12,2025-03-01,211,113,194,670.2701421800948,20313034.54,0.5355,0.9194,"Peterson, Carter and Moore",16.8,0.076,15.9
12,2025-04-01,200,118,185,667.135,18627043.96,0.59,0.925,"Peterson, Carter and Moore",17.1,0.0941,13.26
12,2025-05-01,218,123,196,673.0963302752293,19562404.57,0.5642,0.8991,"Peterson, Carter and Moore",17.4,0.0762,25.45
12,2025-06-01,198,104,181,690.6363636363636,19823779.79,0.5253,0.9141,"Peterson, Carter and Moore",17.2,0.0685,23.11
12,2025-07-01,201,111,188,629.4925373134329,16980603.79,0.5522,0.9353,"Peterson, Carter and Moore",16.9,0.0652,10.86
12,2025-08-01,214,110,196,669.1495327102804,20481574.45,0.514,0.9159,"Peterson, Carter and Moore",17.1,0.0596,12.08
12,2025-09-01,208,110,187,676.2163461538462,21098357.0,0.5288,0.899,"Peterson, Carter and Moore",16.9,0.094,15.57
12,2025-10-01,246,109,213,737.0813008130082,28507577.63,0.4431,0.8659,"Peterson, Carter and Moore",17.9,0.0611,17.89
12,2025-11-01,270,125,216,748.9851851851852,36357482.75,0.463,0.8,"Peterson, Carter and Moore",17.5,0.0917,18.66
12,2025-12-01,258,122,223,739.453488372093,30387725.4,0.4729,0.8643,"Peterson, Carter and Moore",17.3,0.0537,17.25
12,2026-01-01,33,17,31,716.0909090909091,3523159.29,0.5152,0.9394,"Peterson, Carter and Moore",17.1,0.0673,17.84
13,2023-01-01,112,90,105,664.4464285714286,11726013.58,0.8036,0.9375,"Liu, Baker and Mason",13.2,0.0368,13.24
13,2023-02-01,88,77,87,662.625,9719997.39,0.875,0.9886,"Liu, Baker and Mason",12.4,0.0408,7.14
13,2023-03-01,106,91,102,741.9245283018868,12260909.44,0.8585,0.9623,"Liu, Baker and Mason",12.8,0.0474,7.72
13,2023-04-01,108,90,103,709.3888888888889,11347945.39,0.8333,0.9537,"Liu, Baker and Mason",13.0,0.0417,5.44
13,2023-05-01,102,77,95,741.3039215686274,11147486.85,0.7549,0.9314,"Liu, Baker and Mason",13.1,0.0296,5.39
13,2023-06-01,101,69,90,770.0,11004201.44,0.6832,0.8911,"Liu, Baker and Mason",13.8,0.0383,10.67
13,2023-07-01,106,81,102,733.9433962264151,11591253.48,0.7642,0.9623,"Liu, Baker and Mason",13.3,0.026,9.54
13,2023-08-01,96,82,91,698.1979166666666,9832110.82,0.8542,0.9479,"Liu, Baker and Mason",13.1,0.0273,13.72
13,2023-09-01,116,82,98,748.2327586206897,14374772.87,0.7069,0.8448,"Liu, Baker and Mason",13.8,0.0249,2.16
13,2023-10-01,130,88,104,819.6,13037055.42,0.6769,0.8,"Liu, Baker and Mason",14.0,0.035,10.27
13,2023-11-01,126,93,115,790.0079365079365,11602014.81,0.7381,0.9127,"Liu, Baker and Mason",13.0,0.0346,8.49
13,2023-12-01,118,95,110,804.5084745762712,9879184.37,0.8051,0.9322,"Liu, Baker and Mason",13.4,0.041,7.54
13,2024-01-01,94,78,88,635.0851063829788,11393711.15,0.8298,0.9362,"Liu, Baker and Mason",13.1,0.0378,9.34
13,2024-02-01,92,71,88,608.1086956521739,9828038.37,0.7717,0.9565,"Liu, Baker and Mason",12.8,0.0306,8.82
13,2024-03-01,94,75,86,709.9148936170212,9146589.32,0.7979,0.9149,"Liu, Baker and Mason",13.1,0.0312,7.54
13,2024-04-01,105,85,96,698.2095238095238,12131375.31,0.8095,0.9143,"Liu, Baker and Mason",13.2,0.0449,7.47
13,2024-05-01,104,85,100,724.3076923076923,11286926.5,0.8173,0.9615,"Liu, Baker and Mason",12.8,0.0282,10.33
13,2024-06-01,96,67,89,736.6458333333334,9758085.85,0.6979,0.9271,"Liu, Baker and Mason",13.3,0.0487,7.91
13,2024-07-01,102,89,101,717.7156862745098,10279589.32,0.8725,0.9902,"Liu, Baker and Mason",13.1,0.0447,6.69
13,2024-08-01,98,77,95,669.6632653061224,10372005.64,0.7857,0.9694,"Liu, Baker and Mason",12.8,0.0413,7.84
13,2024-09-01,104,91,98,712.5096153846154,11500418.14,0.875,0.9423,"Liu, Baker and Mason",13.0,0.0448,6.29
13,2024-10-01,121,82,99,798.3471074380166,10255827.53,0.6777,0.8182,"Liu, Baker and Mason",13.9,0.0474,8.65
13,2024-11-01,135,97,109,819.7555555555556,11902551.92,0.7185,0.8074,"Liu, Baker and Mason",14.0,0.03,6.41
13,2024-12-01,132,82,102,779.2651515151515,8219112.51,0.6212,0.7727,"Liu, Baker and Mason",14.8,0.0338,5.76
13,2025-01-01,101,83,95,670.7623762376238,11925648.53,0.8218,0.9406,"Liu, Baker and Mason",13.1,0.0277,10.76
13,2025-02-01,87,63,83,631.0344827586207,8868998.73,0.7241,0.954,"Liu, Baker and Mason",13.1,0.0429,5.55
13,2025-03-01,93,74,89,725.9677419354839,10368780.86,0.7957,0.957,"Liu, Baker and Mason",13.2,0.0383,8.51
13,2025-04-01,104,82,94,721.3365384615385,10534230.81,0.7885,0.9038,"Liu, Baker and Mason",13.1,0.0381,6.38
13,2025-05-01,104,80,101,723.3557692307693,12850234.59,0.7692,0.9712,"Liu, Baker and Mason",13.4,0.0273,8.49
13,2025-06-01,108,82,98,728.1666666666666,11323012.19,0.7593,0.9074,"Liu, Baker and Mason",13.1,0.0477,8.6
13,2025-07-01,94,82,89,717.4787234042553,9684153.82,0.8723,0.9468,"Liu, Baker and Mason",12.9,0.0496,8.65
13,2025-08-01,116,86,99,712.8965517241379,12935894.7,0.7414,0.8534,"Liu, Baker and Mason",13.6,0.034,9.1
13,2025-09-01,90,76,84,740.4555555555555,9947388.52,0.8444,0.9333,"Liu, Baker and Mason",13.1,0.0356,11.15
13,2025-10-01,123,93,110,785.3658536585366,11201641.7,0.7561,0.8943,"Liu, Baker and Mason",13.2,0.0403,7.07
13,2025-11-01,123,88,100,842.1544715447154,12463314.36,0.7154,0.813,"Liu, Baker and Mason",14.1,0.0383,10.38
13,2025-12-01,141,100,108,812.6666666666666,11932416.1,0.7092,0.766,"Liu, Baker and Mason",14.2,0.0435,9.12
13,2026-01-01,18,16,16,811.6111111111111,1954414.96,0.8889,0.8889,"Liu, Baker and Mason",13.2,0.0438,8.05
14,2023-01-01,163,96,158,657.9938650306749,2224505.25,0.589,0.9693,"Gaines, Harrell and Evans",9.5,0.0499,28.49
14,2023-02-01,134,81,123,663.7835820895523,1946061.41,0.6045,0.9179,"Gaines, Harrell and Evans",9.6,0.0364,26.65
14,2023-03-01,138,86,133,666.7028985507246,2223760.92,0.6232,0.9638,"Gaines, Harrell and Evans",9.3,0.0508,27.38
14,2023-04-01,140,82,126,732.2285714285714,2165073.85,0.5857,0.9,"Gaines, Harrell and Evans",9.6,0.0661,16.45
14,2023-05-01,134,82,131,668.6268656716418,1914934.37,0.6119,0.9776,"Gaines, Harrell and Evans",9.1,0.0513,33.77
14,2023-06-01,147,84,141,703.8775510204082,2316940.94,0.5714,0.9592,"Gaines, Harrell and Evans",9.6,0.04,13.54
14,2023-07-01,146,78,131,704.9041095890411,2282403.28,0.5342,0.8973,"Gaines, Harrell and Evans",9.7,0.0617,26.14
14,2023-08-01,150,92,141,704.18,2287243.37,0.6133,0.94,"Gaines, Harrell and Evans",9.3,0.0478,13.8
14,2023-09-01,145,91,139,709.4068965517241,2471434.49,0.6276,0.9586,"Gaines, Harrell and Evans",9.2,0.0605,32.42
14,2023-10-01,172,97,147,745.1918604651163,3407522.27,0.564,0.8547,"Gaines, Harrell and Evans",9.9,0.0508,32.39
14,2023-11-01,152,76,136,745.3947368421053,3102780.86,0.5,0.8947,"Gaines, Harrell and Evans",9.9,0.0383,30.24
14,2023-12-01,155,88,142,727.825806451613,2864081.0,0.5677,0.9161,"Gaines, Harrell and Evans",9.7,0.0368,22.54
14,2024-01-01,141,85,137,653.1205673758865,2068643.05,0.6028,0.9716,"Gaines, Harrell and Evans",9.1,0.0671,15.36
14,2024-02-01,121,81,116,630.5702479338843,1769377.53,0.6694,0.9587,"Gaines, Harrell and Evans",9.0,0.0638,21.48
14,2024-03-01,142,79,135,703.2676056338029,2308621.2,0.5563,0.9507,"Gaines, Harrell and Evans",9.4,0.0411,25.82
14,2024-04-01,137,80,132,713.8613138686131,2298493.1,0.5839,0.9635,"Gaines, Harrell and Evans",9.3,0.0412,21.39
14,2024-05-01,135,66,132,704.7851851851852,2237162.82,0.4889,0.9778,"Gaines, Harrell and Evans",9.7,0.0495,25.07
14,2024-06-01,135,73,128,729.6666666666666,2381682.88,0.5407,0.9481,"Gaines, Harrell and Evans",9.8,0.0449,17.01
14,2024-07-01,153,90,136,722.4771241830065,2565585.31,0.5882,0.8889,"Gaines, Harrell and Evans",9.6,0.0468,14.48
14,2024-08-01,136,79,132,709.1838235294117,2175916.59,0.5809,0.9706,"Gaines, Harrell and Evans",9.2,0.0433,26.33
14,2024-09-01,148,99,141,728.418918918919,2632092.93,0.6689,0.9527,"Gaines, Harrell and Evans",9.2,0.0592,32.6
14,2024-10-01,161,87,153,761.6894409937888,3033378.31,0.5404,0.9503,"Gaines, Harrell and Evans",9.8,0.0464,23.58
14,2024-11-01,160,82,141,760.93125,3230866.9,0.5125,0.8812,"Gaines, Harrell and Evans",10.1,0.0442,21.57
14,2024-12-01,149,91,138,715.4161073825503,2912796.9,0.6107,0.9262,"Gaines, Harrell and Evans",9.4,0.0477,17.35
14,2025-01-01,147,81,137,671.1496598639455,2114776.17,0.551,0.932,"Gaines, Harrell and Evans",9.4,0.0569,12.96
14,2025-02-01,129,86,123,648.6899224806201,1969986.45,0.6667,0.9535,"Gaines, Harrell and Evans",9.1,0.0634,21.93
14,2025-03-01,143,80,138,703.2167832167833,2208753.6,0.5594,0.965,"Gaines, Harrell and Evans",9.6,0.0489,18.42
14,2025-04-01,138,79,133,674.6014492753624,2526385.01,0.5725,0.9638,"Gaines, Harrell and Evans",9.5,0.0346,20.78
14,2025-05-01,147,75,135,708.8571428571429,2420328.85,0.5102,0.9184,"Gaines, Harrell and Evans",9.9,0.0367,28.67
14,2025-06-01,136,66,127,673.2352941176471,2331339.23,0.4853,0.9338,"Gaines, Harrell and Evans",9.7,0.0354,24.2
14,2025-07-01,142,87,134,722.7323943661971,2389676.41,0.6127,0.9437,"Gaines, Harrell and Evans",9.4,0.0384,12.96
14,2025-08-01,138,87,137,724.2173913043479,2488970.22,0.6304,0.9928,"Gaines, Harrell and Evans",9.1,0.0655,21.08
14,2025-09-01,131,83,128,699.6488549618321,2180444.62,0.6336,0.9771,"Gaines, Harrell and Evans",9.3,0.068,30.03
14,2025-10-01,152,89,147,726.1776315789474,2807606.33,0.5855,0.9671,"Gaines, Harrell and Evans",9.2,0.0351,22.36
14,2025-11-01,146,87,139,743.3561643835617,2880565.68,0.5959,0.9521,"Gaines, Harrell and Evans",9.2,0.0529,26.92
14,2025-12-01,151,90,137,742.5364238410596,3303197.54,0.596,0.9073,"Gaines, Harrell and Evans",9.6,0.0586,24.45
14,2026-01-01,28,19,27,746.4285714285714,570159.23,0.6786,0.9643,"Gaines, Harrell and Evans",9.2,0.0442,15.7
15,2023-01-01,152,80,146,347.1907894736842,8781904.47,0.5263,0.9605,"Lynch, Hernandez and Farmer",11.7,0.0867,22.96
15,2023-02-01,110,58,106,323.5181818181818,5877838.86,0.5273,0.9636,"Lynch, Hernandez and Farmer",11.8,0.1088,20.16
15,2023-03-01,126,63,123,425.0634920634921,8963317.01,0.5,0.9762,"Lynch, Hernandez and Farmer",12.0,0.0695,25.87
15,2023-04-01,124,71,118,441.8870967741936,9500680.05,0.5726,0.9516,"Lynch, Hernandez and Farmer",11.7,0.1007,21.3
15,2023-05-01,132,70,123,438.2121212121212,8662302.63,0.5303,0.9318,"Lynch, Hernandez and Farmer",12.1,0.0864,23.77
15,2023-06-01,129,57,120,416.4418604651163,9365464.78,0.4419,0.9302,"Lynch, Hernandez and Farmer",12.1,0.0962,23.99
15,2023-07-01,122,67,120,434.327868852459,8432980.98,0.5492,0.9836,"Lynch, Hernandez and Farmer",11.8,0.1096,30.32
15,2023-08-01,129,54,116,423.4031007751938,8369756.82,0.4186,0.8992,"Lynch, Hernandez and Farmer",12.1,0.0618,24.6
15,2023-09-01,131,64,119,450.4732824427481,10095417.29,0.4885,0.9084,"Lynch, Hernandez and Farmer",12.2,0.0678,23.19
15,2023-10-01,147,73,129,576.4625850340136,14760552.35,0.4966,0.8776,"Lynch, Hernandez and Farmer",12.3,0.0714,12.46
15,2023-11-01,138,59,114,627.4927536231884,15313090.42,0.4275,0.8261,"Lynch, Hernandez and Farmer",12.4,0.0839,13.35
15,2023-12-01,144,74,125,603.9027777777778,15251613.01,0.5139,0.8681,"Lynch, Hernandez and Farmer",12.2,0.0849,15.66
15,2024-01-01,122,67,118,310.327868852459,6227789.19,0.5492,0.9672,"Lynch, Hernandez and Farmer",11.7,0.0913,28.6
15,2024-02-01,118,68,116,322.3135593220339,5729005.72,0.5763,0.9831,"Lynch, Hernandez and Farmer",11.4,0.0824,27.01
15,2024-03-01,129,68,122,432.5348837209302,8979414.97,0.5271,0.9457,"Lynch, Hernandez and Farmer",12.0,0.0612,33.11
15,2024-04-01,128,68,120,471.28125,9897603.89,0.5312,0.9375,"Lynch, Hernandez and Farmer",12.0,0.0685,18.4
15,2024-05-01,133,74,122,432.8796992481203,10263731.22,0.5564,0.9173,"Lynch, Hernandez and Farmer",11.7,0.0702,23.19
15,2024-06-01,124,69,119,445.6370967741936,8851697.73,0.5565,0.9597,"Lynch, Hernandez and Farmer",11.9,0.0788,8.95
15,2024-07-01,125,62,119,440.328,8769501.36,0.496,0.952,"Lynch, Hernandez and Farmer",11.9,0.1163,29.06
15,2024-08-01,131,73,122,436.3969465648855,9174134.97,0.5573,0.9313,"Lynch, Hernandez and Farmer",12.0,0.0825,22.7
15,2024-09-01,123,56,115,441.3821138211382,9012122.65,0.4553,0.935,"Lynch, Hernandez and Farmer",11.9,0.0618,12.27
15,2024-10-01,143,67,129,559.965034965035,12892239.33,0.4685,0.9021,"Lynch, Hernandez and Farmer",12.3,0.0675,21.75
15,2024-11-01,134,60,119,608.6940298507462,13568916.07,0.4478,0.8881,"Lynch, Hernandez and Farmer",12.2,0.0763,23.53
15,2024-12-01,144,67,123,617.5972222222222,14696798.38,0.4653,0.8542,"Lynch, Hernandez and Farmer",12.6,0.0812,32.01
15,2025-01-01,132,68,120,400.3560606060606,8449523.28,0.5152,0.9091,"Lynch, Hernandez and Farmer",12.0,0.0921,24.6
15,2025-02-01,112,69,109,296.91964285714283,5340103.9,0.6161,0.9732,"Lynch, Hernandez and Farmer",11.4,0.079,30.39
15,2025-03-01,131,68,125,449.9389312977099,10222872.96,0.5191,0.9542,"Lynch, Hernandez and Farmer",11.7,0.1057,19.51
15,2025-04-01,123,72,119,429.0894308943089,8473396.35,0.5854,0.9675,"Lynch, Hernandez and Farmer",11.7,0.0771,21.56
15,2025-05-01,123,63,120,426.2032520325203,8292839.48,0.5122,0.9756,"Lynch, Hernandez and Farmer",11.8,0.0751,12.37
15,2025-06-01,122,73,119,435.75409836065575,9374423.46,0.5984,0.9754,"Lynch, Hernandez and Farmer",11.1,0.08,15.53
15,2025-07-01,131,76,124,437.9236641221374,9207560.58,0.5802,0.9466,"Lynch, Hernandez and Farmer",11.6,0.0766,18.72
15,2025-08-01,132,76,122,419.469696969697,9031875.67,0.5758,0.9242,"Lynch, Hernandez and Farmer",11.8,0.0689,3.03
15,2025-09-01,134,70,123,485.47014925373134,12185097.01,0.5224,0.9179,"Lynch, Hernandez and Farmer",11.9,0.0634,31.99
15,2025-10-01,139,69,123,598.589928057554,15410243.27,0.4964,0.8849,"Lynch, Hernandez and Farmer",12.1,0.0891,21.07
15,2025-11-01,143,78,117,618.5104895104895,14275058.99,0.5455,0.8182,"Lynch, Hernandez and Farmer",12.5,0.1055,39.85
15,2025-12-01,146,74,123,606.9794520547945,15963273.53,0.5068,0.8425,"Lynch, Hernandez and Farmer",12.5,0.0981,14.43
15,2026-01-01,19,10,18,566.4736842105264,1771641.66,0.5263,0.9474,"Lynch, Hernandez and Farmer",11.7,0.0935,23.79
16,2023-01-01,71,56,66,350.07042253521126,3528601.3,0.7887,0.9296,"Sellers, George and Burns",12.0,0.0653,9.62
16,2023-02-01,60,46,55,411.48333333333335,3593564.92,0.7667,0.9167,"Sellers, George and Burns",12.8,0.0653,13.86
16,2023-03-01,63,51,60,371.07936507936506,3211680.5,0.8095,0.9524,"Sellers, George and Burns",11.9,0.0555,18.67
16,2023-04-01,61,48,55,373.40983606557376,3167482.97,0.7869,0.9016,"Sellers, George and Burns",12.4,0.0621,10.18
16,2023-05-01,64,49,60,371.609375,3302369.82,0.7656,0.9375,"Sellers, George and Burns",12.2,0.0588,9.99
16,2023-06-01,58,44,56,351.3793103448276,2838632.71,0.7586,0.9655,"Sellers, George and Burns",11.9,0.0636,19.23
16,2023-07-01,61,42,58,390.1803278688525,3349972.29,0.6885,0.9508,"Sellers, George and Burns",12.4,0.0412,8.88
16,2023-08-01,65,49,61,357.32307692307694,3262660.38,0.7538,0.9385,"Sellers, George and Burns",12.4,0.0436,10.02
16,2023-09-01,57,43,53,381.10526315789474,3032305.3,0.7544,0.9298,"Sellers, George and Burns",12.2,0.0658,12.15
16,2023-10-01,64,39,57,392.359375,3427372.88,0.6094,0.8906,"Sellers, George and Burns",12.8,0.0466,13.34
16,2023-11-01,62,44,59,338.3225806451613,2805877.96,0.7097,0.9516,"Sellers, George and Burns",12.1,0.0644,12.74
16,2023-12-01,63,47,60,439.6666666666667,3787120.67,0.746,0.9524,"Sellers, George and Burns",12.3,0.0451,12.99
16,2024-01-01,62,50,62,357.6290322580645,3183175.53,0.8065,1.0,"Sellers, George and Burns",11.4,0.0599,8.97
16,2024-02-01,59,40,55,344.0169491525424,2843236.76,0.678,0.9322,"Sellers, George and Burns",12.5,0.0643,15.16
16,2024-03-01,63,46,57,375.5396825396825,3243627.61,0.7302,0.9048,"Sellers, George and Burns",12.7,0.0343,19.25
16,2024-04-01,58,45,55,374.7413793103448,3059632.46,0.7759,0.9483,"Sellers, George and Burns",12.2,0.0552,15.64
16,2024-05-01,66,49,62,368.0757575757576,3408912.58,0.7424,0.9394,"Sellers, George and Burns",12.2,0.0659,18.19
16,2024-06-01,60,44,58,356.9166666666667,3016642.44,0.7333,0.9667,"Sellers, George and Burns",12.6,0.0535,14.55
16,2024-07-01,67,47,58,371.3582089552239,3490166.19,0.7015,0.8657,"Sellers, George and Burns",12.7,0.048,17.82
16,2024-08-01,61,44,54,406.4918032786885,3582081.85,0.7213,0.8852,"Sellers, George and Burns",12.5,0.0398,7.04
16,2024-09-01,61,43,55,408.1147540983607,3436405.77,0.7049,0.9016,"Sellers, George and Burns",12.7,0.0476,11.25
16,2024-10-01,65,45,59,365.2307692307692,3237528.94,0.6923,0.9077,"Sellers, George and Burns",12.5,0.0386,14.8
16,2024-11-01,60,45,57,403.05,3296349.96,0.75,0.95,"Sellers, George and Burns",12.4,0.0498,17.95
16,2024-12-01,67,48,61,402.6268656716418,3736236.31,0.7164,0.9104,"Sellers, George and Burns",12.3,0.0417,7.68
16,2025-01-01,61,43,56,374.1475409836066,3300329.94,0.7049,0.918,"Sellers, George and Burns",12.6,0.0572,16.73
16,2025-02-01,57,41,51,374.49122807017545,2967931.87,0.7193,0.8947,"Sellers, George and Burns",12.8,0.0519,8.99
16,2025-03-01,62,41,56,388.0,3432745.06,0.6613,0.9032,"Sellers, George and Burns",12.6,0.0468,13.75
16,2025-04-01,62,42,53,374.7096774193548,3156595.46,0.6774,0.8548,"Sellers, George and Burns",12.8,0.0528,21.06
16,2025-05-01,63,42,55,378.1746031746032,3354572.46,0.6667,0.873,"Sellers, George and Burns",13.3,0.0591,11.26
16,2025-06-01,62,48,60,316.1774193548387,2759781.75,0.7742,0.9677,"Sellers, George and Burns",12.0,0.0525,23.68
16,2025-07-01,62,47,55,374.6612903225807,3252334.5,0.7581,0.8871,"Sellers, George and Burns",12.4,0.0607,4.09
16,2025-08-01,63,45,58,391.4920634920635,3407341.62,0.7143,0.9206,"Sellers, George and Burns",12.7,0.0458,10.85
16,2025-09-01,62,39,59,399.46774193548384,3522677.62,0.629,0.9516,"Sellers, George and Burns",12.9,0.0442,16.08
16,2025-10-01,57,43,54,378.7894736842105,2900892.86,0.7544,0.9474,"Sellers, George and Burns",12.4,0.0426,19.91
16,2025-11-01,63,50,56,399.8095238095238,3440504.76,0.7937,0.8889,"Sellers, George and Burns",12.4,0.0353,12.02
16,2025-12-01,65,43,55,396.26153846153846,3422349.37,0.6615,0.8462,"Sellers, George and Burns",12.8,0.0596,18.99
16,2026-01-01,7,3,6,408.2857142857143,368686.23,0.4286,0.8571,"Sellers, George and Burns",12.7,0.0475,7.07
17,2023-01-01,79,58,74,391.746835443038,2028003.67,0.7342,0.9367,Koch-Decker,16.2,0.0355,13.38
17,2023-02-01,61,33,58,362.2131147540984,1403622.47,0.541,0.9508,Koch-Decker,16.6,0.0375,6.44
17,2023-03-01,66,46,60,460.6060606060606,2054071.3,0.697,0.9091,Koch-Decker,16.5,0.0277,14.83
17,2023-04-01,66,43,62,408.74242424242425,1815184.18,0.6515,0.9394,Koch-Decker,16.8,0.0328,18.01
17,2023-05-01,68,43,63,444.61764705882354,2090076.63,0.6324,0.9265,Koch-Decker,17.0,0.0248,10.05
17,2023-06-01,64,49,62,389.421875,1737500.02,0.7656,0.9688,Koch-Decker,16.1,0.0294,9.17
17,2023-07-01,70,50,62,454.1857142857143,2155085.37,0.7143,0.8857,Koch-Decker,16.6,0.0247,18.74
17,2023-08-01,65,41,62,456.75384615384615,2001731.9,0.6308,0.9538,Koch-Decker,16.5,0.0436,11.07
17,2023-09-01,70,50,63,480.7,2303411.38,0.7143,0.9,Koch-Decker,16.7,0.0256,18.94
17,2023-10-01,70,40,62,558.3,2785410.32,0.5714,0.8857,Koch-Decker,16.9,0.0299,13.31
17,2023-11-01,66,47,58,619.0454545454545,2908068.64,0.7121,0.8788,Koch-Decker,16.2,0.0338,14.8
17,2023-12-01,74,48,65,548.9864864864865,2932845.51,0.6486,0.8784,Koch-Decker,17.0,0.0414,11.49
17,2024-01-01,65,46,61,417.2153846153846,1747072.77,0.7077,0.9385,Koch-Decker,16.6,0.0355,10.02
17,2024-02-01,64,43,56,369.109375,1540989.85,0.6719,0.875,Koch-Decker,17.1,0.0303,12.11
17,2024-03-01,70,45,70,409.9428571428571,1937869.66,0.6429,1.0,Koch-Decker,16.3,0.0306,8.68
17,2024-04-01,61,40,58,483.2622950819672,2018063.29,0.6557,0.9508,Koch-Decker,16.8,0.0326,16.48
17,2024-05-01,69,57,67,411.3478260869565,1892466.84,0.8261,0.971,Koch-Decker,15.9,0.0385,14.42
17,2024-06-01,68,46,61,471.55882352941177,2177172.18,0.6765,0.8971,Koch-Decker,16.8,0.0277,15.87
17,2024-07-01,72,48,61,480.69444444444446,2324469.86,0.6667,0.8472,Koch-Decker,16.9,0.0413,11.57
17,2024-08-01,61,45,58,435.7704918032787,1724840.33,0.7377,0.9508,Koch-Decker,16.1,0.0372,14.67
17,2024-09-01,68,49,62,455.75,2071808.55,0.7206,0.9118,Koch-Decker,16.5,0.0371,15.82
17,2024-10-01,71,48,64,522.8028169014085,2696763.71,0.6761,0.9014,Koch-Decker,16.7,0.0409,14.18
17,2024-11-01,71,49,65,617.1971830985915,3094233.2,0.6901,0.9155,Koch-Decker,16.6,0.0371,3.38
17,2024-12-01,75,48,65,608.8666666666667,3255945.28,0.64,0.8667,Koch-Decker,17.1,0.0282,14.15
17,2025-01-01,68,42,62,450.0,2089768.04,0.6176,0.9118,Koch-Decker,17.0,0.037,9.38
17,2025-02-01,62,45,56,377.4193548387097,1566721.12,0.7258,0.9032,Koch-Decker,16.0,0.0291,15.36
17,2025-03-01,66,48,63,431.74242424242425,1873028.06,0.7273,0.9545,Koch-Decker,16.2,0.0337,13.27
17,2025-04-01,62,39,56,456.483870967742,1957335.49,0.629,0.9032,Koch-Decker,16.9,0.0293,6.2
17,2025-05-01,73,50,71,452.7534246575343,2159432.32,0.6849,0.9726,Koch-Decker,16.7,0.028,9.76
17,2025-06-01,64,45,62,445.609375,1899123.64,0.7031,0.9688,Koch-Decker,16.2,0.0352,12.07
17,2025-07-01,70,48,67,478.4857142857143,2328310.75,0.6857,0.9571,Koch-Decker,16.2,0.0374,14.01
17,2025-08-01,64,41,55,476.90625,2119096.15,0.6406,0.8594,Koch-Decker,16.8,0.028,17.42
17,2025-09-01,67,44,63,483.6119402985075,2283013.8,0.6567,0.9403,Koch-Decker,15.9,0.0319,13.43
17,2025-10-01,70,42,60,499.1,2491636.32,0.6,0.8571,Koch-Decker,17.1,0.0432,11.86
17,2025-11-01,73,46,62,630.917808219178,3246680.62,0.6301,0.8493,Koch-Decker,17.0,0.0308,12.46
17,2025-12-01,70,42,58,602.7714285714286,3035592.18,0.6,0.8286,Koch-Decker,17.5,0.0306,13.75
17,2026-01-01,10,6,9,566.3,431683.54,0.6,0.9,Koch-Decker,16.7,0.0344,16.3
18,2023-01-01,27,20,24,896.3333333333334,302105.03,0.7407,0.8889,Brown PLC,7.6,0.0477,11.61
18,2023-02-01,18,12,17,897.7222222222222,204000.08,0.6667,0.9444,Brown PLC,7.3,0.0595,9.99
18,2023-03-01,24,14,21,860.7083333333334,259613.77,0.5833,0.875,Brown PLC,7.4,0.0438,18.76
18,2023-04-01,27,14,22,874.7037037037037,296191.22,0.5185,0.8148,Brown PLC,8.6,0.0402,15.45
18,2023-05-01,24,15,22,881.7083333333334,262771.56,0.625,0.9167,Brown PLC,7.3,0.0497,10.27
18,2023-06-01,24,16,21,848.625,254127.44,0.6667,0.875,Brown PLC,7.5,0.0637,3.98
18,2023-07-01,21,18,21,844.1904761904761,222764.24,0.8571,1.0,Brown PLC,6.2,0.0578,3.56
18,2023-08-01,22,16,21,827.0,226160.56,0.7273,0.9545,Brown PLC,7.4,0.0624,8.96
18,2023-09-01,19,16,19,810.6315789473684,192656.96,0.8421,1.0,Brown PLC,5.8,0.0484,9.24
18,2023-10-01,24,17,21,876.5833333333334,262175.17,0.7083,0.875,Brown PLC,7.5,0.0658,12.77
18,2023-11-01,21,15,20,865.1904761904761,227982.23,0.7143,0.9524,Brown PLC,6.9,0.0344,21.09
18,2023-12-01,23,15,20,860.4347826086956,247350.23,0.6522,0.8696,Brown PLC,8.3,0.0614,14.33
18,2024-01-01,23,19,23,864.7391304347826,248639.08,0.8261,1.0,Brown PLC,6.9,0.0356,9.59
18,2024-02-01,21,17,20,845.5714285714286,220615.99,0.8095,0.9524,Brown PLC,6.5,0.0671,12.34
18,2024-03-01,24,20,24,816.2916666666666,244301.18,0.8333,1.0,Brown PLC,7.1,0.0451,8.68
18,2024-04-01,24,16,20,854.1666666666666,256542.41,0.6667,0.8333,Brown PLC,7.5,0.054,9.11
18,2024-05-01,21,16,20,897.2380952380952,237328.37,0.7619,0.9524,Brown PLC,7.0,0.0562,10.08
18,2024-06-01,25,20,25,852.72,267165.2,0.8,1.0,Brown PLC,6.6,0.0365,6.3
18,2024-07-01,17,14,16,880.7647058823529,186671.33,0.8235,0.9412,Brown PLC,6.5,0.0347,5.64
18,2024-08-01,23,18,23,878.2608695652174,252400.81,0.7826,1.0,Brown PLC,6.3,0.0364,14.06
18,2024-09-01,19,15,19,766.0,182836.5,0.7895,1.0,Brown PLC,6.7,0.0479,4.21
18,2024-10-01,18,12,17,895.1666666666666,202665.62,0.6667,0.9444,Brown PLC,7.1,0.0445,9.68
18,2024-11-01,28,20,23,825.1428571428571,287586.78,0.7143,0.8214,Brown PLC,8.1,0.0429,6.99
18,2024-12-01,27,17,25,848.2592592592592,285319.77,0.6296,0.9259,Brown PLC,7.9,0.0641,3.63
18,2025-01-01,20,10,19,858.05,215757.47,0.5,0.95,Brown PLC,7.8,0.0601,7.99
18,2025-02-01,23,20,21,883.1739130434783,255006.34,0.8696,0.913,Brown PLC,6.9,0.0559,16.11
18,2025-03-01,23,12,18,907.8260869565216,259349.4,0.5217,0.7826,Brown PLC,8.3,0.0647,13.33
18,2025-04-01,22,17,22,827.7272727272727,227556.54,0.7727,1.0,Brown PLC,6.8,0.0605,11.24
18,2025-05-01,21,14,21,859.047619047619,225784.84,0.6667,1.0,Brown PLC,6.7,0.0371,9.49
18,2025-06-01,26,21,25,875.3461538461538,284900.17,0.8077,0.9615,Brown PLC,6.8,0.0496,13.55
18,2025-07-01,20,19,20,899.5,224937.38,0.95,1.0,Brown PLC,6.0,0.0493,16.69
18,2025-08-01,20,15,19,830.05,207909.56,0.75,0.95,Brown PLC,6.5,0.0559,9.32
18,2025-09-01,18,15,17,1020.7222222222222,229125.01,0.8333,0.9444,Brown PLC,6.8,0.0659,11.9
18,2025-10-01,27,18,24,864.8518518518518,293094.23,0.6667,0.8889,Brown PLC,7.9,0.0644,8.53
18,2025-11-01,26,13,21,883.2692307692307,287382.63,0.5,0.8077,Brown PLC,8.4,0.0554,3.88
18,2025-12-01,21,18,21,841.7142857142857,221376.35,0.8571,1.0,Brown PLC,6.4,0.0644,6.26
18,2026-01-01,2,1,1,888.0,22454.69,0.5,0.5,Brown PLC,8.5,0.0564,12.43
19,2023-01-01,47,39,45,370.06382978723406,730144.37,0.8298,0.9574,Miller Group,6.0,0.0038,9.49
19,2023-02-01,37,33,35,346.0,539404.63,0.8919,0.9459,Miller Group,5.9,0.0038,6.08
19,2023-03-01,38,35,36,366.10526315789474,585303.0,0.9211,0.9474,Miller Group,5.9,0.0043,6.29
19,2023-04-01,40,37,39,367.4,617046.45,0.925,0.975,Miller Group,5.6,0.004,4.08
19,2023-05-01,41,38,40,349.8048780487805,603104.07,0.9268,0.9756,Miller Group,5.7,0.0052,5.57
19,2023-06-01,37,32,35,368.05405405405406,574401.47,0.8649,0.9459,Miller Group,5.7,0.0041,6.64
19,2023-07-01,41,32,37,378.7560975609756,654122.05,0.7805,0.9024,Miller Group,6.0,0.004,4.35
19,2023-08-01,43,37,41,326.72093023255815,588946.97,0.8605,0.9535,Miller Group,5.8,0.0043,5.41
19,2023-09-01,40,34,39,327.975,551868.37,0.85,0.975,Miller Group,5.9,0.0048,8.34
19,2023-10-01,38,32,38,321.4736842105263,514993.73,0.8421,1.0,Miller Group,5.6,0.0057,4.54
19,2023-11-01,37,34,36,383.1621621621622,594789.9,0.9189,0.973,Miller Group,5.6,0.0054,8.15
19,2023-12-01,42,40,41,373.2142857142857,660858.85,0.9524,0.9762,Miller Group,5.5,0.0037,5.93
19,2024-01-01,39,33,38,345.12820512820514,568223.9299999999,0.8462,0.9744,Miller Group,6.1,0.0041,6.06
19,2024-02-01,38,35,38,414.89473684210526,661862.57,0.9211,1.0,Miller Group,5.3,0.005,6.49
19,2024-03-01,41,34,40,373.4146341463415,644825.61,0.8293,0.9756,Miller Group,5.7,0.0057,4.36
19,2024-04-01,38,36,38,374.3421052631579,593680.14,0.9474,1.0,Miller Group,5.3,0.003,3.32
19,2024-05-01,41,37,38,325.3170731707317,560980.85,0.9024,0.9268,Miller Group,5.8,0.0034,2.91
19,2024-06-01,38,33,37,421.8421052631579,673050.48,0.8684,0.9737,Miller Group,5.7,0.0042,3.15
19,2024-07-01,40,32,37,409.525,687418.75,0.8,0.925,Miller Group,5.8,0.0037,7.2
19,2024-08-01,40,33,37,341.75,576157.45,0.825,0.925,Miller Group,6.1,0.0051,6.78
19,2024-09-01,40,32,39,364.95,611866.33,0.8,0.975,Miller Group,6.1,0.0038,7.47
19,2024-10-01,43,39,41,343.2093023255814,616863.3,0.907,0.9535,Miller Group,5.9,0.0031,5.16
19,2024-11-01,33,29,31,346.1515151515151,481200.89,0.8788,0.9394,Miller Group,5.8,0.0049,6.76
19,2024-12-01,43,36,40,350.8837209302326,634576.93,0.8372,0.9302,Miller Group,6.1,0.0048,7.03
19,2025-01-01,39,34,39,309.56410256410254,508941.21,0.8718,1.0,Miller Group,5.4,0.0054,4.84
19,2025-02-01,38,35,37,368.92105263157896,590781.56,0.9211,0.9737,Miller Group,5.6,0.003,4.17
19,2025-03-01,38,30,37,368.078947368421,589813.7,0.7895,0.9737,Miller Group,6.2,0.0038,7.93
19,2025-04-01,38,31,37,337.2368421052632,539987.52,0.8158,0.9737,Miller Group,5.9,0.0057,6.52
19,2025-05-01,42,39,42,367.2619047619048,652481.46,0.9286,1.0,Miller Group,5.6,0.0037,5.55
19,2025-06-01,37,31,33,402.6756756756757,625268.8200000001,0.8378,0.8919,Miller Group,6.0,0.005,7.55
19,2025-07-01,39,38,39,304.56410256410254,500144.88,0.9744,1.0,Miller Group,5.3,0.0034,7.72
19,2025-08-01,41,36,39,353.8048780487805,610909.7,0.878,0.9512,Miller Group,6.1,0.0055,3.84
19,2025-09-01,38,34,37,385.578947368421,615861.64,0.8947,0.9737,Miller Group,5.6,0.0037,6.72
19,2025-10-01,40,35,39,327.925,552517.97,0.875,0.975,Miller Group,5.7,0.0033,6.87
19,2025-11-01,39,28,36,330.4102564102564,541665.83,0.7179,0.9231,Miller Group,6.5,0.0051,4.23
19,2025-12-01,44,35,40,341.70454545454544,634425.7,0.7955,0.9091,Miller Group,6.2,0.0056,4.71
19,2026-01-01,3,2,3,285.0,35966.79,0.6667,1.0,Miller Group,6.7,0.0054,9.82
20,2023-01-01,121,93,111,849.801652892562,4871456.28,0.7686,0.9174,Spence PLC,6.7,0.0239,6.92
20,2023-02-01,103,74,91,863.9611650485436,4240069.61,0.7184,0.8835,Spence PLC,6.8,0.0195,7.42
20,2023-03-01,110,88,100,875.709090909091,4573666.38,0.8,0.9091,Spence PLC,6.6,0.0174,3.88
20,2023-04-01,90,69,84,887.5111111111111,3800715.95,0.7667,0.9333,Spence PLC,6.4,0.0168,6.22
20,2023-05-01,94,77,87,874.3617021276596,3894032.66,0.8191,0.9255,Spence PLC,6.5,0.0181,3.53
20,2023-06-01,91,73,84,830.7472527472528,3594918.27,0.8022,0.9231,Spence PLC,6.6,0.0238,7.66
20,2023-07-01,107,86,99,902.6728971962616,4609404.85,0.8037,0.9252,Spence PLC,6.6,0.0143,11.19
20,2023-08-01,94,74,87,865.1595744680851,3862729.05,0.7872,0.9255,Spence PLC,6.6,0.0152,7.8
20,2023-09-01,93,68,85,851.483870967742,3773240.62,0.7312,0.914,Spence PLC,6.7,0.0179,8.64
20,2023-10-01,92,76,91,841.054347826087,3693001.58,0.8261,0.9891,Spence PLC,6.2,0.0275,9.02
20,2023-11-01,92,69,77,911.391304347826,3986824.48,0.75,0.837,Spence PLC,7.3,0.0214,9.72
20,2023-12-01,108,78,94,894.2222222222222,4600618.55,0.7222,0.8704,Spence PLC,6.8,0.0253,5.52
20,2024-01-01,95,81,90,881.4315789473684,3978436.9,0.8526,0.9474,Spence PLC,6.5,0.0281,6.13
20,2024-02-01,98,78,91,846.4897959183673,3946694.02,0.7959,0.9286,Spence PLC,6.6,0.0278,11.18
20,2024-03-01,99,79,94,862.4646464646464,4055261.88,0.798,0.9495,Spence PLC,6.3,0.0208,9.31
20,2024-04-01,91,69,86,875.065934065934,3781029.1,0.7582,0.9451,Spence PLC,6.6,0.0159,6.05
20,2024-05-01,100,81,93,800.2,3796494.67,0.81,0.93,Spence PLC,6.3,0.0195,8.47
20,2024-06-01,100,77,96,868.08,4125885.81,0.77,0.96,Spence PLC,6.6,0.0242,5.95
20,2024-07-01,110,87,97,895.4363636363636,4686901.95,0.7909,0.8818,Spence PLC,6.8,0.0219,6.24
20,2024-08-01,98,80,92,859.0612244897959,4001979.03,0.8163,0.9388,Spence PLC,6.5,0.0244,13.0
20,2024-09-01,108,71,86,854.5925925925926,4400839.8,0.6574,0.7963,Spence PLC,7.6,0.0202,8.54
20,2024-10-01,90,74,84,860.7777777777778,3665411.3,0.8222,0.9333,Spence PLC,6.3,0.0167,5.5
20,2024-11-01,104,84,95,822.2403846153846,4063189.11,0.8077,0.9135,Spence PLC,6.6,0.0158,3.89
20,2024-12-01,102,83,94,884.7941176470588,4278090.89,0.8137,0.9216,Spence PLC,6.5,0.0269,3.61
20,2025-01-01,88,69,86,830.9318181818181,3480212.35,0.7841,0.9773,Spence PLC,6.2,0.0148,7.57
20,2025-02-01,97,75,91,897.1958762886597,4133497.95,0.7732,0.9381,Spence PLC,6.3,0.0217,10.21
20,2025-03-01,110,74,92,911.6181818181818,4762968.57,0.6727,0.8364,Spence PLC,7.5,0.0166,-0.06
20,2025-04-01,90,75,86,846.4222222222222,3636684.81,0.8333,0.9556,Spence PLC,6.3,0.017,7.66
20,2025-05-01,108,87,102,874.0185185185185,4477745.14,0.8056,0.9444,Spence PLC,6.4,0.0266,13.01
20,2025-06-01,98,78,89,856.265306122449,3987172.32,0.7959,0.9082,Spence PLC,6.7,0.0232,7.08
20,2025-07-01,92,78,88,909.3152173913044,3971813.01,0.8478,0.9565,Spence PLC,6.3,0.0249,6.23
20,2025-08-01,110,85,96,855.0090909090909,4471414.91,0.7727,0.8727,Spence PLC,6.8,0.0165,9.02
20,2025-09-01,101,80,89,851.7227722772277,4086341.11,0.7921,0.8812,Spence PLC,6.6,0.0263,4.76
20,2025-10-01,101,82,91,852.8712871287129,4090830.31,0.8119,0.901,Spence PLC,6.8,0.021,7.61
20,2025-11-01,94,79,88,863.2446808510638,3869756.99,0.8404,0.9362,Spence PLC,6.2,0.019,8.0
20,2025-12-01,88,67,82,905.068181818182,3799498.83,0.7614,0.9318,Spence PLC,6.7,0.0242,9.19
20,2026-01-01,12,11,12,908.9166666666666,516552.42,0.9167,1.0,Spence PLC,5.7,0.0252,8.5
21,2023-01-01,197,111,186,471.0812182741117,6044795.57,0.5635,0.9442,Anderson Group,10.5,0.0641,12.86
21,2023-02-01,144,89,138,481.5625,4609895.0,0.6181,0.9583,Anderson Group,10.3,0.0464,15.24
21,2023-03-01,154,91,149,446.9350649350649,4364187.12,0.5909,0.9675,Anderson Group,10.5,0.0511,23.13
21,2023-04-01,157,103,148,441.95541401273886,4353322.04,0.6561,0.9427,Anderson Group,10.3,0.053,16.93
21,2023-05-01,163,102,156,472.04294478527606,4928187.55,0.6258,0.9571,Anderson Group,10.4,0.0594,12.71
21,2023-06-01,153,105,149,486.797385620915,4614517.93,0.6863,0.9739,Anderson Group,10.1,0.0408,7.16
21,2023-07-01,153,100,145,496.90849673202615,4743641.21,0.6536,0.9477,Anderson Group,10.4,0.0642,13.98
21,2023-08-01,155,92,147,465.0967741935484,4747325.9,0.5935,0.9484,Anderson Group,10.6,0.0419,18.82
21,2023-09-01,158,99,150,488.1898734177215,4672227.95,0.6266,0.9494,Anderson Group,10.4,0.0511,16.66
21,2023-10-01,165,110,154,496.24242424242425,4943031.51,0.6667,0.9333,Anderson Group,10.3,0.0327,8.3
21,2023-11-01,156,105,149,486.6602564102564,4804842.03,0.6731,0.9551,Anderson Group,10.5,0.0552,14.29
21,2023-12-01,159,101,148,523.3081761006289,5086101.29,0.6352,0.9308,Anderson Group,10.7,0.0465,14.93
21,2024-01-01,153,94,149,431.6928104575163,4463616.12,0.6144,0.9739,Anderson Group,10.2,0.0541,15.6
21,2024-02-01,155,102,150,473.1677419354839,4842333.82,0.6581,0.9677,Anderson Group,10.1,0.0503,17.18
21,2024-03-01,159,102,153,472.50943396226415,4804236.17,0.6415,0.9623,Anderson Group,10.4,0.0511,16.69
21,2024-04-01,162,92,154,515.8703703703703,5511338.38,0.5679,0.9506,Anderson Group,10.5,0.0469,15.66
21,2024-05-01,164,99,159,479.5975609756098,4970555.19,0.6037,0.9695,Anderson Group,10.1,0.0391,22.48
21,2024-06-01,148,86,139,453.2837837837838,4239255.39,0.5811,0.9392,Anderson Group,10.5,0.0581,16.16
21,2024-07-01,155,95,144,473.0451612903226,4596096.1,0.6129,0.929,Anderson Group,10.6,0.0476,14.98
21,2024-08-01,155,90,148,448.2645161290322,4345679.06,0.5806,0.9548,Anderson Group,10.6,0.0399,11.81
21,2024-09-01,152,101,148,460.89473684210526,4602184.4,0.6645,0.9737,Anderson Group,10.4,0.0628,20.92
21,2024-10-01,166,92,152,494.9698795180723,5104915.89,0.5542,0.9157,Anderson Group,10.9,0.0528,19.89
21,2024-11-01,151,88,141,523.8344370860927,4945926.56,0.5828,0.9338,Anderson Group,10.6,0.0491,9.43
21,2024-12-01,169,92,154,489.11242603550295,5163436.35,0.5444,0.9112,Anderson Group,10.8,0.0494,5.24
21,2025-01-01,167,94,155,496.8443113772455,5572330.48,0.5629,0.9281,Anderson Group,11.2,0.0525,16.38
21,2025-02-01,140,99,138,432.5785714285714,3963537.67,0.7071,0.9857,Anderson Group,10.0,0.0414,19.37
21,2025-03-01,157,100,150,473.0700636942675,4821167.84,0.6369,0.9554,Anderson Group,10.4,0.0607,13.38
21,2025-04-01,158,93,149,496.86708860759495,5254668.22,0.5886,0.943,Anderson Group,11.0,0.0385,15.54
21,2025-05-01,164,101,158,459.8109756097561,4781113.47,0.6159,0.9634,Anderson Group,10.5,0.0381,13.02
21,2025-06-01,161,115,153,484.2608695652174,5074439.47,0.7143,0.9503,Anderson Group,10.1,0.0489,13.0
21,2025-07-01,157,96,150,480.0382165605096,4970955.1,0.6115,0.9554,Anderson Group,10.4,0.0646,11.5
21,2025-08-01,159,96,152,453.1006289308176,4558356.63,0.6038,0.956,Anderson Group,10.5,0.064,11.86
21,2025-09-01,151,102,148,489.8278145695364,4711739.52,0.6755,0.9801,Anderson Group,10.1,0.0371,22.03
21,2025-10-01,168,99,156,480.1904761904762,4932180.66,0.5893,0.9286,Anderson Group,10.5,0.0646,24.54
21,2025-11-01,149,92,141,507.503355704698,4676506.21,0.6174,0.9463,Anderson Group,10.2,0.0333,19.17
21,2025-12-01,162,106,156,506.2407407407408,5021891.95,0.6543,0.963,Anderson Group,10.1,0.0336,16.93
21,2026-01-01,23,18,21,531.695652173913,792243.36,0.7826,0.913,Anderson Group,10.1,0.0455,13.79
22,2023-01-01,58,45,56,617.8965517241379,1642503.34,0.7759,0.9655,"Martin, Rose and Obrien",11.7,0.0429,17.01
22,2023-02-01,41,28,41,556.829268292683,1047504.24,0.6829,1.0,"Martin, Rose and Obrien",11.7,0.0551,14.92
22,2023-03-01,47,32,41,738.3404255319149,1586850.14,0.6809,0.8723,"Martin, Rose and Obrien",13.1,0.0394,17.77
22,2023-04-01,54,33,47,786.4814814814815,1947153.8,0.6111,0.8704,"Martin, Rose and Obrien",12.7,0.0383,6.55
22,2023-05-01,52,32,51,716.0576923076923,1707505.95,0.6154,0.9808,"Martin, Rose and Obrien",11.8,0.0552,16.25
22,2023-06-01,47,35,47,683.0212765957447,1465149.96,0.7447,1.0,"Martin, Rose and Obrien",11.9,0.0577,10.44
22,2023-07-01,48,31,47,787.2083333333334,1725864.8,0.6458,0.9792,"Martin, Rose and Obrien",11.8,0.0445,16.48
22,2023-08-01,50,29,49,781.54,1791183.41,0.58,0.98,"Martin, Rose and Obrien",12.2,0.0501,11.36
22,2023-09-01,46,29,43,708.0652173913044,1493699.26,0.6304,0.9348,"Martin, Rose and Obrien",12.2,0.0363,9.69
22,2023-10-01,72,41,63,824.6111111111111,2715067.37,0.5694,0.875,"Martin, Rose and Obrien",12.4,0.0509,15.77
22,2023-11-01,73,46,59,838.3150684931506,2807243.14,0.6301,0.8082,"Martin, Rose and Obrien",13.2,0.0416,20.42
22,2023-12-01,66,46,53,864.7575757575758,2607669.77,0.697,0.803,"Martin, Rose and Obrien",12.7,0.0491,13.06
22,2024-01-01,47,38,46,589.2553191489362,1271384.47,0.8085,0.9787,"Martin, Rose and Obrien",12.1,0.052,19.03
22,2024-02-01,40,27,39,586.45,1073723.36,0.675,0.975,"Martin, Rose and Obrien",12.0,0.0395,12.9
22,2024-03-01,51,31,45,681.7843137254902,1591224.22,0.6078,0.8824,"Martin, Rose and Obrien",12.6,0.0513,16.01
22,2024-04-01,49,35,47,733.1020408163265,1641058.55,0.7143,0.9592,"Martin, Rose and Obrien",11.6,0.0333,19.32
22,2024-05-01,48,32,45,681.3333333333334,1509722.41,0.6667,0.9375,"Martin, Rose and Obrien",12.0,0.04,20.05
22,2024-06-01,48,29,47,713.8125,1565962.96,0.6042,0.9792,"Martin, Rose and Obrien",12.2,0.0599,14.68
22,2024-07-01,48,36,45,653.2083333333334,1436000.48,0.75,0.9375,"Martin, Rose and Obrien",11.8,0.0427,13.54
22,2024-08-01,51,32,47,673.8235294117648,1576277.6,0.6275,0.9216,"Martin, Rose and Obrien",12.2,0.0406,8.13
22,2024-09-01,51,24,47,701.1176470588235,1639535.53,0.4706,0.9216,"Martin, Rose and Obrien",12.7,0.0337,8.84
22,2024-10-01,62,36,45,888.016129032258,2519274.92,0.5806,0.7258,"Martin, Rose and Obrien",13.5,0.0476,10.39
22,2024-11-01,65,46,58,863.8307692307692,2574310.07,0.7077,0.8923,"Martin, Rose and Obrien",12.8,0.0348,12.65
22,2024-12-01,72,37,57,824.25,2724467.5,0.5139,0.7917,"Martin, Rose and Obrien",13.1,0.0543,12.07
22,2025-01-01,51,31,49,629.3333333333334,1463910.54,0.6078,0.9608,"Martin, Rose and Obrien",12.9,0.0463,11.4
22,2025-02-01,43,27,41,585.1395348837209,1154126.99,0.6279,0.9535,"Martin, Rose and Obrien",12.1,0.0354,17.88
22,2025-03-01,50,27,48,755.38,1735854.56,0.54,0.96,"Martin, Rose and Obrien",12.2,0.0443,17.18
22,2025-04-01,48,32,48,720.0416666666666,1590715.29,0.6667,1.0,"Martin, Rose and Obrien",12.4,0.061,15.03
22,2025-05-01,44,30,42,766.3863636363636,1541554.99,0.6818,0.9545,"Martin, Rose and Obrien",12.0,0.0458,19.35
22,2025-06-01,54,40,51,736.6851851851852,1831279.99,0.7407,0.9444,"Martin, Rose and Obrien",12.4,0.0504,11.85
22,2025-07-01,57,39,50,730.9649122807018,1916308.15,0.6842,0.8772,"Martin, Rose and Obrien",12.4,0.0589,9.75
22,2025-08-01,52,38,45,722.8846153846154,1723973.61,0.7308,0.8654,"Martin, Rose and Obrien",12.3,0.0433,16.17
22,2025-09-01,50,35,47,719.66,1652728.37,0.7,0.94,"Martin, Rose and Obrien",11.9,0.0564,9.68
22,2025-10-01,66,45,55,859.0757575757576,2597669.13,0.6818,0.8333,"Martin, Rose and Obrien",13.0,0.035,12.13
22,2025-11-01,60,39,51,861.0333333333333,2371162.44,0.65,0.85,"Martin, Rose and Obrien",12.2,0.036,15.95
22,2025-12-01,81,41,67,794.7777777777778,2963352.32,0.5062,0.8272,"Martin, Rose and Obrien",13.1,0.0372,4.25
22,2026-01-01,5,4,5,1250.8,285268.5,0.8,1.0,"Martin, Rose and Obrien",11.8,0.0524,14.76
23,2023-01-01,139,100,125,673.8489208633093,2352742.06,0.7194,0.8993,"Campos, Vaughn and Marquez",6.9,0.0292,1.62
23,2023-02-01,101,78,94,690.8118811881188,1855589.28,0.7723,0.9307,"Campos, Vaughn and Marquez",6.6,0.0256,6.96
23,2023-03-01,124,86,111,688.7258064516129,2312298.73,0.6935,0.8952,"Campos, Vaughn and Marquez",7.0,0.0249,11.17
23,2023-04-01,117,87,108,672.8632478632478,2088740.93,0.7436,0.9231,"Campos, Vaughn and Marquez",6.8,0.025,7.71
23,2023-05-01,111,81,102,677.7657657657658,2015228.29,0.7297,0.9189,"Campos, Vaughn and Marquez",6.7,0.0235,11.01
23,2023-06-01,101,78,97,672.3960396039604,1940335.66,0.7723,0.9604,"Campos, Vaughn and Marquez",6.6,0.0314,13.11
23,2023-07-01,115,93,112,646.1826086956522,2126072.2,0.8087,0.9739,"Campos, Vaughn and Marquez",6.2,0.0317,9.46
23,2023-08-01,113,89,102,633.1238938053098,1886518.68,0.7876,0.9027,"Campos, Vaughn and Marquez",6.6,0.0291,7.3
23,2023-09-01,117,83,104,719.0769230769231,2145402.94,0.7094,0.8889,"Campos, Vaughn and Marquez",6.8,0.0314,9.87
23,2023-10-01,116,78,108,722.9051724137931,2659201.87,0.6724,0.931,"Campos, Vaughn and Marquez",6.8,0.0259,18.11
23,2023-11-01,108,73,92,712.0555555555555,2675505.74,0.6759,0.8519,"Campos, Vaughn and Marquez",7.0,0.0221,8.74
23,2023-12-01,126,86,107,746.063492063492,2851240.89,0.6825,0.8492,"Campos, Vaughn and Marquez",7.3,0.0244,9.13
23,2024-01-01,121,100,115,663.7520661157025,1961520.44,0.8264,0.9504,"Campos, Vaughn and Marquez",6.4,0.0182,10.34
23,2024-02-01,105,74,96,639.9714285714285,1672494.41,0.7048,0.9143,"Campos, Vaughn and Marquez",6.4,0.0324,10.25
23,2024-03-01,116,89,109,678.2155172413793,2095665.48,0.7672,0.9397,"Campos, Vaughn and Marquez",6.3,0.0184,11.32
23,2024-04-01,125,80,105,686.416,2196021.35,0.64,0.84,"Campos, Vaughn and Marquez",7.7,0.028,9.67
23,2024-05-01,111,83,105,668.018018018018,2193017.68,0.7477,0.9459,"Campos, Vaughn and Marquez",6.5,0.0251,13.37
23,2024-06-01,118,89,109,689.2796610169491,2016584.15,0.7542,0.9237,"Campos, Vaughn and Marquez",6.7,0.0262,7.03
23,2024-07-01,108,72,103,667.6851851851852,1957985.97,0.6667,0.9537,"Campos, Vaughn and Marquez",6.8,0.029,12.9
23,2024-08-01,120,95,115,658.2583333333333,2228106.4,0.7917,0.9583,"Campos, Vaughn and Marquez",6.2,0.0191,9.88
23,2024-09-01,108,76,99,679.8796296296297,2052167.1,0.7037,0.9167,"Campos, Vaughn and Marquez",6.7,0.0277,7.59
23,2024-10-01,120,79,97,707.0333333333333,2905149.0,0.6583,0.8083,"Campos, Vaughn and Marquez",7.3,0.021,6.97
23,2024-11-01,102,68,88,677.5294117647059,2336831.3,0.6667,0.8627,"Campos, Vaughn and Marquez",7.0,0.0341,9.46
23,2024-12-01,122,94,110,730.0,2744804.48,0.7705,0.9016,"Campos, Vaughn and Marquez",6.7,0.0211,9.15
23,2025-01-01,107,81,101,692.5607476635514,1948961.53,0.757,0.9439,"Campos, Vaughn and Marquez",6.3,0.0287,13.07
23,2025-02-01,102,78,93,669.7254901960785,1871563.37,0.7647,0.9118,"Campos, Vaughn and Marquez",6.6,0.0323,11.2
23,2025-03-01,117,94,109,665.3846153846154,2015744.63,0.8034,0.9316,"Campos, Vaughn and Marquez",6.5,0.0246,10.62
23,2025-04-01,107,77,100,686.4579439252336,2104704.53,0.7196,0.9346,"Campos, Vaughn and Marquez",6.5,0.0255,8.07
23,2025-05-01,119,95,115,665.563025210084,2145341.92,0.7983,0.9664,"Campos, Vaughn and Marquez",6.4,0.0237,5.94
23,2025-06-01,114,79,104,696.4912280701755,2003072.15,0.693,0.9123,"Campos, Vaughn and Marquez",6.8,0.0332,12.74
23,2025-07-01,115,82,105,673.0782608695653,2113628.04,0.713,0.913,"Campos, Vaughn and Marquez",6.8,0.0256,10.02
23,2025-08-01,105,81,101,650.047619047619,2068092.13,0.7714,0.9619,"Campos, Vaughn and Marquez",6.6,0.0245,4.46
23,2025-09-01,116,88,110,654.8448275862069,2111404.51,0.7586,0.9483,"Campos, Vaughn and Marquez",6.5,0.0226,9.84
23,2025-10-01,110,88,105,724.5090909090909,2507388.67,0.8,0.9545,"Campos, Vaughn and Marquez",6.3,0.0271,8.2
23,2025-11-01,104,80,98,681.7980769230769,2480462.32,0.7692,0.9423,"Campos, Vaughn and Marquez",6.6,0.0303,13.07
23,2025-12-01,115,79,101,685.1565217391304,2272645.74,0.687,0.8783,"Campos, Vaughn and Marquez",7.2,0.0239,9.63
23,2026-01-01,22,20,21,700.5,474375.23,0.9091,0.9545,"Campos, Vaughn and Marquez",6.0,0.0237,8.13
24,2023-01-01,71,58,68,808.2112676056338,1138225.04,0.8169,0.9577,"Santos, Kim and Holmes",6.0,0.0204,10.19
24,2023-02-01,52,38,50,741.6153846153846,761689.96,0.7308,0.9615,"Santos, Kim and Holmes",6.0,0.0323,8.1
24,2023-03-01,63,50,61,788.0793650793651,983154.1,0.7937,0.9683,"Santos, Kim and Holmes",5.8,0.0314,12.99
24,2023-04-01,70,48,63,822.1428571428571,1144539.69,0.6857,0.9,"Santos, Kim and Holmes",6.8,0.02,9.16
24,2023-05-01,56,49,55,797.8571428571429,888696.41,0.875,0.9821,"Santos, Kim and Holmes",5.7,0.0287,8.02
24,2023-06-01,62,50,54,778.0645161290323,957871.3,0.8065,0.871,"Santos, Kim and Holmes",6.5,0.0328,9.57
24,2023-07-01,63,50,57,814.031746031746,1014907.0,0.7937,0.9048,"Santos, Kim and Holmes",6.3,0.0256,11.0
24,2023-08-01,67,55,61,795.2388059701492,1052890.8,0.8209,0.9104,"Santos, Kim and Holmes",5.9,0.0236,9.81
24,2023-09-01,59,51,56,750.0508474576271,878394.51,0.8644,0.9492,"Santos, Kim and Holmes",5.9,0.026,11.12
24,2023-10-01,58,49,56,782.5344827586207,901095.3,0.8448,0.9655,"Santos, Kim and Holmes",6.0,0.021,5.23
24,2023-11-01,63,53,61,783.7142857142857,980630.18,0.8413,0.9683,"Santos, Kim and Holmes",6.1,0.0195,10.25
24,2023-12-01,69,54,61,777.2608695652174,1065391.24,0.7826,0.8841,"Santos, Kim and Holmes",6.3,0.0204,3.78
24,2024-01-01,67,53,60,804.3134328358209,1068655.16,0.791,0.8955,"Santos, Kim and Holmes",6.2,0.0305,12.24
24,2024-02-01,60,48,55,794.85,944538.24,0.8,0.9167,"Santos, Kim and Holmes",6.0,0.0348,11.13
24,2024-03-01,56,44,55,807.0714285714286,895264.77,0.7857,0.9821,"Santos, Kim and Holmes",5.9,0.024,7.57
24,2024-04-01,57,50,56,770.6315789473684,870416.75,0.8772,0.9825,"Santos, Kim and Holmes",5.8,0.0249,7.64
24,2024-05-01,71,44,59,765.1830985915493,1075298.43,0.6197,0.831,"Santos, Kim and Holmes",7.0,0.0225,7.08
24,2024-06-01,61,49,58,796.0819672131148,960967.98,0.8033,0.9508,"Santos, Kim and Holmes",6.4,0.0217,6.72
24,2024-07-01,68,51,60,810.4558823529412,1091167.75,0.75,0.8824,"Santos, Kim and Holmes",6.2,0.0313,16.38
24,2024-08-01,63,50,60,772.5079365079365,967065.62,0.7937,0.9524,"Santos, Kim and Holmes",6.2,0.0216,8.33
24,2024-09-01,61,53,58,775.2459016393443,938525.14,0.8689,0.9508,"Santos, Kim and Holmes",5.9,0.0235,10.58
24,2024-10-01,62,49,55,773.1290322580645,952557.76,0.7903,0.8871,"Santos, Kim and Holmes",6.3,0.0303,8.41
24,2024-11-01,62,52,60,794.3548387096774,980482.07,0.8387,0.9677,"Santos, Kim and Holmes",5.8,0.0292,13.22
24,2024-12-01,62,48,58,794.9677419354839,978285.77,0.7742,0.9355,"Santos, Kim and Holmes",6.2,0.0328,6.83
24,2025-01-01,65,47,56,785.1692307692308,1015065.43,0.7231,0.8615,"Santos, Kim and Holmes",6.5,0.032,5.33
24,2025-02-01,50,40,44,845.12,837088.48,0.8,0.88,"Santos, Kim and Holmes",6.0,0.0274,10.69
24,2025-03-01,69,54,60,803.9855072463768,1099275.14,0.7826,0.8696,"Santos, Kim and Holmes",6.4,0.0184,12.04
24,2025-04-01,54,43,51,795.5370370370371,853728.92,0.7963,0.9444,"Santos, Kim and Holmes",6.3,0.0304,7.99
24,2025-05-01,66,54,64,839.3333333333334,1098382.33,0.8182,0.9697,"Santos, Kim and Holmes",5.9,0.0228,7.66
24,2025-06-01,58,45,57,812.3965517241379,934961.59,0.7759,0.9828,"Santos, Kim and Holmes",6.0,0.0189,10.6
24,2025-07-01,63,51,57,767.3650793650794,959825.76,0.8095,0.9048,"Santos, Kim and Holmes",6.0,0.0271,8.84
24,2025-08-01,66,50,62,758.560606060606,990765.73,0.7576,0.9394,"Santos, Kim and Holmes",6.2,0.035,6.46
24,2025-09-01,61,48,54,823.4918032786885,995103.64,0.7869,0.8852,"Santos, Kim and Holmes",6.3,0.0213,12.5
24,2025-10-01,70,52,63,842.0428571428571,1172011.44,0.7429,0.9,"Santos, Kim and Holmes",6.5,0.0342,7.41
24,2025-11-01,63,54,59,772.4920634920635,966926.74,0.8571,0.9365,"Santos, Kim and Holmes",5.6,0.021,6.8
24,2025-12-01,67,53,58,772.8955223880597,1021857.15,0.791,0.8657,"Santos, Kim and Holmes",6.5,0.0218,10.98
24,2026-01-01,11,9,11,831.6363636363636,181156.89,0.8182,1.0,"Santos, Kim and Holmes",6.1,0.0189,9.15
25,2023-01-01,150,78,147,248.86,3134057.87,0.52,0.98,Walker LLC,11.4,0.1112,21.52
25,2023-02-01,108,64,108,239.5648148148148,2614698.03,0.5926,1.0,Walker LLC,11.1,0.1092,16.61
25,2023-03-01,128,68,120,313.25,3510762.57,0.5312,0.9375,Walker LLC,11.5,0.0962,18.76
25,2023-04-01,125,70,118,317.84,3192481.66,0.56,0.944,Walker LLC,11.3,0.0994,14.08
25,2023-05-01,123,66,117,302.9593495934959,3396108.45,0.5366,0.9512,Walker LLC,11.5,0.1001,10.37
25,2023-06-01,123,59,118,292.1626016260163,2939291.31,0.4797,0.9593,Walker LLC,11.6,0.0895,15.89
25,2023-07-01,128,68,125,316.3828125,3668325.23,0.5312,0.9766,Walker LLC,11.5,0.0638,4.3
25,2023-08-01,127,66,120,318.251968503937,3468860.05,0.5197,0.9449,Walker LLC,11.2,0.0713,8.66
25,2023-09-01,121,55,112,327.10743801652893,3415650.22,0.4545,0.9256,Walker LLC,11.6,0.1115,16.92
25,2023-10-01,138,68,123,415.2826086956522,4247021.51,0.4928,0.8913,Walker LLC,11.6,0.1161,19.64
25,2023-11-01,135,61,120,417.9259259259259,4058976.93,0.4519,0.8889,Walker LLC,11.7,0.0674,10.57
25,2023-12-01,135,62,120,424.8888888888889,4122613.83,0.4593,0.8889,Walker LLC,11.6,0.0779,15.52
25,2024-01-01,123,58,119,260.2926829268293,2995164.89,0.4715,0.9675,Walker LLC,11.4,0.1008,23.5
25,2024-02-01,119,63,117,249.39495798319328,2499534.6,0.5294,0.9832,Walker LLC,11.4,0.1164,8.44
25,2024-03-01,125,63,120,328.36,3885099.5,0.504,0.96,Walker LLC,11.4,0.1073,4.65
25,2024-04-01,121,66,116,318.297520661157,3268467.7,0.5455,0.9587,Walker LLC,11.3,0.1262,13.25
25,2024-05-01,124,64,119,291.71774193548384,3082565.1,0.5161,0.9597,Walker LLC,11.5,0.0672,17.08
25,2024-06-01,124,64,115,329.5241935483871,3675700.54,0.5161,0.9274,Walker LLC,11.5,0.1217,14.53
25,2024-07-01,124,73,117,296.66129032258067,3065124.0,0.5887,0.9435,Walker LLC,11.2,0.1185,15.58
25,2024-08-01,125,67,117,318.68,3559179.29,0.536,0.936,Walker LLC,11.4,0.0742,0.82
25,2024-09-01,126,70,119,320.04761904761904,3359316.5,0.5556,0.9444,Walker LLC,11.5,0.0667,12.91
25,2024-10-01,131,65,120,369.08396946564886,3914788.83,0.4962,0.916,Walker LLC,11.6,0.1259,5.8
25,2024-11-01,134,62,113,466.3582089552239,5289256.54,0.4627,0.8433,Walker LLC,12.1,0.0954,14.81
25,2024-12-01,148,66,129,443.6081081081081,5547962.32,0.4459,0.8716,Walker LLC,12.0,0.0959,16.95
25,2025-01-01,121,59,119,310.40495867768595,3576676.67,0.4876,0.9835,Walker LLC,11.4,0.073,14.01
25,2025-02-01,110,52,105,268.6454545454545,2972111.36,0.4727,0.9545,Walker LLC,11.6,0.0873,12.55
25,2025-03-01,133,68,124,304.1954887218045,3321937.37,0.5113,0.9323,Walker LLC,11.7,0.0941,16.88
25,2025-04-01,124,66,119,296.6774193548387,3087968.02,0.5323,0.9597,Walker LLC,11.6,0.0819,9.39
25,2025-05-01,125,70,123,295.928,3047063.03,0.56,0.984,Walker LLC,11.2,0.1117,12.92
25,2025-06-01,123,57,120,287.0243902439024,3151392.91,0.4634,0.9756,Walker LLC,11.6,0.0696,19.02
25,2025-07-01,119,56,114,294.02521008403363,3175659.0,0.4706,0.958,Walker LLC,11.2,0.1015,17.53
25,2025-08-01,130,72,126,305.8692307692308,3376879.89,0.5538,0.9692,Walker LLC,11.3,0.0731,12.84
25,2025-09-01,122,68,116,296.9016393442623,3222593.55,0.5574,0.9508,Walker LLC,11.3,0.0868,15.35
25,2025-10-01,138,63,122,401.6666666666667,4305923.64,0.4565,0.8841,Walker LLC,12.1,0.1148,14.42
25,2025-11-01,126,66,114,434.531746031746,4410344.17,0.5238,0.9048,Walker LLC,11.4,0.1164,13.77
25,2025-12-01,137,77,122,422.7810218978102,4432422.38,0.562,0.8905,Walker LLC,11.7,0.1185,14.35
25,2026-01-01,21,10,17,518.4761904761905,648637.2999999999,0.4762,0.8095,Walker LLC,12.1,0.0807,22.2
26,2023-01-01,77,48,74,321.7792207792208,827122.5,0.6234,0.961,"Spencer, Chapman and Smith",9.1,0.0718,24.04
26,2023-02-01,54,34,50,322.962962962963,578890.46,0.6296,0.9259,"Spencer, Chapman and Smith",9.4,0.1003,13.87
26,2023-03-01,60,44,59,308.51666666666665,615620.86,0.7333,0.9833,"Spencer, Chapman and Smith",8.5,0.0905,10.37
26,2023-04-01,62,42,60,411.3225806451613,852809.91,0.6774,0.9677,"Spencer, Chapman and Smith",8.7,0.0736,17.02
26,2023-05-01,61,38,58,407.9508196721312,833207.05,0.623,0.9508,"Spencer, Chapman and Smith",8.9,0.0683,18.74
26,2023-06-01,63,39,60,392.6031746031746,829944.53,0.619,0.9524,"Spencer, Chapman and Smith",9.5,0.0982,16.32
26,2023-07-01,63,44,63,369.44444444444446,770337.26,0.6984,1.0,"Spencer, Chapman and Smith",8.7,0.0876,14.9
26,2023-08-01,63,42,60,363.2063492063492,767354.59,0.6667,0.9524,"Spencer, Chapman and Smith",9.0,0.0937,16.94
26,2023-09-01,65,38,57,395.7846153846154,857050.48,0.5846,0.8769,"Spencer, Chapman and Smith",9.8,0.0535,14.73
26,2023-10-01,66,33,57,552.0909090909091,1223187.07,0.5,0.8636,"Spencer, Chapman and Smith",10.0,0.0629,11.5
26,2023-11-01,68,41,59,516.2205882352941,1175761.03,0.6029,0.8676,"Spencer, Chapman and Smith",9.6,0.0718,18.37
26,2023-12-01,70,37,57,542.7,1275403.17,0.5286,0.8143,"Spencer, Chapman and Smith",9.8,0.0694,13.81
26,2024-01-01,60,38,58,291.8333333333333,585835.87,0.6333,0.9667,"Spencer, Chapman and Smith",9.0,0.0967,12.41
26,2024-02-01,61,42,59,279.37704918032784,560041.33,0.6885,0.9672,"Spencer, Chapman and Smith",9.0,0.0947,15.59
26,2024-03-01,62,38,58,355.3709677419355,734323.3099999999,0.6129,0.9355,"Spencer, Chapman and Smith",9.4,0.0533,18.52
26,2024-04-01,58,37,57,364.4827586206897,705053.52,0.6379,0.9828,"Spencer, Chapman and Smith",8.9,0.0862,8.73
26,2024-05-01,61,39,55,381.78688524590166,766169.69,0.6393,0.9016,"Spencer, Chapman and Smith",9.4,0.0794,14.58
26,2024-06-01,64,40,63,361.28125,768584.64,0.625,0.9844,"Spencer, Chapman and Smith",8.7,0.0753,14.29
26,2024-07-01,62,38,60,370.03225806451616,762774.33,0.6129,0.9677,"Spencer, Chapman and Smith",9.6,0.0724,14.43
26,2024-08-01,61,40,56,352.6885245901639,715169.97,0.6557,0.918,"Spencer, Chapman and Smith",9.4,0.0532,19.72
26,2024-09-01,61,44,60,347.655737704918,709091.89,0.7213,0.9836,"Spencer, Chapman and Smith",8.9,0.0532,10.8
26,2024-10-01,64,43,58,437.5625,938333.74,0.6719,0.9062,"Spencer, Chapman and Smith",9.1,0.0676,18.43
26,2024-11-01,66,44,61,562.5,1251084.62,0.6667,0.9242,"Spencer, Chapman and Smith",9.0,0.0927,17.94
26,2024-12-01,70,40,58,576.6285714285714,1360250.12,0.5714,0.8286,"Spencer, Chapman and Smith",9.6,0.0622,15.44
26,2025-01-01,61,45,58,381.327868852459,778892.82,0.7377,0.9508,"Spencer, Chapman and Smith",9.0,0.0885,12.84
26,2025-02-01,60,41,56,285.1166666666667,566809.67,0.6833,0.9333,"Spencer, Chapman and Smith",9.4,0.085,24.04
26,2025-03-01,61,41,59,338.37704918032784,691262.95,0.6721,0.9672,"Spencer, Chapman and Smith",9.1,0.0903,21.16
26,2025-04-01,59,48,58,388.8135593220339,769043.14,0.8136,0.9831,"Spencer, Chapman and Smith",8.4,0.0752,20.89
26,2025-05-01,61,37,57,392.62295081967216,798053.97,0.6066,0.9344,"Spencer, Chapman and Smith",9.4,0.0861,13.38
26,2025-06-01,62,49,62,339.7741935483871,706565.14,0.7903,1.0,"Spencer, Chapman and Smith",8.4,0.0944,19.43
26,2025-07-01,65,42,64,370.2,795200.66,0.6462,0.9846,"Spencer, Chapman and Smith",9.0,0.0998,16.45
26,2025-08-01,60,43,57,351.75,703124.02,0.7167,0.95,"Spencer, Chapman and Smith",8.5,0.0957,16.74
26,2025-09-01,58,35,56,417.3448275862069,811163.2,0.6034,0.9655,"Spencer, Chapman and Smith",9.1,0.0953,14.06
26,2025-10-01,69,41,57,513.5797101449275,1197633.24,0.5942,0.8261,"Spencer, Chapman and Smith",9.5,0.0873,14.49
26,2025-11-01,71,41,56,568.7464788732394,1363690.18,0.5775,0.7887,"Spencer, Chapman and Smith",9.6,0.0645,12.41
26,2025-12-01,74,40,57,543.5945945945946,1351671.92,0.5405,0.7703,"Spencer, Chapman and Smith",10.4,0.0957,11.65
26,2026-01-01,7,5,7,484.4285714285714,114791.31,0.7143,1.0,"Spencer, Chapman and Smith",9.9,0.0895,5.77
27,2023-01-01,160,94,146,688.3125,2235214.0,0.5875,0.9125,"Brown, Jones and Johnson",14.2,0.0528,2.51
27,2023-02-01,117,77,106,682.7008547008547,1624453.61,0.6581,0.906,"Brown, Jones and Johnson",13.9,0.0766,21.99
27,2023-03-01,125,81,117,711.008,1709798.2,0.648,0.936,"Brown, Jones and Johnson",13.9,0.0731,16.08
27,2023-04-01,119,73,111,706.0756302521008,1581336.81,0.6134,0.9328,"Brown, Jones and Johnson",14.2,0.0945,15.41
27,2023-05-01,132,82,125,690.1818181818181,1842251.73,0.6212,0.947,"Brown, Jones and Johnson",14.1,0.0859,20.3
27,2023-06-01,133,88,128,745.7518796992481,1907762.45,0.6617,0.9624,"Brown, Jones and Johnson",14.0,0.0601,16.21
27,2023-07-01,145,91,138,693.3448275862069,1977883.1,0.6276,0.9517,"Brown, Jones and Johnson",14.3,0.0627,25.37
27,2023-08-01,134,72,120,718.8358208955224,1764047.05,0.5373,0.8955,"Brown, Jones and Johnson",14.6,0.0967,5.41
27,2023-09-01,131,86,119,723.1603053435115,1682431.61,0.6565,0.9084,"Brown, Jones and Johnson",14.1,0.0601,11.07
27,2023-10-01,172,98,137,753.1627906976744,2095449.85,0.5698,0.7965,"Brown, Jones and Johnson",15.1,0.0908,8.78
27,2023-11-01,146,97,133,771.6712328767123,1922684.31,0.6644,0.911,"Brown, Jones and Johnson",14.0,0.075,25.63
27,2023-12-01,162,99,139,733.5061728395061,1989489.09,0.6111,0.858,"Brown, Jones and Johnson",14.1,0.0964,26.5
27,2024-01-01,121,73,110,638.5041322314049,1589577.3,0.6033,0.9091,"Brown, Jones and Johnson",14.0,0.0548,29.58
27,2024-02-01,115,83,111,674.9130434782609,1550946.51,0.7217,0.9652,"Brown, Jones and Johnson",13.5,0.0969,16.03
27,2024-03-01,134,83,129,713.5970149253732,1799127.9,0.6194,0.9627,"Brown, Jones and Johnson",13.9,0.0909,18.27
27,2024-04-01,129,79,121,717.7596899224807,1771866.06,0.6124,0.938,"Brown, Jones and Johnson",14.6,0.0705,20.61
27,2024-05-01,135,80,120,681.7777777777778,1839146.52,0.5926,0.8889,"Brown, Jones and Johnson",14.4,0.066,8.27
27,2024-06-01,128,76,108,733.8515625,1765573.45,0.5938,0.8438,"Brown, Jones and Johnson",14.4,0.0762,18.81
27,2024-07-01,132,87,125,720.219696969697,1843531.68,0.6591,0.947,"Brown, Jones and Johnson",14.0,0.0669,15.83
27,2024-08-01,130,73,121,693.7538461538461,1681109.72,0.5615,0.9308,"Brown, Jones and Johnson",14.4,0.0746,13.84
27,2024-09-01,124,72,116,721.4354838709677,1740325.85,0.5806,0.9355,"Brown, Jones and Johnson",14.1,0.0886,16.73
27,2024-10-01,164,94,134,751.6524390243902,2243969.38,0.5732,0.8171,"Brown, Jones and Johnson",14.7,0.0626,17.64
27,2024-11-01,177,99,151,771.0734463276837,2262008.05,0.5593,0.8531,"Brown, Jones and Johnson",14.7,0.0519,18.27
27,2024-12-01,178,106,153,801.2303370786517,2421131.94,0.5955,0.8596,"Brown, Jones and Johnson",14.2,0.0521,14.25
27,2025-01-01,129,82,123,654.3100775193799,1702943.99,0.6357,0.9535,"Brown, Jones and Johnson",13.9,0.0673,9.41
27,2025-02-01,117,72,108,662.6410256410256,1588914.17,0.6154,0.9231,"Brown, Jones and Johnson",13.8,0.0608,21.09
27,2025-03-01,122,70,113,675.7868852459017,1634454.73,0.5738,0.9262,"Brown, Jones and Johnson",13.9,0.0929,24.1
27,2025-04-01,151,93,129,714.8807947019867,1901105.54,0.6159,0.8543,"Brown, Jones and Johnson",14.3,0.0928,16.85
27,2025-05-01,143,87,126,718.916083916084,1945623.37,0.6084,0.8811,"Brown, Jones and Johnson",14.5,0.0755,16.62
27,2025-06-01,128,79,119,686.609375,1703320.94,0.6172,0.9297,"Brown, Jones and Johnson",14.1,0.0668,16.42
27,2025-07-01,132,87,124,681.9848484848485,1677350.3,0.6591,0.9394,"Brown, Jones and Johnson",13.7,0.095,24.31
27,2025-08-01,126,94,116,702.1269841269841,1668606.52,0.746,0.9206,"Brown, Jones and Johnson",13.7,0.0895,14.08
27,2025-09-01,141,85,129,745.2056737588653,2034201.34,0.6028,0.9149,"Brown, Jones and Johnson",14.5,0.0762,18.32
27,2025-10-01,161,99,143,727.7701863354038,2030347.97,0.6149,0.8882,"Brown, Jones and Johnson",14.4,0.0559,14.85
27,2025-11-01,166,107,147,758.777108433735,2145328.45,0.6446,0.8855,"Brown, Jones and Johnson",14.5,0.0896,10.9
27,2025-12-01,162,86,132,746.895061728395,2036606.73,0.5309,0.8148,"Brown, Jones and Johnson",14.6,0.0704,26.5
27,2026-01-01,23,14,20,844.7391304347826,296605.14,0.6087,0.8696,"Brown, Jones and Johnson",14.1,0.056,14.57
28,2023-01-01,18,11,16,577.3333333333334,91133.0,0.6111,0.8889,Palmer LLC,10.9,0.0565,28.76
28,2023-02-01,13,10,13,533.6923076923077,61026.3,0.7692,1.0,Palmer LLC,9.9,0.0675,18.16
28,2023-03-01,14,3,13,594.2857142857143,72734.52,0.2143,0.9286,Palmer LLC,12.4,0.0379,35.87
28,2023-04-01,14,7,14,488.2142857142857,59964.77,0.5,1.0,Palmer LLC,11.2,0.0592,15.25
28,2023-05-01,13,6,12,590.3076923076923,67592.57,0.4615,0.9231,Palmer LLC,11.5,0.0574,23.37
28,2023-06-01,14,6,12,464.07142857142856,56606.41,0.4286,0.8571,Palmer LLC,11.8,0.0407,11.27
28,2023-07-01,14,6,14,438.2142857142857,54307.2,0.4286,1.0,Palmer LLC,11.1,0.0491,24.12
28,2023-08-01,14,8,13,568.8571428571429,69792.45,0.5714,0.9286,Palmer LLC,11.6,0.0538,16.69
28,2023-09-01,13,7,13,561.6153846153846,64309.54,0.5385,1.0,Palmer LLC,10.7,0.0362,10.08
28,2023-10-01,14,7,13,504.3571428571428,61402.93,0.5,0.9286,Palmer LLC,11.2,0.0612,25.73
28,2023-11-01,13,9,12,653.1538461538462,74662.33,0.6923,0.9231,Palmer LLC,10.8,0.0607,18.68
28,2023-12-01,14,9,13,496.4285714285714,61555.46,0.6429,0.9286,Palmer LLC,10.4,0.0633,14.1
28,2024-01-01,14,7,14,565.5714285714286,69321.72,0.5,1.0,Palmer LLC,10.6,0.0491,16.91
28,2024-02-01,11,6,11,434.3636363636364,41813.03,0.5455,1.0,Palmer LLC,10.8,0.0581,18.32
28,2024-03-01,16,6,14,476.8125,67267.43,0.375,0.875,Palmer LLC,12.2,0.0497,9.65
28,2024-04-01,12,6,12,424.3333333333333,44724.07,0.5,1.0,Palmer LLC,11.2,0.0679,19.63
28,2024-05-01,13,4,12,541.7692307692307,61749.55,0.3077,0.9231,Palmer LLC,11.4,0.0399,31.47
28,2024-06-01,15,8,14,600.4,79711.64,0.5333,0.9333,Palmer LLC,10.4,0.0664,14.34
28,2024-07-01,14,6,14,510.2857142857143,62981.82,0.4286,1.0,Palmer LLC,10.9,0.0611,20.21
28,2024-08-01,13,7,13,508.61538461538464,57794.79,0.5385,1.0,Palmer LLC,10.2,0.0479,-5.74
28,2024-09-01,13,7,13,495.2307692307692,56511.55,0.5385,1.0,Palmer LLC,10.5,0.0597,22.03
28,2024-10-01,14,9,14,636.7142857142857,77929.93,0.6429,1.0,Palmer LLC,10.2,0.064,17.97
28,2024-11-01,13,7,13,452.6923076923077,51828.04,0.5385,1.0,Palmer LLC,9.7,0.0515,14.11
28,2024-12-01,12,6,12,508.4166666666667,53674.33,0.5,1.0,Palmer LLC,10.5,0.0569,18.86
28,2025-01-01,16,12,15,552.1875,77665.81999999999,0.75,0.9375,Palmer LLC,10.2,0.0608,18.31
28,2025-02-01,14,7,12,530.5714285714286,65732.86,0.5,0.8571,Palmer LLC,11.4,0.0601,21.36
28,2025-03-01,13,9,13,538.5384615384615,61704.76,0.6923,1.0,Palmer LLC,9.7,0.0506,25.99
28,2025-04-01,14,7,12,494.5,61004.92,0.5,0.8571,Palmer LLC,11.9,0.0661,23.07
28,2025-05-01,14,4,11,634.2857142857143,78244.68,0.2857,0.7857,Palmer LLC,11.1,0.0686,14.66
28,2025-06-01,15,9,14,541.2,71254.98,0.6,0.9333,Palmer LLC,10.9,0.0588,16.47
28,2025-07-01,13,9,13,459.38461538461536,52928.93,0.6923,1.0,Palmer LLC,9.8,0.0436,18.35
28,2025-08-01,12,4,12,565.25,59850.73,0.3333,1.0,Palmer LLC,10.8,0.0439,14.11
28,2025-09-01,13,9,13,481.5384615384616,55725.57,0.6923,1.0,Palmer LLC,10.0,0.0376,19.27
28,2025-10-01,12,6,11,513.8333333333334,54089.8,0.5,0.9167,Palmer LLC,10.6,0.0388,22.98
28,2025-11-01,14,8,14,511.2857142857143,63036.29,0.5714,1.0,Palmer LLC,10.6,0.067,16.67
28,2025-12-01,14,7,14,529.7142857142857,65141.11,0.5,1.0,Palmer LLC,10.3,0.0518,20.06
28,2026-01-01,1,1,1,698.0,6244.41,1.0,1.0,Palmer LLC,8.0,0.0537,8.12
29,2023-01-01,23,22,23,520.4347826086956,346710.52,0.9565,1.0,Lewis-Anderson,6.3,0.0056,3.5
29,2023-02-01,16,15,15,434.1875,201599.75,0.9375,0.9375,Lewis-Anderson,7.0,0.0081,4.7
29,2023-03-01,15,15,15,650.4,284487.98,1.0,1.0,Lewis-Anderson,6.1,0.0066,2.9
29,2023-04-01,21,19,19,615.1428571428571,378867.02,0.9048,0.9048,Lewis-Anderson,7.5,0.0048,4.84
29,2023-05-01,19,17,18,751.421052631579,411566.54,0.8947,0.9474,Lewis-Anderson,7.0,0.0049,5.04
29,2023-06-01,21,20,21,538.9047619047619,329079.82,0.9524,1.0,Lewis-Anderson,6.7,0.0088,0.03
29,2023-07-01,18,15,16,605.7222222222222,316731.32,0.8333,0.8889,Lewis-Anderson,6.4,0.0087,3.56
29,2023-08-01,19,14,15,609.1578947368421,336836.02,0.7368,0.7895,Lewis-Anderson,8.7,0.0083,2.94
29,2023-09-01,19,16,17,589.1052631578947,325452.3,0.8421,0.8947,Lewis-Anderson,7.3,0.0077,4.65
29,2023-10-01,23,16,18,795.6086956521739,531477.22,0.6957,0.7826,Lewis-Anderson,7.8,0.0089,2.83
29,2023-11-01,19,17,18,797.6315789473684,443568.62,0.8947,0.9474,Lewis-Anderson,7.3,0.0054,3.85
29,2023-12-01,22,20,20,749.3181818181819,479976.04,0.9091,0.9091,Lewis-Anderson,6.5,0.0069,5.26
29,2024-01-01,19,17,19,422.0,235419.6,0.8947,1.0,Lewis-Anderson,6.4,0.0076,2.18
29,2024-02-01,16,14,15,403.875,188151.75,0.875,0.9375,Lewis-Anderson,6.6,0.0071,3.94
29,2024-03-01,17,15,17,547.4705882352941,270253.88,0.8824,1.0,Lewis-Anderson,6.6,0.0046,4.57
29,2024-04-01,21,19,21,536.3809523809524,329186.61,0.9048,1.0,Lewis-Anderson,6.6,0.0071,4.63
29,2024-05-01,19,16,16,646.9473684210526,355358.83,0.8421,0.8421,Lewis-Anderson,7.1,0.0058,4.25
29,2024-06-01,19,15,18,670.578947368421,371292.78,0.7895,0.9474,Lewis-Anderson,7.1,0.0065,4.33
29,2024-07-01,18,14,15,711.5,371041.83,0.7778,0.8333,Lewis-Anderson,7.4,0.0071,3.29
29,2024-08-01,19,16,17,563.2105263157895,309390.27,0.8421,0.8947,Lewis-Anderson,7.1,0.0056,4.48
29,2024-09-01,19,16,18,638.578947368421,351794.42,0.8421,0.9474,Lewis-Anderson,7.4,0.0085,5.46
29,2024-10-01,21,19,20,743.1428571428571,450211.22,0.9048,0.9524,Lewis-Anderson,6.5,0.0047,4.62
29,2024-11-01,24,16,16,793.7083333333334,555292.92,0.6667,0.6667,Lewis-Anderson,9.0,0.0065,4.28
29,2024-12-01,24,19,22,802.875,560479.33,0.7917,0.9167,Lewis-Anderson,7.2,0.0072,4.83
29,2025-01-01,16,14,16,495.0625,231676.05,0.875,1.0,Lewis-Anderson,6.9,0.009,2.88
29,2025-02-01,16,14,15,396.875,185056.23,0.875,0.9375,Lewis-Anderson,7.0,0.0073,4.29
29,2025-03-01,22,19,19,634.7727272727273,408382.8,0.8636,0.8636,Lewis-Anderson,7.5,0.0087,5.55
29,2025-04-01,16,15,16,566.75,264554.98,0.9375,1.0,Lewis-Anderson,5.9,0.0085,4.27
29,2025-05-01,20,17,19,570.2,333197.52,0.85,0.95,Lewis-Anderson,6.9,0.0076,3.73
29,2025-06-01,17,14,16,606.2941176470588,301317.63,0.8235,0.9412,Lewis-Anderson,7.3,0.0075,4.75
29,2025-07-01,18,18,18,549.3888888888889,285569.58,1.0,1.0,Lewis-Anderson,6.5,0.0081,4.49
29,2025-08-01,17,16,17,600.5294117647059,298596.25,0.9412,1.0,Lewis-Anderson,6.9,0.0053,3.5
29,2025-09-01,19,18,19,518.8421052631579,289245.72,0.9474,1.0,Lewis-Anderson,6.1,0.0053,4.3
29,2025-10-01,19,13,15,781.2105263157895,431684.08,0.6842,0.7895,Lewis-Anderson,7.9,0.0079,4.59
29,2025-11-01,23,19,19,810.0434782608696,543357.41,0.8261,0.8261,Lewis-Anderson,7.0,0.0087,5.61
29,2025-12-01,21,19,19,701.8571428571429,428465.74,0.9048,0.9048,Lewis-Anderson,7.1,0.0057,2.31
29,2026-01-01,5,2,3,910.0,132949.9,0.4,0.6,Lewis-Anderson,9.0,0.0072,3.37
30,2023-01-01,47,35,45,313.2978723404256,703493.08,0.7447,0.9574,"Johnston, Sanchez and Kennedy",8.4,0.0311,13.86
30,2023-02-01,37,27,34,331.2432432432432,588349.31,0.7297,0.9189,"Johnston, Sanchez and Kennedy",8.7,0.0191,16.35
30,2023-03-01,40,26,40,302.625,581087.68,0.65,1.0,"Johnston, Sanchez and Kennedy",9.0,0.0184,9.88
30,2023-04-01,38,28,36,331.2894736842105,602805.47,0.7368,0.9474,"Johnston, Sanchez and Kennedy",8.2,0.0299,19.0
30,2023-05-01,37,35,37,323.2432432432432,567932.3200000001,0.9459,1.0,"Johnston, Sanchez and Kennedy",7.3,0.0214,15.58
30,2023-06-01,41,36,40,320.4878048780488,628157.24,0.878,0.9756,"Johnston, Sanchez and Kennedy",7.8,0.0259,13.67
30,2023-07-01,40,32,38,286.9,547714.61,0.8,0.95,"Johnston, Sanchez and Kennedy",8.1,0.0204,16.05
30,2023-08-01,41,30,39,331.6341463414634,650446.65,0.7317,0.9512,"Johnston, Sanchez and Kennedy",8.5,0.0333,18.59
30,2023-09-01,37,23,36,302.1081081081081,538520.58,0.6216,0.973,"Johnston, Sanchez and Kennedy",8.5,0.0207,9.54
30,2023-10-01,40,34,38,280.1,536329.86,0.85,0.95,"Johnston, Sanchez and Kennedy",7.8,0.0214,10.77
30,2023-11-01,40,35,39,339.875,653653.4400000001,0.875,0.975,"Johnston, Sanchez and Kennedy",8.0,0.0186,14.85
30,2023-12-01,39,31,38,319.5128205128205,596631.36,0.7949,0.9744,"Johnston, Sanchez and Kennedy",8.3,0.0227,16.16
30,2024-01-01,42,30,39,315.35714285714283,634350.5,0.7143,0.9286,"Johnston, Sanchez and Kennedy",8.6,0.0174,17.6
30,2024-02-01,37,25,33,328.8918918918919,584109.68,0.6757,0.8919,"Johnston, Sanchez and Kennedy",8.4,0.0312,13.63
30,2024-03-01,39,31,38,302.43589743589746,568984.27,0.7949,0.9744,"Johnston, Sanchez and Kennedy",8.2,0.0198,17.89
30,2024-04-01,41,31,39,278.1951219512195,545617.87,0.7561,0.9512,"Johnston, Sanchez and Kennedy",8.3,0.0224,16.81
30,2024-05-01,35,22,34,323.8285714285714,542794.12,0.6286,0.9714,"Johnston, Sanchez and Kennedy",8.5,0.0277,12.23
30,2024-06-01,41,34,40,302.8048780487805,592621.27,0.8293,0.9756,"Johnston, Sanchez and Kennedy",8.0,0.0183,11.75
30,2024-07-01,40,31,37,311.8,599338.05,0.775,0.925,"Johnston, Sanchez and Kennedy",8.2,0.0185,12.2
30,2024-08-01,38,29,37,300.6578947368421,547523.98,0.7632,0.9737,"Johnston, Sanchez and Kennedy",8.1,0.0173,7.58
30,2024-09-01,40,33,38,300.025,576889.78,0.825,0.95,"Johnston, Sanchez and Kennedy",8.2,0.0244,13.29
30,2024-10-01,39,33,36,344.4871794871795,644155.89,0.8462,0.9231,"Johnston, Sanchez and Kennedy",8.3,0.0254,21.63
30,2024-11-01,41,34,39,300.1219512195122,587776.3,0.8293,0.9512,"Johnston, Sanchez and Kennedy",8.1,0.0172,15.62
30,2024-12-01,40,33,38,268.6,512252.87,0.825,0.95,"Johnston, Sanchez and Kennedy",8.0,0.0296,17.93
30,2025-01-01,39,29,35,296.28205128205127,553518.46,0.7436,0.8974,"Johnston, Sanchez and Kennedy",8.7,0.0176,13.51
30,2025-02-01,36,27,36,304.55555555555554,524118.27,0.75,1.0,"Johnston, Sanchez and Kennedy",8.0,0.0307,19.26
30,2025-03-01,41,28,38,275.0487804878049,540506.32,0.6829,0.9268,"Johnston, Sanchez and Kennedy",8.6,0.0277,16.32
30,2025-04-01,37,28,35,312.5945945945946,557253.4400000001,0.7568,0.9459,"Johnston, Sanchez and Kennedy",8.3,0.0318,18.81
30,2025-05-01,40,31,39,324.45,618964.46,0.775,0.975,"Johnston, Sanchez and Kennedy",8.2,0.027,22.89
30,2025-06-01,39,33,38,279.0769230769231,522195.09,0.8462,0.9744,"Johnston, Sanchez and Kennedy",8.2,0.0268,15.78
30,2025-07-01,41,31,39,297.8048780487805,586064.35,0.7561,0.9512,"Johnston, Sanchez and Kennedy",8.3,0.0312,14.15
30,2025-08-01,39,32,38,259.3589743589744,486857.6,0.8205,0.9744,"Johnston, Sanchez and Kennedy",8.1,0.0174,20.51
30,2025-09-01,38,29,36,308.92105263157896,562743.68,0.7632,0.9474,"Johnston, Sanchez and Kennedy",8.6,0.0239,17.5
30,2025-10-01,40,25,37,294.825,565365.3,0.625,0.925,"Johnston, Sanchez and Kennedy",9.1,0.0248,10.61
30,2025-11-01,39,31,39,302.3333333333333,566377.19,0.7949,1.0,"Johnston, Sanchez and Kennedy",7.9,0.0292,17.64
30,2025-12-01,40,32,35,337.475,645787.28,0.8,0.875,"Johnston, Sanchez and Kennedy",8.4,0.0308,13.66
30,2026-01-01,6,5,6,206.83333333333331,59518.22,0.8333,1.0,"Johnston, Sanchez and Kennedy",7.7,0.0227,10.59
31,2023-01-01,119,91,110,435.3697478991597,1598343.96,0.7647,0.9244,Davis Ltd,16.2,0.0362,5.19
31,2023-02-01,90,60,79,440.05555555555554,1227004.1,0.6667,0.8778,Davis Ltd,16.6,0.051,10.24
31,2023-03-01,102,71,94,485.3725490196079,1517839.69,0.6961,0.9216,Davis Ltd,16.5,0.0532,3.29
31,2023-04-01,97,65,85,444.16494845360825,1317229.07,0.6701,0.8763,Davis Ltd,16.5,0.0528,2.59
31,2023-05-01,96,72,90,439.4583333333333,1296047.93,0.75,0.9375,Davis Ltd,16.1,0.0597,14.72
31,2023-06-01,95,74,88,425.37894736842105,1247920.65,0.7789,0.9263,Davis Ltd,16.3,0.0578,2.97
31,2023-07-01,98,76,96,454.66326530612247,1363926.33,0.7755,0.9796,Davis Ltd,15.7,0.0339,9.83
31,2023-08-01,97,66,89,410.0515463917526,1226176.94,0.6804,0.9175,Davis Ltd,16.2,0.0335,8.95
31,2023-09-01,92,77,87,445.9021739130435,1253661.58,0.837,0.9457,Davis Ltd,15.6,0.0514,6.07
31,2023-10-01,96,71,86,474.4895833333333,1385469.9,0.7396,0.8958,Davis Ltd,15.8,0.0352,9.12
31,2023-11-01,94,68,84,455.6276595744681,1309261.37,0.7234,0.8936,Davis Ltd,16.2,0.0591,9.56
31,2023-12-01,97,69,87,478.4020618556701,1427852.85,0.7113,0.8969,Davis Ltd,16.3,0.0386,9.62
31,2024-01-01,99,72,94,452.45454545454544,1390505.44,0.7273,0.9495,Davis Ltd,16.1,0.0412,14.65
31,2024-02-01,91,67,82,378.6043956043956,1061221.27,0.7363,0.9011,Davis Ltd,16.6,0.0443,7.07
31,2024-03-01,103,76,97,470.6407766990291,1482721.5,0.7379,0.9417,Davis Ltd,16.1,0.0322,13.83
31,2024-04-01,100,75,93,451.72,1377634.93,0.75,0.93,Davis Ltd,16.0,0.058,4.12
31,2024-05-01,90,66,85,414.73333333333335,1154926.06,0.7333,0.9444,Davis Ltd,16.2,0.0421,9.33
31,2024-06-01,95,68,89,428.7052631578948,1251897.09,0.7158,0.9368,Davis Ltd,16.2,0.0495,9.83
31,2024-07-01,96,75,94,405.40625,1209053.27,0.7812,0.9792,Davis Ltd,15.5,0.0454,6.44
31,2024-08-01,100,80,97,470.56,1431865.65,0.8,0.97,Davis Ltd,15.6,0.0346,6.67
31,2024-09-01,96,70,90,398.71875,1174701.54,0.7292,0.9375,Davis Ltd,16.1,0.0544,15.25
31,2024-10-01,100,73,88,490.83,1502310.36,0.73,0.88,Davis Ltd,15.8,0.0471,8.61
31,2024-11-01,99,75,91,474.050505050505,1439394.81,0.7576,0.9192,Davis Ltd,16.2,0.0404,7.71
31,2024-12-01,110,72,88,536.3272727272728,1795301.46,0.6545,0.8,Davis Ltd,17.0,0.0347,11.36
31,2025-01-01,99,75,97,426.7171717171717,1300276.84,0.7576,0.9798,Davis Ltd,15.9,0.0477,5.4
31,2025-02-01,86,61,80,385.3372093023256,1035265.06,0.7093,0.9302,Davis Ltd,15.9,0.0556,6.88
31,2025-03-01,92,60,84,471.44565217391306,1337470.28,0.6522,0.913,Davis Ltd,16.2,0.0376,0.99
31,2025-04-01,91,63,87,386.1428571428572,1092027.12,0.6923,0.956,Davis Ltd,16.1,0.0479,9.19
31,2025-05-01,102,69,91,463.4411764705882,1442476.71,0.6765,0.8922,Davis Ltd,16.1,0.0406,8.02
31,2025-06-01,92,65,88,431.2934782608696,1219113.99,0.7065,0.9565,Davis Ltd,15.9,0.0574,12.96
31,2025-07-01,102,75,95,444.5,1381335.06,0.7353,0.9314,Davis Ltd,15.8,0.0315,3.59
31,2025-08-01,91,64,84,425.6703296703297,1191239.25,0.7033,0.9231,Davis Ltd,16.2,0.0445,9.52
31,2025-09-01,97,71,89,438.10309278350513,1302252.43,0.732,0.9175,Davis Ltd,16.1,0.059,10.41
31,2025-10-01,97,68,88,462.22680412371136,1372213.91,0.701,0.9072,Davis Ltd,15.7,0.0421,4.12
31,2025-11-01,94,72,89,444.3191489361702,1275512.93,0.766,0.9468,Davis Ltd,16.0,0.0515,9.92
31,2025-12-01,97,73,87,456.2474226804124,1342026.41,0.7526,0.8969,Davis Ltd,16.0,0.0379,11.02
31,2026-01-01,12,8,10,500.3333333333333,175834.81,0.6667,0.8333,Davis Ltd,17.1,0.0364,9.01
32,2023-01-01,36,23,36,484.0833333333333,239195.02,0.6389,1.0,Henderson-Owens,6.9,0.0661,18.31
32,2023-02-01,29,18,29,493.5172413793104,196569.08,0.6207,1.0,Henderson-Owens,7.1,0.0839,18.64
32,2023-03-01,33,17,32,525.060606060606,236407.42,0.5152,0.9697,Henderson-Owens,7.6,0.0507,14.73
32,2023-04-01,30,17,27,568.4666666666667,232339.18,0.5667,0.9,Henderson-Owens,7.2,0.0722,9.03
32,2023-05-01,29,15,27,506.5862068965517,201711.78,0.5172,0.931,Henderson-Owens,7.4,0.0536,17.02
32,2023-06-01,34,15,30,530.3235294117648,246477.45,0.4412,0.8824,Henderson-Owens,8.3,0.0548,14.34
32,2023-07-01,34,16,33,488.1470588235294,227549.05,0.4706,0.9706,Henderson-Owens,7.5,0.051,12.2
32,2023-08-01,32,15,26,539.34375,236852.12,0.4688,0.8125,Henderson-Owens,8.2,0.0769,17.65
32,2023-09-01,32,15,30,504.0,220717.12,0.4688,0.9375,Henderson-Owens,7.6,0.0557,11.32
32,2023-10-01,28,18,28,447.82142857142856,172480.76,0.6429,1.0,Henderson-Owens,6.8,0.0767,11.27
32,2023-11-01,32,24,32,412.46875,179653.9,0.75,1.0,Henderson-Owens,6.7,0.0738,8.25
32,2023-12-01,31,16,28,540.9354838709677,228629.68,0.5161,0.9032,Henderson-Owens,7.7,0.0716,11.72
32,2024-01-01,29,12,27,550.8965517241379,217900.67,0.4138,0.931,Henderson-Owens,7.7,0.0857,13.21
32,2024-02-01,30,18,29,493.4333333333333,203640.59,0.6,0.9667,Henderson-Owens,7.3,0.0754,14.01
32,2024-03-01,34,18,32,548.2941176470588,254409.79,0.5294,0.9412,Henderson-Owens,7.5,0.0511,12.02
32,2024-04-01,28,16,28,503.9642857142857,192533.65,0.5714,1.0,Henderson-Owens,7.2,0.0616,11.07
32,2024-05-01,34,21,33,440.7647058823529,205087.23,0.6176,0.9706,Henderson-Owens,6.9,0.0697,9.44
32,2024-06-01,29,19,27,415.41379310344826,164079.1,0.6552,0.931,Henderson-Owens,7.1,0.091,8.49
32,2024-07-01,30,18,28,418.6333333333333,171251.65,0.6,0.9333,Henderson-Owens,6.8,0.0615,14.51
32,2024-08-01,32,18,30,467.84375,204370.98,0.5625,0.9375,Henderson-Owens,7.3,0.0693,11.21
32,2024-09-01,30,12,28,445.4333333333333,182290.98,0.4,0.9333,Henderson-Owens,7.6,0.0857,14.32
32,2024-10-01,31,23,31,487.483870967742,205659.99,0.7419,1.0,Henderson-Owens,6.4,0.0787,12.15
32,2024-11-01,30,18,29,501.2,205705.3,0.6,0.9667,Henderson-Owens,7.2,0.0716,11.51
32,2024-12-01,31,14,28,597.7096774193549,255560.65,0.4516,0.9032,Henderson-Owens,7.4,0.0642,10.86
32,2025-01-01,30,13,29,485.4,198976.89,0.4333,0.9667,Henderson-Owens,8.1,0.0793,24.58
32,2025-02-01,29,16,26,511.2068965517241,202819.61,0.5517,0.8966,Henderson-Owens,7.8,0.0737,16.18
32,2025-03-01,33,18,33,437.1515151515151,196413.92,0.5455,1.0,Henderson-Owens,7.1,0.0604,8.7
32,2025-04-01,31,20,30,569.9677419354839,240865.52,0.6452,0.9677,Henderson-Owens,7.2,0.0483,11.18
32,2025-05-01,32,18,31,516.71875,226279.14,0.5625,0.9688,Henderson-Owens,7.1,0.0616,12.45
32,2025-06-01,29,19,29,526.3103448275862,209198.82,0.6552,1.0,Henderson-Owens,6.9,0.0892,7.5
32,2025-07-01,31,19,28,511.03225806451616,217386.45,0.6129,0.9032,Henderson-Owens,7.1,0.0602,17.61
32,2025-08-01,31,18,30,452.5161290322581,191525.63,0.5806,0.9677,Henderson-Owens,7.1,0.0883,15.05
32,2025-09-01,29,15,27,475.4827586206897,189330.55,0.5172,0.931,Henderson-Owens,7.9,0.0917,10.1
32,2025-10-01,36,21,33,579.3055555555555,283343.22000000003,0.5833,0.9167,Henderson-Owens,7.3,0.0942,17.07
32,2025-11-01,29,14,26,520.6551724137931,205972.03,0.4828,0.8966,Henderson-Owens,7.8,0.0936,9.99
32,2025-12-01,31,11,30,527.8387096774194,224629.04,0.3548,0.9677,Henderson-Owens,8.1,0.0608,15.71
32,2026-01-01,4,3,4,480.25,25864.98,0.75,1.0,Henderson-Owens,6.0,0.0584,17.56
33,2023-01-01,47,27,46,260.8723404255319,1249470.33,0.5745,0.9787,Nunez Ltd,16.1,0.0538,10.47
33,2023-02-01,35,21,33,269.1428571428572,970936.12,0.6,0.9429,Nunez Ltd,16.6,0.0677,30.42
33,2023-03-01,40,25,39,308.35,1294043.18,0.625,0.975,Nunez Ltd,15.8,0.0797,13.22
33,2023-04-01,41,23,39,362.8780487804878,1523145.49,0.561,0.9512,Nunez Ltd,16.6,0.0759,18.34
33,2023-05-01,41,25,39,372.8048780487805,1537813.12,0.6098,0.9512,Nunez Ltd,16.8,0.0639,32.48
33,2023-06-01,36,18,32,307.3888888888889,1157871.24,0.5,0.8889,Nunez Ltd,16.4,0.0854,19.75
33,2023-07-01,42,26,40,365.54761904761904,1565201.58,0.619,0.9524,Nunez Ltd,16.2,0.072,21.87
33,2023-08-01,44,22,42,349.5,1567978.39,0.5,0.9545,Nunez Ltd,16.5,0.054,16.07
33,2023-09-01,38,22,37,388.92105263157896,1505432.85,0.5789,0.9737,Nunez Ltd,16.0,0.0577,33.83
33,2023-10-01,39,19,35,487.87179487179486,1952508.04,0.4872,0.8974,Nunez Ltd,16.8,0.0778,24.28
33,2023-11-01,44,21,35,617.0227272727273,2708806.82,0.4773,0.7955,Nunez Ltd,16.8,0.0938,24.09
33,2023-12-01,45,23,39,528.8444444444444,2477643.27,0.5111,0.8667,Nunez Ltd,16.8,0.0637,33.93
33,2024-01-01,41,17,37,304.8292682926829,1301478.18,0.4146,0.9024,Nunez Ltd,16.7,0.0617,14.2
33,2024-02-01,38,19,38,238.3421052631579,943740.5,0.5,1.0,Nunez Ltd,16.1,0.0497,14.67
33,2024-03-01,38,22,36,408.7105263157895,1577922.9,0.5789,0.9474,Nunez Ltd,16.1,0.0638,18.36
33,2024-04-01,37,18,35,379.8648648648648,1411475.89,0.4865,0.9459,Nunez Ltd,16.2,0.0816,33.27
33,2024-05-01,41,18,37,319.0975609756098,1356209.89,0.439,0.9024,Nunez Ltd,16.3,0.0872,21.24
33,2024-06-01,39,20,37,337.20512820512823,1363935.33,0.5128,0.9487,Nunez Ltd,15.9,0.0835,25.3
33,2024-07-01,41,15,38,421.6341463414634,1746373.07,0.3659,0.9268,Nunez Ltd,16.8,0.0769,16.8
33,2024-08-01,40,21,39,351.65,1451100.51,0.525,0.975,Nunez Ltd,16.3,0.0843,22.02
33,2024-09-01,42,21,38,416.5952380952381,1780304.41,0.5,0.9048,Nunez Ltd,16.9,0.0478,16.02
33,2024-10-01,43,22,36,522.7441860465116,2270813.36,0.5116,0.8372,Nunez Ltd,16.5,0.0691,21.47
33,2024-11-01,40,13,29,526.5,2184106.26,0.325,0.725,Nunez Ltd,17.8,0.0685,27.28
33,2024-12-01,41,25,37,554.2926829268292,2308745.17,0.6098,0.9024,Nunez Ltd,16.6,0.0549,32.43
33,2025-01-01,42,20,39,300.85714285714283,1311812.61,0.4762,0.9286,Nunez Ltd,16.0,0.0707,21.61
33,2025-02-01,36,24,36,289.8888888888889,1062840.01,0.6667,1.0,Nunez Ltd,15.6,0.0912,24.93
33,2025-03-01,40,20,35,379.575,1559502.9,0.5,0.875,Nunez Ltd,16.4,0.0575,13.82
33,2025-04-01,42,21,36,366.0952380952381,1563894.41,0.5,0.8571,Nunez Ltd,17.1,0.0855,21.21
33,2025-05-01,38,21,35,343.3421052631579,1362008.95,0.5526,0.9211,Nunez Ltd,16.2,0.0511,29.7
33,2025-06-01,41,16,39,355.2682926829268,1493073.33,0.3902,0.9512,Nunez Ltd,17.3,0.0855,16.02
33,2025-07-01,38,25,34,383.1315789473685,1477595.01,0.6579,0.8947,Nunez Ltd,16.2,0.0701,21.6
33,2025-08-01,42,23,40,385.0238095238095,1657274.33,0.5476,0.9524,Nunez Ltd,16.1,0.0665,17.47
33,2025-09-01,37,22,35,361.5405405405405,1378074.63,0.5946,0.9459,Nunez Ltd,16.4,0.0913,6.92
33,2025-10-01,47,22,36,541.4468085106383,2584982.2,0.4681,0.766,Nunez Ltd,17.3,0.0839,26.13
33,2025-11-01,41,27,36,541.2439024390244,2282271.35,0.6585,0.878,Nunez Ltd,16.4,0.0791,24.5
33,2025-12-01,45,23,40,606.0,2836965.15,0.5111,0.8889,Nunez Ltd,16.4,0.0693,25.5
33,2026-01-01,6,4,6,488.3333333333333,276699.67,0.6667,1.0,Nunez Ltd,17.7,0.093,31.55
34,2023-01-01,168,146,161,377.4285714285714,2807364.48,0.869,0.9583,Powell LLC,13.3,0.0149,2.67
34,2023-02-01,135,112,130,413.73333333333335,2412854.59,0.8296,0.963,Powell LLC,13.6,0.0119,7.83
34,2023-03-01,146,125,139,410.5,2654861.34,0.8562,0.9521,Powell LLC,13.5,0.0083,7.1
34,2023-04-01,142,120,134,458.0070422535212,2854621.01,0.8451,0.9437,Powell LLC,13.5,0.014,7.85
34,2023-05-01,155,126,143,450.61290322580646,2915789.61,0.8129,0.9226,Powell LLC,13.7,0.0137,7.09
34,2023-06-01,143,116,125,456.5174825174825,2801470.39,0.8112,0.8741,Powell LLC,14.0,0.0076,4.59
34,2023-07-01,148,121,139,456.4662162162162,3007877.97,0.8176,0.9392,Powell LLC,13.4,0.015,7.22
34,2023-08-01,145,113,138,465.2,2938454.23,0.7793,0.9517,Powell LLC,13.7,0.0082,9.84
34,2023-09-01,144,116,133,488.7916666666667,3113871.37,0.8056,0.9236,Powell LLC,13.8,0.0115,10.61
34,2023-10-01,149,126,141,515.1208053691275,3425502.79,0.8456,0.9463,Powell LLC,13.4,0.0097,4.45
34,2023-11-01,150,111,133,563.5,3728062.17,0.74,0.8867,Powell LLC,14.2,0.014,9.6
34,2023-12-01,155,121,133,567.3612903225807,4038475.79,0.7806,0.8581,Powell LLC,13.7,0.012,2.44
34,2024-01-01,146,124,139,411.8767123287671,2590058.91,0.8493,0.9521,Powell LLC,13.4,0.0091,8.45
34,2024-02-01,136,114,133,384.875,2408025.03,0.8382,0.9779,Powell LLC,13.5,0.0139,7.58
34,2024-03-01,149,127,142,461.33557046979865,2972745.88,0.8523,0.953,Powell LLC,13.4,0.0124,7.03
34,2024-04-01,139,115,127,434.1294964028777,2625291.15,0.8273,0.9137,Powell LLC,13.5,0.0081,9.73
34,2024-05-01,152,115,139,455.8618421052632,3042351.44,0.7566,0.9145,Powell LLC,13.9,0.0079,3.9
34,2024-06-01,143,115,132,479.83216783216784,3005283.15,0.8042,0.9231,Powell LLC,13.7,0.0149,6.75
34,2024-07-01,149,127,139,411.8926174496645,2766085.42,0.8523,0.9329,Powell LLC,13.5,0.0135,7.15
34,2024-08-01,144,114,128,452.84027777777777,2771803.05,0.7917,0.8889,Powell LLC,14.0,0.0142,0.73
34,2024-09-01,142,119,133,465.8450704225352,2912180.49,0.838,0.9366,Powell LLC,13.6,0.0146,4.73
34,2024-10-01,160,132,145,549.25,3901908.46,0.825,0.9062,Powell LLC,13.5,0.0149,6.82
34,2024-11-01,152,119,133,561.3947368421053,3768020.3,0.7829,0.875,Powell LLC,13.5,0.0127,8.85
34,2024-12-01,163,126,145,541.3251533742331,3805280.86,0.773,0.8896,Powell LLC,14.0,0.0079,7.83
34,2025-01-01,142,121,135,434.1478873239437,2612896.17,0.8521,0.9507,Powell LLC,13.6,0.0094,6.74
34,2025-02-01,131,115,125,396.0916030534351,2300486.04,0.8779,0.9542,Powell LLC,13.5,0.0116,7.78
34,2025-03-01,151,122,137,428.1059602649007,2843550.52,0.8079,0.9073,Powell LLC,13.7,0.0076,11.84
34,2025-04-01,137,112,122,454.9270072992701,2716622.15,0.8175,0.8905,Powell LLC,13.7,0.0116,10.53
34,2025-05-01,150,126,142,437.2,2983239.61,0.84,0.9467,Powell LLC,13.5,0.0088,7.59
34,2025-06-01,144,117,134,408.9861111111111,2487651.6,0.8125,0.9306,Powell LLC,13.4,0.0084,6.35
34,2025-07-01,144,116,133,455.375,2824831.13,0.8056,0.9236,Powell LLC,13.9,0.0107,3.86
34,2025-08-01,146,121,136,452.554794520548,2943699.82,0.8288,0.9315,Powell LLC,13.4,0.0098,7.54
34,2025-09-01,143,116,129,490.3076923076923,3116080.44,0.8112,0.9021,Powell LLC,13.9,0.0123,6.14
34,2025-10-01,152,119,135,529.2828947368421,3495411.57,0.7829,0.8882,Powell LLC,13.8,0.0116,11.48
34,2025-11-01,150,114,137,536.24,3505682.39,0.76,0.9133,Powell LLC,13.9,0.0137,5.33
34,2025-12-01,153,129,136,562.9738562091503,3911653.24,0.8431,0.8889,Powell LLC,13.5,0.0092,2.88
34,2026-01-01,19,16,16,353.6842105263158,316262.98,0.8421,0.8421,Powell LLC,13.8,0.0132,6.56
35,2023-01-01,37,35,36,845.4324324324324,2835569.28,0.9459,0.973,Wright and Sons,10.3,0.0279,5.86
35,2023-02-01,28,20,25,867.0357142857143,2196133.87,0.7143,0.8929,Wright and Sons,11.7,0.023,5.2
35,2023-03-01,27,25,27,751.8148148148148,1847522.46,0.9259,1.0,Wright and Sons,10.3,0.0273,5.29
35,2023-04-01,32,27,30,875.0625,2537907.82,0.8438,0.9375,Wright and Sons,10.9,0.0238,4.56
35,2023-05-01,28,24,27,818.4642857142857,2084098.17,0.8571,0.9643,Wright and Sons,10.4,0.0263,6.89
35,2023-06-01,36,27,32,840.0833333333334,2758800.17,0.75,0.8889,Wright and Sons,11.7,0.0336,3.1
35,2023-07-01,35,26,30,829.5714285714286,2650873.28,0.7429,0.8571,Wright and Sons,11.5,0.0225,7.07
35,2023-08-01,37,28,32,800.8648648648649,2694585.14,0.7568,0.8649,Wright and Sons,10.8,0.0337,5.1
35,2023-09-01,30,23,27,815.3333333333334,2228771.89,0.7667,0.9,Wright and Sons,11.4,0.0329,5.95
35,2023-10-01,35,27,32,847.3428571428572,2697806.64,0.7714,0.9143,Wright and Sons,11.0,0.0228,6.27
35,2023-11-01,28,23,28,853.5357142857143,2185987.83,0.8214,1.0,Wright and Sons,10.5,0.0266,2.68
35,2023-12-01,25,21,23,783.32,1781581.68,0.84,0.92,Wright and Sons,10.9,0.0232,8.02
35,2024-01-01,30,25,29,856.2666666666667,2332450.88,0.8333,0.9667,Wright and Sons,10.9,0.0217,5.57
35,2024-02-01,25,19,25,739.28,1684880.85,0.76,1.0,Wright and Sons,11.3,0.0279,9.87
35,2024-03-01,38,23,31,853.421052631579,2946934.9,0.6053,0.8158,Wright and Sons,12.3,0.0275,7.99
35,2024-04-01,34,26,30,822.5882352941177,2541284.14,0.7647,0.8824,Wright and Sons,11.3,0.028,7.58
35,2024-05-01,30,22,27,846.2333333333333,2306938.37,0.7333,0.9,Wright and Sons,11.0,0.036,7.96
35,2024-06-01,41,34,36,783.9756097560976,2920790.87,0.8293,0.878,Wright and Sons,11.6,0.0324,5.92
35,2024-07-01,28,24,25,848.2142857142857,2158438.9,0.8571,0.8929,Wright and Sons,11.3,0.0375,6.87
35,2024-08-01,25,20,21,866.88,1982829.5,0.8,0.84,Wright and Sons,11.7,0.0362,10.2
35,2024-09-01,33,26,28,767.2121212121212,2305770.06,0.7879,0.8485,Wright and Sons,11.2,0.0274,7.99
35,2024-10-01,42,31,35,814.2380952380952,3099694.49,0.7381,0.8333,Wright and Sons,11.6,0.0287,6.94
35,2024-11-01,38,25,31,833.8157894736842,2870580.73,0.6579,0.8158,Wright and Sons,12.4,0.0217,4.4
35,2024-12-01,46,31,40,862.1086956521739,3617510.62,0.6739,0.8696,Wright and Sons,11.7,0.0211,7.45
35,2025-01-01,32,26,29,865.9375,2518870.93,0.8125,0.9062,Wright and Sons,11.4,0.0333,5.29
35,2025-02-01,31,27,28,877.516129032258,2481726.78,0.871,0.9032,Wright and Sons,10.4,0.0404,7.46
35,2025-03-01,34,28,31,816.1764705882352,2539945.59,0.8235,0.9118,Wright and Sons,10.9,0.0368,4.15
35,2025-04-01,29,25,28,833.0689655172414,2186354.95,0.8621,0.9655,Wright and Sons,10.3,0.0326,6.86
35,2025-05-01,36,22,27,820.9722222222222,2700676.42,0.6111,0.75,Wright and Sons,12.4,0.0401,7.55
35,2025-06-01,35,25,29,893.8285714285714,2846162.77,0.7143,0.8286,Wright and Sons,11.4,0.0394,4.93
35,2025-07-01,32,30,32,860.90625,2497286.96,0.9375,1.0,Wright and Sons,10.9,0.0241,4.58
35,2025-08-01,35,28,34,873.8571428571429,2774692.03,0.8,0.9714,Wright and Sons,10.7,0.0236,6.18
35,2025-09-01,26,25,26,791.6538461538462,1877311.75,0.9615,1.0,Wright and Sons,10.4,0.024,6.2
35,2025-10-01,30,20,25,896.6666666666666,2449834.59,0.6667,0.8333,Wright and Sons,12.1,0.026,3.88
35,2025-11-01,33,24,29,876.2727272727273,2649280.7,0.7273,0.8788,Wright and Sons,11.5,0.0389,3.96
35,2025-12-01,32,22,26,835.5625,2445145.7,0.6875,0.8125,Wright and Sons,12.3,0.0218,5.51
35,2026-01-01,4,3,4,782.0,288367.3,0.75,1.0,Wright and Sons,10.2,0.0287,6.46
36,2023-01-01,58,54,57,650.4310344827586,1764785.71,0.931,0.9828,Taylor-White,7.6,0.0258,4.41
36,2023-02-01,43,40,43,693.3720930232558,1557756.97,0.9302,1.0,Taylor-White,7.7,0.0215,7.78
36,2023-03-01,55,49,53,723.3090909090909,2148909.54,0.8909,0.9636,Taylor-White,7.9,0.02,7.54
36,2023-04-01,47,38,46,734.1914893617021,1933167.05,0.8085,0.9787,Taylor-White,8.0,0.025,2.66
36,2023-05-01,51,45,47,761.1764705882352,2278323.36,0.8824,0.9216,Taylor-White,8.2,0.0275,7.7
36,2023-06-01,50,41,48,730.88,1963170.02,0.82,0.96,Taylor-White,7.8,0.032,8.25
36,2023-07-01,57,42,48,778.1754385964912,2612997.53,0.7368,0.8421,Taylor-White,9.0,0.0247,8.88
36,2023-08-01,48,40,43,712.6875,2359180.79,0.8333,0.8958,Taylor-White,7.9,0.0237,7.61
36,2023-09-01,51,45,49,718.8039215686274,2326234.72,0.8824,0.9608,Taylor-White,7.8,0.0202,7.34
36,2023-10-01,66,53,58,825.469696969697,3355970.02,0.803,0.8788,Taylor-White,8.6,0.0302,7.68
36,2023-11-01,56,52,53,805.9464285714286,2884976.43,0.9286,0.9464,Taylor-White,8.2,0.0257,9.72
36,2023-12-01,54,50,53,881.6481481481482,3153661.62,0.9259,0.9815,Taylor-White,7.5,0.0167,5.76
36,2024-01-01,50,45,47,624.16,1649172.51,0.9,0.94,Taylor-White,7.8,0.0274,5.26
36,2024-02-01,48,42,44,731.9375,1573726.71,0.875,0.9167,Taylor-White,8.2,0.0249,10.39
36,2024-03-01,53,46,50,722.1320754716982,2111067.76,0.8679,0.9434,Taylor-White,7.9,0.0182,7.53
36,2024-04-01,50,47,50,806.22,2472113.55,0.94,1.0,Taylor-White,7.5,0.0235,8.46
36,2024-05-01,56,48,54,715.1428571428571,2190651.85,0.8571,0.9643,Taylor-White,8.1,0.021,6.87
36,2024-06-01,49,42,47,766.8775510204082,1984967.7,0.8571,0.9592,Taylor-White,8.0,0.0295,7.52
36,2024-07-01,54,49,51,765.5925925925926,2361929.17,0.9074,0.9444,Taylor-White,7.8,0.0259,4.14
36,2024-08-01,46,42,46,741.7608695652174,2098705.01,0.913,1.0,Taylor-White,7.7,0.0241,8.77
36,2024-09-01,47,37,42,720.1063829787234,1780476.76,0.7872,0.8936,Taylor-White,8.3,0.0254,9.74
36,2024-10-01,68,50,54,820.1176470588235,3618068.93,0.7353,0.7941,Taylor-White,9.2,0.0257,12.11
36,2024-11-01,62,51,55,906.7096774193548,3576807.54,0.8226,0.8871,Taylor-White,8.5,0.0271,8.38
36,2024-12-01,69,56,62,806.5507246376811,3568121.65,0.8116,0.8986,Taylor-White,8.4,0.0296,9.35
36,2025-01-01,53,46,48,709.9056603773585,1986651.93,0.8679,0.9057,Taylor-White,8.0,0.0165,1.81
36,2025-02-01,44,40,43,690.0454545454545,1587785.8,0.9091,0.9773,Taylor-White,8.0,0.0196,5.64
36,2025-03-01,58,45,52,786.5862068965517,2738776.09,0.7759,0.8966,Taylor-White,8.2,0.0189,4.1
36,2025-04-01,52,46,48,752.8461538461538,2086917.78,0.8846,0.9231,Taylor-White,7.8,0.0229,6.87
36,2025-05-01,55,48,52,784.6909090909091,2316471.53,0.8727,0.9455,Taylor-White,8.0,0.0319,3.61
36,2025-06-01,48,36,46,837.375,2518118.97,0.75,0.9583,Taylor-White,8.2,0.0243,7.79
36,2025-07-01,50,43,48,743.7,2208871.01,0.86,0.96,Taylor-White,8.0,0.0256,2.9
36,2025-08-01,55,44,48,752.8,2245235.87,0.8,0.8727,Taylor-White,8.0,0.028,5.24
36,2025-09-01,56,46,52,771.8214285714286,2758713.35,0.8214,0.9286,Taylor-White,8.3,0.0181,7.42
36,2025-10-01,51,45,49,899.8627450980392,2900194.14,0.8824,0.9608,Taylor-White,7.6,0.0313,4.85
36,2025-11-01,66,51,54,808.560606060606,3687228.93,0.7727,0.8182,Taylor-White,8.8,0.0251,10.09
36,2025-12-01,70,46,52,828.9142857142857,3913411.05,0.6571,0.7429,Taylor-White,9.1,0.0185,6.97
36,2026-01-01,9,6,7,706.5555555555555,480201.39,0.6667,0.7778,Taylor-White,9.2,0.025,6.21
37,2023-01-01,185,165,176,524.9513513513514,4543678.13,0.8919,0.9514,Baxter Inc,6.4,0.0059,2.71
37,2023-02-01,142,123,136,544.8732394366198,3209458.14,0.8662,0.9577,Baxter Inc,6.5,0.0089,1.83
37,2023-03-01,159,141,148,552.1635220125786,4080756.59,0.8868,0.9308,Baxter Inc,6.6,0.0093,1.63
37,2023-04-01,153,136,141,627.4771241830065,4158418.22,0.8889,0.9216,Baxter Inc,6.6,0.0076,1.85
37,2023-05-01,171,143,150,606.2982456140351,5366179.3,0.8363,0.8772,Baxter Inc,6.9,0.0073,1.4
37,2023-06-01,159,133,141,562.6163522012579,4339511.83,0.8365,0.8868,Baxter Inc,7.1,0.009,1.43
37,2023-07-01,160,142,153,579.60625,4493482.17,0.8875,0.9562,Baxter Inc,6.5,0.005,2.0
37,2023-08-01,163,150,154,600.0858895705521,4464210.94,0.9202,0.9448,Baxter Inc,6.6,0.0097,2.8
37,2023-09-01,152,126,137,581.8486842105264,4275493.74,0.8289,0.9013,Baxter Inc,6.9,0.006,1.53
37,2023-10-01,212,162,175,694.2452830188679,7431425.07,0.7642,0.8255,Baxter Inc,7.4,0.0057,2.0
37,2023-11-01,208,171,180,660.875,7559354.42,0.8221,0.8654,Baxter Inc,7.2,0.0056,2.49
37,2023-12-01,217,169,180,710.4976958525345,8868341.1,0.7788,0.8295,Baxter Inc,7.2,0.0094,1.84
37,2024-01-01,158,138,154,557.4430379746835,4359115.12,0.8734,0.9747,Baxter Inc,6.4,0.0096,1.82
37,2024-02-01,140,123,134,492.8571428571428,3248334.64,0.8786,0.9571,Baxter Inc,6.5,0.0081,3.48
37,2024-03-01,159,146,154,583.8805031446541,4165430.82,0.9182,0.9686,Baxter Inc,6.4,0.007,2.72
37,2024-04-01,155,138,145,599.8193548387097,4351511.5600000005,0.8903,0.9355,Baxter Inc,6.6,0.0066,2.53
37,2024-05-01,166,150,156,575.656626506024,4349530.18,0.9036,0.9398,Baxter Inc,6.6,0.0073,2.91
37,2024-06-01,155,141,146,568.3741935483871,4135694.89,0.9097,0.9419,Baxter Inc,6.4,0.0066,2.03
37,2024-07-01,172,152,161,595.7674418604652,4993863.13,0.8837,0.936,Baxter Inc,6.7,0.0079,2.32
37,2024-08-01,160,146,152,579.35,4434939.4,0.9125,0.95,Baxter Inc,6.3,0.0093,1.28
37,2024-09-01,165,143,153,612.769696969697,4981440.76,0.8667,0.9273,Baxter Inc,6.6,0.0069,2.21
37,2024-10-01,211,173,184,672.9099526066351,6814177.69,0.8199,0.872,Baxter Inc,7.2,0.0054,1.95
37,2024-11-01,195,169,175,724.4102564102565,6579872.63,0.8667,0.8974,Baxter Inc,6.7,0.0087,1.86
37,2024-12-01,202,163,173,710.7970297029703,7455699.9,0.8069,0.8564,Baxter Inc,7.3,0.0083,2.01
37,2025-01-01,160,138,152,567.2,3895437.56,0.8625,0.95,Baxter Inc,6.7,0.0077,2.51
37,2025-02-01,143,123,134,526.993006993007,3433395.33,0.8601,0.9371,Baxter Inc,6.6,0.007,1.52
37,2025-03-01,163,150,154,588.8527607361963,4623476.08,0.9202,0.9448,Baxter Inc,6.6,0.0055,1.7
37,2025-04-01,164,146,159,583.0670731707318,4847272.26,0.8902,0.9695,Baxter Inc,6.4,0.0053,2.94
37,2025-05-01,165,147,154,611.430303030303,4663195.86,0.8909,0.9333,Baxter Inc,6.6,0.0094,1.04
37,2025-06-01,166,137,147,625.4518072289156,5147493.25,0.8253,0.8855,Baxter Inc,6.9,0.0098,0.77
37,2025-07-01,166,145,153,606.5301204819277,4736333.05,0.8735,0.9217,Baxter Inc,6.7,0.0076,1.93
37,2025-08-01,169,152,157,582.3609467455622,4596981.35,0.8994,0.929,Baxter Inc,6.7,0.0095,1.22
37,2025-09-01,160,138,149,593.6,4467331.6,0.8625,0.9312,Baxter Inc,6.6,0.0079,1.75
37,2025-10-01,179,152,163,667.6424581005587,5457923.6,0.8492,0.9106,Baxter Inc,6.7,0.0078,2.91
37,2025-11-01,197,162,171,684.4162436548223,6412130.52,0.8223,0.868,Baxter Inc,7.0,0.0058,1.43
37,2025-12-01,196,161,175,670.8979591836735,6571687.37,0.8214,0.8929,Baxter Inc,7.2,0.0058,2.33
37,2026-01-01,24,23,23,722.125,907365.41,0.9583,0.9583,Baxter Inc,6.1,0.0061,2.21
38,2023-01-01,170,142,161,705.564705882353,2873431.74,0.8353,0.9471,"Garcia, Pearson and Fernandez",6.4,0.0198,7.38
38,2023-02-01,122,102,115,683.0819672131148,2163093.11,0.8361,0.9426,"Garcia, Pearson and Fernandez",6.8,0.0127,4.34
38,2023-03-01,144,124,136,723.4861111111111,2863011.9,0.8611,0.9444,"Garcia, Pearson and Fernandez",6.6,0.0161,9.01
38,2023-04-01,128,112,126,767.25,2888967.3,0.875,0.9844,"Garcia, Pearson and Fernandez",6.1,0.0113,5.22
38,2023-05-01,143,118,127,751.3776223776224,2991541.07,0.8252,0.8881,"Garcia, Pearson and Fernandez",6.6,0.0198,6.02
38,2023-06-01,122,101,117,715.688524590164,2578832.62,0.8279,0.959,"Garcia, Pearson and Fernandez",6.7,0.0148,2.98
38,2023-07-01,140,116,127,771.3928571428571,2953816.64,0.8286,0.9071,"Garcia, Pearson and Fernandez",6.7,0.0175,6.62
38,2023-08-01,130,110,123,784.6923076923077,3262001.12,0.8462,0.9462,"Garcia, Pearson and Fernandez",6.4,0.0118,5.68
38,2023-09-01,135,111,127,752.1333333333333,2964568.85,0.8222,0.9407,"Garcia, Pearson and Fernandez",6.7,0.0121,7.32
38,2023-10-01,135,115,127,826.2814814814815,3966954.66,0.8519,0.9407,"Garcia, Pearson and Fernandez",6.7,0.0169,7.27
38,2023-11-01,136,102,119,843.4411764705883,3917264.13,0.75,0.875,"Garcia, Pearson and Fernandez",7.2,0.0211,6.81
38,2023-12-01,143,129,138,830.0,4060131.93,0.9021,0.965,"Garcia, Pearson and Fernandez",6.4,0.0195,6.92
38,2024-01-01,140,113,131,722.2214285714285,2438782.48,0.8071,0.9357,"Garcia, Pearson and Fernandez",6.5,0.0178,5.6
38,2024-02-01,122,110,118,692.3770491803278,2158157.52,0.9016,0.9672,"Garcia, Pearson and Fernandez",6.3,0.015,5.53
38,2024-03-01,132,107,123,759.4848484848485,3113558.14,0.8106,0.9318,"Garcia, Pearson and Fernandez",6.5,0.011,4.95
38,2024-04-01,150,110,124,763.62,3215491.92,0.7333,0.8267,"Garcia, Pearson and Fernandez",7.3,0.018,4.56
38,2024-05-01,124,109,120,746.4112903225806,2737855.64,0.879,0.9677,"Garcia, Pearson and Fernandez",6.5,0.0169,3.73
38,2024-06-01,129,101,115,747.6046511627907,2880686.12,0.7829,0.8915,"Garcia, Pearson and Fernandez",6.9,0.018,6.77
38,2024-07-01,133,108,124,780.8721804511279,2949738.29,0.812,0.9323,"Garcia, Pearson and Fernandez",6.8,0.0195,6.57
38,2024-08-01,150,120,138,767.2333333333333,3382848.93,0.8,0.92,"Garcia, Pearson and Fernandez",6.9,0.0152,3.06
38,2024-09-01,122,106,119,747.5573770491803,2589466.01,0.8689,0.9754,"Garcia, Pearson and Fernandez",6.2,0.0156,3.41
38,2024-10-01,157,117,133,809.4140127388536,4133060.8,0.7452,0.8471,"Garcia, Pearson and Fernandez",7.2,0.02,5.75
38,2024-11-01,162,132,144,833.7530864197531,4507250.05,0.8148,0.8889,"Garcia, Pearson and Fernandez",6.8,0.0212,5.67
38,2024-12-01,143,105,120,841.1958041958042,4326580.34,0.7343,0.8392,"Garcia, Pearson and Fernandez",7.4,0.0111,1.41
38,2025-01-01,139,121,134,744.4892086330935,2695146.01,0.8705,0.964,"Garcia, Pearson and Fernandez",6.4,0.0169,7.84
38,2025-02-01,129,107,116,714.1395348837209,2176211.43,0.8295,0.8992,"Garcia, Pearson and Fernandez",6.8,0.0176,6.07
38,2025-03-01,142,122,135,717.0633802816901,2888609.74,0.8592,0.9507,"Garcia, Pearson and Fernandez",6.5,0.0163,5.97
38,2025-04-01,148,109,124,811.6283783783783,3243998.55,0.7365,0.8378,"Garcia, Pearson and Fernandez",7.1,0.0138,6.32
38,2025-05-01,122,100,117,744.344262295082,2793890.42,0.8197,0.959,"Garcia, Pearson and Fernandez",6.5,0.0209,4.06
38,2025-06-01,149,119,134,747.2013422818792,2968044.35,0.7987,0.8993,"Garcia, Pearson and Fernandez",6.6,0.0142,4.27
38,2025-07-01,133,117,124,754.4586466165414,2721973.96,0.8797,0.9323,"Garcia, Pearson and Fernandez",6.5,0.0166,2.84
38,2025-08-01,139,111,128,753.1294964028777,3014790.53,0.7986,0.9209,"Garcia, Pearson and Fernandez",6.6,0.0213,4.24
38,2025-09-01,140,119,129,771.0785714285714,3212426.34,0.85,0.9214,"Garcia, Pearson and Fernandez",6.7,0.0177,4.53
38,2025-10-01,133,110,120,820.1127819548872,3616442.26,0.8271,0.9023,"Garcia, Pearson and Fernandez",6.6,0.0194,6.81
38,2025-11-01,141,107,126,817.5460992907801,4520969.71,0.7589,0.8936,"Garcia, Pearson and Fernandez",6.9,0.0207,7.84
38,2025-12-01,147,121,132,813.1360544217687,3882930.67,0.8231,0.898,"Garcia, Pearson and Fernandez",6.6,0.0181,4.08
38,2026-01-01,15,12,14,846.2666666666667,382763.03,0.8,0.9333,"Garcia, Pearson and Fernandez",7.1,0.02,6.23
40,2023-01-01,95,84,92,439.9789473684211,4088414.72,0.8842,0.9684,Tucker-Lewis,9.0,0.0171,10.58
40,2023-02-01,70,62,68,415.4142857142857,2729225.44,0.8857,0.9714,Tucker-Lewis,9.1,0.0153,12.04
40,2023-03-01,81,69,76,470.9506172839506,3686934.43,0.8519,0.9383,Tucker-Lewis,9.6,0.0247,8.19
40,2023-04-01,85,72,79,484.0235294117647,4399286.1,0.8471,0.9294,Tucker-Lewis,9.4,0.017,11.02
40,2023-05-01,80,65,73,510.8875,3940704.26,0.8125,0.9125,Tucker-Lewis,9.6,0.0149,11.34
40,2023-06-01,84,71,83,469.5119047619048,3735710.45,0.8452,0.9881,Tucker-Lewis,9.2,0.014,5.29
40,2023-07-01,78,65,72,462.4102564102564,3376646.1,0.8333,0.9231,Tucker-Lewis,9.4,0.0151,9.09
40,2023-08-01,83,67,77,442.73493975903614,3709277.39,0.8072,0.9277,Tucker-Lewis,9.5,0.0169,9.19
40,2023-09-01,81,70,75,449.7037037037037,3586372.39,0.8642,0.9259,Tucker-Lewis,9.3,0.0158,8.5
40,2023-10-01,83,66,75,518.2650602409639,4067569.74,0.7952,0.9036,Tucker-Lewis,9.6,0.0134,14.1
40,2023-11-01,84,65,73,508.9285714285714,4158831.61,0.7738,0.869,Tucker-Lewis,10.2,0.0231,7.29
40,2023-12-01,83,69,78,420.710843373494,3314794.73,0.8313,0.9398,Tucker-Lewis,9.5,0.0243,13.09
40,2024-01-01,86,78,83,440.98837209302326,3587746.07,0.907,0.9651,Tucker-Lewis,9.0,0.0141,9.46
40,2024-02-01,72,59,69,451.8888888888889,3441556.22,0.8194,0.9583,Tucker-Lewis,9.4,0.0158,6.96
40,2024-03-01,82,67,76,431.3536585365854,3486473.46,0.8171,0.9268,Tucker-Lewis,9.4,0.0189,9.71
40,2024-04-01,85,74,79,469.9647058823529,4194620.05,0.8706,0.9294,Tucker-Lewis,9.3,0.0143,9.57
40,2024-05-01,83,71,80,447.3734939759036,3855845.31,0.8554,0.9639,Tucker-Lewis,9.0,0.0243,9.88
40,2024-06-01,80,69,76,458.225,3646052.25,0.8625,0.95,Tucker-Lewis,9.2,0.018,12.45
40,2024-07-01,79,71,77,432.7848101265823,3401917.45,0.8987,0.9747,Tucker-Lewis,9.2,0.0148,12.95
40,2024-08-01,83,69,82,427.8072289156627,3615379.56,0.8313,0.988,Tucker-Lewis,9.4,0.0221,8.96
40,2024-09-01,85,67,78,447.25882352941176,3534037.76,0.7882,0.9176,Tucker-Lewis,9.9,0.0152,6.36
40,2024-10-01,88,73,83,502.70454545454544,4646125.21,0.8295,0.9432,Tucker-Lewis,9.5,0.018,9.1
40,2024-11-01,76,68,73,466.0263157894737,3431551.06,0.8947,0.9605,Tucker-Lewis,9.2,0.0183,11.41
40,2024-12-01,80,63,73,475.775,3502412.64,0.7875,0.9125,Tucker-Lewis,9.7,0.0194,12.12
40,2025-01-01,83,71,78,471.0722891566265,3864841.59,0.8554,0.9398,Tucker-Lewis,9.6,0.0246,10.15
40,2025-02-01,73,68,73,400.8493150684931,2664171.4,0.9315,1.0,Tucker-Lewis,8.8,0.0219,11.47
40,2025-03-01,87,69,81,494.8390804597701,4598510.18,0.7931,0.931,Tucker-Lewis,9.6,0.0191,13.59
40,2025-04-01,77,65,73,459.3636363636364,3542089.62,0.8442,0.9481,Tucker-Lewis,9.4,0.0151,8.63
40,2025-05-01,81,63,76,463.0864197530864,3640393.62,0.7778,0.9383,Tucker-Lewis,9.6,0.0177,9.67
40,2025-06-01,81,72,79,484.22222222222223,4025089.49,0.8889,0.9753,Tucker-Lewis,9.1,0.0243,9.34
40,2025-07-01,94,76,84,511.6382978723405,4803175.75,0.8085,0.8936,Tucker-Lewis,9.9,0.017,5.83
40,2025-08-01,76,64,71,453.6973684210527,3068043.01,0.8421,0.9342,Tucker-Lewis,9.5,0.0211,10.39
40,2025-09-01,82,71,77,440.5975609756098,3556079.21,0.8659,0.939,Tucker-Lewis,9.2,0.0141,5.98
40,2025-10-01,86,71,82,495.4302325581396,4185233.38,0.8256,0.9535,Tucker-Lewis,9.3,0.0201,9.37
40,2025-11-01,82,65,75,496.6219512195122,4243110.7,0.7927,0.9146,Tucker-Lewis,9.6,0.0248,8.96
40,2025-12-01,85,69,80,444.3529411764706,3724617.61,0.8118,0.9412,Tucker-Lewis,9.3,0.0154,11.24
40,2026-01-01,7,7,7,371.8571428571428,216461.2,1.0,1.0,Tucker-Lewis,8.9,0.0232,8.77
41,2023-01-01,32,19,31,546.25,73948.38,0.5938,0.9688,Martin Inc,11.4,0.0592,24.22
41,2023-02-01,23,7,22,423.5652173913044,40973.09,0.3043,0.9565,Martin Inc,11.7,0.0722,20.86
41,2023-03-01,31,17,29,480.5806451612903,62586.48,0.5484,0.9355,Martin Inc,11.1,0.0533,29.3
41,2023-04-01,24,7,23,492.4583333333333,49990.4,0.2917,0.9583,Martin Inc,12.8,0.0891,26.14
41,2023-05-01,28,19,27,394.4642857142857,46851.65,0.6786,0.9643,Martin Inc,10.7,0.0849,18.44
41,2023-06-01,26,19,26,417.7307692307692,45470.19,0.7308,1.0,Martin Inc,10.9,0.0577,16.33
41,2023-07-01,25,15,22,489.04,51743.81,0.6,0.88,Martin Inc,11.5,0.0584,15.01
41,2023-08-01,29,15,23,506.8965517241379,62258.53,0.5172,0.7931,Martin Inc,11.9,0.0556,23.01
41,2023-09-01,28,16,28,429.6428571428572,50851.84,0.5714,1.0,Martin Inc,11.1,0.0873,28.67
41,2023-10-01,26,18,25,467.11538461538464,51103.24,0.6923,0.9615,Martin Inc,11.2,0.0672,24.13
41,2023-11-01,27,18,26,434.77777777777777,49645.71,0.6667,0.963,Martin Inc,11.2,0.0726,27.32
41,2023-12-01,26,15,26,457.5384615384616,50226.84,0.5769,1.0,Martin Inc,11.7,0.0543,16.54
41,2024-01-01,27,15,26,487.9259259259259,55512.88,0.5556,0.963,Martin Inc,11.7,0.0689,9.8
41,2024-02-01,25,16,23,448.84,47517.08,0.64,0.92,Martin Inc,11.4,0.0713,25.58
41,2024-03-01,27,16,26,469.3333333333333,53638.03,0.5926,0.963,Martin Inc,11.1,0.0821,24.43
41,2024-04-01,27,13,27,430.1851851851852,49215.73,0.4815,1.0,Martin Inc,11.5,0.0583,25.27
41,2024-05-01,27,22,27,339.85185185185185,38829.48,0.8148,1.0,Martin Inc,10.1,0.0575,20.81
41,2024-06-01,24,13,23,510.7916666666667,51401.46,0.5417,0.9583,Martin Inc,11.2,0.0892,28.97
41,2024-07-01,29,20,27,519.9655172413793,63735.02,0.6897,0.931,Martin Inc,11.5,0.076,17.59
41,2024-08-01,24,16,24,489.7083333333333,49631.69,0.6667,1.0,Martin Inc,10.6,0.0667,38.71
41,2024-09-01,27,16,26,531.5925925925926,60903.53,0.5926,0.963,Martin Inc,11.2,0.0652,19.77
41,2024-10-01,26,17,24,547.2307692307693,60175.48,0.6538,0.9231,Martin Inc,11.1,0.0694,22.43
41,2024-11-01,30,17,28,532.7,67652.67,0.5667,0.9333,Martin Inc,11.1,0.0606,8.44
41,2024-12-01,30,14,24,571.2666666666667,72812.51,0.4667,0.8,Martin Inc,12.7,0.06,14.35
41,2025-01-01,25,11,23,447.52,47476.95,0.44,0.92,Martin Inc,11.5,0.0714,23.42
41,2025-02-01,24,13,23,472.9583333333333,47795.55,0.5417,0.9583,Martin Inc,11.8,0.0758,15.48
41,2025-03-01,29,13,28,518.1724137931035,63449.19,0.4483,0.9655,Martin Inc,11.4,0.0965,9.55
41,2025-04-01,24,13,23,399.6666666666667,40641.13,0.5417,0.9583,Martin Inc,11.8,0.0859,19.15
41,2025-05-01,30,18,28,577.6666666666666,73419.75,0.6,0.9333,Martin Inc,11.8,0.09,30.81
41,2025-06-01,26,17,26,433.5769230769231,47496.32,0.6538,1.0,Martin Inc,11.3,0.0523,14.64
41,2025-07-01,25,14,25,491.88,52117.56,0.56,1.0,Martin Inc,11.0,0.0523,16.58
41,2025-08-01,27,17,26,508.1111111111111,57949.89,0.6296,0.963,Martin Inc,10.9,0.0916,16.51
41,2025-09-01,25,13,22,468.48,49795.44,0.52,0.88,Martin Inc,11.4,0.0806,10.5
41,2025-10-01,29,13,26,590.5172413793103,72462.6,0.4483,0.8966,Martin Inc,12.0,0.0709,17.3
41,2025-11-01,25,14,24,461.88,48616.96,0.56,0.96,Martin Inc,11.6,0.0959,23.5
41,2025-12-01,27,13,25,519.4444444444445,59513.19,0.4815,0.9259,Martin Inc,11.7,0.0655,18.03
41,2026-01-01,4,2,4,459.25,7752.099999999999,0.5,1.0,Martin Inc,10.2,0.0929,10.37
43,2023-01-01,147,106,139,796.6802721088435,3326284.09,0.7211,0.9456,Horton-Cross,6.7,0.0432,14.48
43,2023-02-01,116,84,111,807.3275862068965,2625749.82,0.7241,0.9569,Horton-Cross,6.9,0.0268,12.33
43,2023-03-01,171,122,155,811.7426900584795,3904716.49,0.7135,0.9064,Horton-Cross,7.0,0.0329,6.66
43,2023-04-01,153,105,140,865.2483660130719,3708776.72,0.6863,0.915,Horton-Cross,7.0,0.0419,15.46
43,2023-05-01,170,113,157,831.9529411764706,3983718.97,0.6647,0.9235,Horton-Cross,7.2,0.0384,8.66
43,2023-06-01,156,117,143,833.8461538461538,3763673.79,0.75,0.9167,Horton-Cross,7.0,0.0455,19.43
43,2023-07-01,181,121,157,839.6740331491712,4334492.4,0.6685,0.8674,Horton-Cross,7.3,0.0493,5.27
43,2023-08-01,175,122,158,865.9885714285714,4362518.13,0.6971,0.9029,Horton-Cross,7.1,0.0426,8.24
43,2023-09-01,158,110,145,804.9683544303797,3640844.15,0.6962,0.9177,Horton-Cross,6.9,0.0464,16.78
43,2023-10-01,261,154,199,868.7049808429118,6350583.32,0.59,0.7625,Horton-Cross,8.0,0.0457,16.15
43,2023-11-01,258,156,196,858.531007751938,6348143.66,0.6047,0.7597,Horton-Cross,7.9,0.046,7.1
43,2023-12-01,252,164,208,883.1230158730159,6321575.4,0.6508,0.8254,Horton-Cross,7.6,0.0418,8.9
43,2024-01-01,130,93,126,755.123076923077,2829285.04,0.7154,0.9692,Horton-Cross,6.8,0.0395,7.99
43,2024-02-01,114,80,112,760.4561403508771,2544651.06,0.7018,0.9825,Horton-Cross,6.8,0.0458,15.19
43,2024-03-01,160,122,157,827.79375,3589712.58,0.7625,0.9812,Horton-Cross,6.6,0.0439,10.72
43,2024-04-01,146,111,142,839.1232876712329,3497525.49,0.7603,0.9726,Horton-Cross,6.6,0.0491,12.11
43,2024-05-01,177,120,156,834.5197740112994,4209153.82,0.678,0.8814,Horton-Cross,7.3,0.0469,12.61
43,2024-06-01,167,119,158,840.3413173652694,4008876.99,0.7126,0.9461,Horton-Cross,7.1,0.0445,14.03
43,2024-07-01,160,112,143,866.8,3995995.62,0.7,0.8938,Horton-Cross,7.0,0.0379,8.87
43,2024-08-01,155,99,146,828.5225806451613,3555695.76,0.6387,0.9419,Horton-Cross,7.4,0.0437,11.32
43,2024-09-01,155,117,151,815.9096774193548,3587610.8,0.7548,0.9742,Horton-Cross,6.4,0.0431,11.17
43,2024-10-01,224,150,195,841.0848214285714,5299790.03,0.6696,0.8705,Horton-Cross,7.4,0.0521,4.49
43,2024-11-01,251,145,203,866.2191235059761,6164279.44,0.5777,0.8088,Horton-Cross,7.9,0.0268,11.71
43,2024-12-01,256,159,207,871.75,6426275.86,0.6211,0.8086,Horton-Cross,7.7,0.0299,13.4
43,2025-01-01,140,102,131,823.7571428571429,3284938.34,0.7286,0.9357,Horton-Cross,6.9,0.0306,14.84
43,2025-02-01,111,83,109,791.0900900900901,2517137.45,0.7477,0.982,Horton-Cross,6.7,0.031,12.58
43,2025-03-01,182,134,165,839.3461538461538,4325757.95,0.7363,0.9066,Horton-Cross,7.2,0.0266,19.26
43,2025-04-01,158,106,145,859.0,3847223.85,0.6709,0.9177,Horton-Cross,7.0,0.0276,12.8
43,2025-05-01,168,106,150,844.6190476190476,4023962.41,0.631,0.8929,Horton-Cross,7.3,0.0497,7.62
43,2025-06-01,160,112,143,847.98125,3894666.11,0.7,0.8938,Horton-Cross,7.1,0.0426,9.93
43,2025-07-01,167,111,149,797.3532934131737,3826209.02,0.6647,0.8922,Horton-Cross,7.4,0.0375,16.97
43,2025-08-01,186,119,163,833.0483870967741,4417119.9,0.6398,0.8763,Horton-Cross,7.6,0.0361,6.18
43,2025-09-01,147,110,141,825.469387755102,3427548.59,0.7483,0.9592,Horton-Cross,6.7,0.0276,14.44
43,2025-10-01,252,157,209,880.8730158730159,6361985.44,0.623,0.8294,Horton-Cross,7.7,0.0476,6.78
43,2025-11-01,260,144,207,864.0730769230769,6437457.86,0.5538,0.7962,Horton-Cross,7.8,0.031,9.82
43,2025-12-01,245,144,197,857.7795918367347,5946748.93,0.5878,0.8041,Horton-Cross,7.8,0.0499,14.83
43,2026-01-01,34,23,29,903.3235294117648,842152.1900000001,0.6765,0.8529,Horton-Cross,7.7,0.0429,14.98
44,2023-01-01,28,25,28,276.07142857142856,90567.23,0.8929,1.0,"Stanley, Tucker and Lee",10.6,0.0101,2.33
44,2023-02-01,19,19,19,289.7894736842105,64361.08,1.0,1.0,"Stanley, Tucker and Lee",10.4,0.011,2.43
44,2023-03-01,21,18,18,328.3333333333333,80960.66,0.8571,0.8571,"Stanley, Tucker and Lee",11.0,0.0111,1.61
44,2023-04-01,22,18,22,364.1363636363636,94341.85,0.8182,1.0,"Stanley, Tucker and Lee",11.0,0.0101,3.53
44,2023-05-01,22,17,20,413.77272727272725,107611.64,0.7727,0.9091,"Stanley, Tucker and Lee",11.6,0.0065,2.11
44,2023-06-01,22,19,20,368.4090909090909,95428.75,0.8636,0.9091,"Stanley, Tucker and Lee",11.1,0.0084,4.18
44,2023-07-01,23,22,23,316.60869565217394,85343.87,0.9565,1.0,"Stanley, Tucker and Lee",10.6,0.0076,3.31
44,2023-08-01,22,21,22,329.6363636363636,85929.42,0.9545,1.0,"Stanley, Tucker and Lee",10.6,0.0116,2.42
44,2023-09-01,22,21,22,346.72727272727275,89346.84,0.9545,1.0,"Stanley, Tucker and Lee",11.0,0.0115,1.26
44,2023-10-01,22,20,20,602.3636363636364,156589.85,0.9091,0.9091,"Stanley, Tucker and Lee",11.6,0.0096,3.23
44,2023-11-01,21,19,20,492.6190476190476,121038.11,0.9048,0.9524,"Stanley, Tucker and Lee",11.5,0.0072,1.91
44,2023-12-01,25,21,23,555.92,164042.47,0.84,0.92,"Stanley, Tucker and Lee",11.1,0.008,2.24
44,2024-01-01,24,22,24,343.9583333333333,97150.39,0.9167,1.0,"Stanley, Tucker and Lee",11.0,0.0091,3.33
44,2024-02-01,21,17,20,312.2857142857143,76533.36,0.8095,0.9524,"Stanley, Tucker and Lee",11.7,0.0115,1.95
44,2024-03-01,20,18,20,379.5,89062.27,0.9,1.0,"Stanley, Tucker and Lee",11.0,0.0118,1.62
44,2024-04-01,21,21,21,338.7142857142857,83644.92,1.0,1.0,"Stanley, Tucker and Lee",10.0,0.0083,4.21
44,2024-05-01,24,22,24,316.125,89480.59,0.9167,1.0,"Stanley, Tucker and Lee",10.7,0.0081,1.93
44,2024-06-01,20,19,20,341.65,80353.04,0.95,1.0,"Stanley, Tucker and Lee",10.2,0.0112,2.78
44,2024-07-01,22,17,19,403.5,104596.4,0.7727,0.8636,"Stanley, Tucker and Lee",11.9,0.0107,2.05
44,2024-08-01,22,19,22,346.0,89630.06,0.8636,1.0,"Stanley, Tucker and Lee",10.9,0.0061,3.66
44,2024-09-01,22,22,22,372.1818181818182,95829.83,1.0,1.0,"Stanley, Tucker and Lee",9.9,0.0082,3.02
44,2024-10-01,23,19,20,541.0434782608696,146558.58,0.8261,0.8696,"Stanley, Tucker and Lee",11.3,0.0079,2.85
44,2024-11-01,19,18,18,623.8947368421053,138542.8,0.9474,0.9474,"Stanley, Tucker and Lee",11.0,0.0101,2.33
44,2024-12-01,27,22,24,620.7407407407408,198133.48,0.8148,0.8889,"Stanley, Tucker and Lee",11.5,0.0087,2.79
44,2025-01-01,22,18,20,344.54545454545456,89741.35,0.8182,0.9091,"Stanley, Tucker and Lee",11.1,0.012,2.13
44,2025-02-01,21,19,20,287.1428571428572,71090.14,0.9048,0.9524,"Stanley, Tucker and Lee",10.8,0.0062,4.22
44,2025-03-01,21,19,19,395.1428571428572,97540.19,0.9048,0.9048,"Stanley, Tucker and Lee",11.5,0.0109,1.18
44,2025-04-01,21,19,21,347.04761904761904,85368.51,0.9048,1.0,"Stanley, Tucker and Lee",11.0,0.0115,1.84
44,2025-05-01,23,22,23,425.1304347826087,114252.79,0.9565,1.0,"Stanley, Tucker and Lee",10.6,0.0082,1.2
44,2025-06-01,21,18,21,321.9047619047619,79278.65,0.8571,1.0,"Stanley, Tucker and Lee",11.0,0.0097,3.57
44,2025-07-01,23,21,22,364.69565217391306,98628.69,0.913,0.9565,"Stanley, Tucker and Lee",11.2,0.009,1.34
44,2025-08-01,21,19,20,342.5238095238095,85436.53,0.9048,0.9524,"Stanley, Tucker and Lee",10.8,0.0078,1.85
44,2025-09-01,22,20,22,302.95454545454544,78032.41,0.9091,1.0,"Stanley, Tucker and Lee",10.7,0.0097,3.79
44,2025-10-01,22,19,20,502.6363636363636,130289.77,0.8636,0.9091,"Stanley, Tucker and Lee",11.6,0.0069,2.14
44,2025-11-01,24,22,22,585.375,163943.65,0.9167,0.9167,"Stanley, Tucker and Lee",10.9,0.0115,1.56
44,2025-12-01,23,21,21,566.3478260869565,153787.8,0.913,0.913,"Stanley, Tucker and Lee",10.7,0.0092,2.51
44,2026-01-01,3,2,2,784.3333333333334,27824.06,0.6667,0.6667,"Stanley, Tucker and Lee",11.7,0.0065,2.06
46,2023-01-01,49,37,46,119.24489795918367,40268.32,0.7551,0.9388,"Edwards, Williams and Woods",15.0,0.0393,7.65
46,2023-02-01,36,24,34,113.88888888888889,28285.33,0.6667,0.9444,"Edwards, Williams and Woods",15.7,0.0416,10.63
46,2023-03-01,39,30,37,146.46153846153845,39306.12,0.7692,0.9487,"Edwards, Williams and Woods",15.6,0.052,6.01
46,2023-04-01,38,24,33,134.55263157894737,35198.59,0.6316,0.8684,"Edwards, Williams and Woods",16.2,0.0554,7.69
46,2023-05-01,40,25,40,117.9,32451.99,0.625,1.0,"Edwards, Williams and Woods",15.3,0.0545,12.47
46,2023-06-01,39,24,34,143.89743589743588,38545.07,0.6154,0.8718,"Edwards, Williams and Woods",16.2,0.0301,6.56
46,2023-07-01,38,29,36,130.39473684210526,34031.78,0.7632,0.9474,"Edwards, Williams and Woods",15.0,0.0409,8.24
46,2023-08-01,41,26,40,112.65853658536584,31929.56,0.6341,0.9756,"Edwards, Williams and Woods",15.8,0.0479,11.91
46,2023-09-01,39,29,37,118.3076923076923,31789.2,0.7436,0.9487,"Edwards, Williams and Woods",14.9,0.044,7.27
46,2023-10-01,39,27,37,115.97435897435898,31082.03,0.6923,0.9487,"Edwards, Williams and Woods",15.8,0.0359,7.07
46,2023-11-01,38,26,36,145.76315789473685,38235.44,0.6842,0.9474,"Edwards, Williams and Woods",15.8,0.0463,5.63
46,2023-12-01,41,30,36,143.14634146341464,40348.18,0.7317,0.878,"Edwards, Williams and Woods",15.3,0.0348,9.84
46,2024-01-01,39,27,36,129.4102564102564,34620.03,0.6923,0.9231,"Edwards, Williams and Woods",15.7,0.0327,8.94
46,2024-02-01,39,28,38,140.35897435897436,37878.56,0.7179,0.9744,"Edwards, Williams and Woods",15.3,0.049,7.34
46,2024-03-01,39,30,35,159.89743589743588,42982.03,0.7692,0.8974,"Edwards, Williams and Woods",15.6,0.0348,9.59
46,2024-04-01,41,28,40,141.17073170731706,39900.83,0.6829,0.9756,"Edwards, Williams and Woods",15.3,0.0383,10.01
46,2024-05-01,38,27,35,127.44736842105264,33315.06,0.7105,0.9211,"Edwards, Williams and Woods",15.2,0.038,13.66
46,2024-06-01,38,32,36,119.05263157894736,31083.53,0.8421,0.9474,"Edwards, Williams and Woods",14.2,0.0529,12.23
46,2024-07-01,40,29,37,133.875,36972.68,0.725,0.925,"Edwards, Williams and Woods",14.8,0.0319,9.32
46,2024-08-01,40,33,38,117.7,32498.39,0.825,0.95,"Edwards, Williams and Woods",14.8,0.0541,7.65
46,2024-09-01,39,27,37,130.71794871794873,34985.86,0.6923,0.9487,"Edwards, Williams and Woods",15.2,0.0386,9.66
46,2024-10-01,41,28,35,136.8048780487805,38548.34,0.6829,0.8537,"Edwards, Williams and Woods",16.4,0.0294,7.61
46,2024-11-01,37,28,34,155.1081081081081,39265.75,0.7568,0.9189,"Edwards, Williams and Woods",15.4,0.0543,10.09
46,2024-12-01,44,32,40,137.8181818181818,41787.15,0.7273,0.9091,"Edwards, Williams and Woods",15.9,0.0367,9.73
46,2025-01-01,35,22,33,126.42857142857144,30456.82,0.6286,0.9429,"Edwards, Williams and Woods",15.2,0.0402,4.99
46,2025-02-01,35,27,33,114.45714285714286,27508.74,0.7714,0.9429,"Edwards, Williams and Woods",15.6,0.042,9.44
46,2025-03-01,40,29,38,141.3,38963.3,0.725,0.95,"Edwards, Williams and Woods",15.6,0.0534,6.51
46,2025-04-01,41,21,36,129.9268292682927,36808.64,0.5122,0.878,"Edwards, Williams and Woods",16.1,0.0476,2.41
46,2025-05-01,39,25,38,111.51282051282053,29938.61,0.641,0.9744,"Edwards, Williams and Woods",15.1,0.0475,3.09
46,2025-06-01,42,31,40,124.1904761904762,35879.5,0.7381,0.9524,"Edwards, Williams and Woods",14.9,0.0517,5.77
46,2025-07-01,36,27,34,137.25,33900.29,0.75,0.9444,"Edwards, Williams and Woods",14.9,0.0347,8.7
46,2025-08-01,40,26,34,123.575,34035.39,0.65,0.85,"Edwards, Williams and Woods",16.2,0.04,13.33
46,2025-09-01,40,30,37,142.525,39211.58,0.75,0.925,"Edwards, Williams and Woods",15.7,0.0491,4.58
46,2025-10-01,39,32,38,106.23076923076924,28579.21,0.8205,0.9744,"Edwards, Williams and Woods",14.6,0.0393,7.91
46,2025-11-01,38,32,35,148.44736842105263,38767.0,0.8421,0.9211,"Edwards, Williams and Woods",15.3,0.0545,4.75
46,2025-12-01,39,27,38,121.56410256410255,32678.4,0.6923,0.9744,"Edwards, Williams and Woods",15.3,0.0495,7.42
46,2026-01-01,6,4,6,102.83333333333331,4205.63,0.6667,1.0,"Edwards, Williams and Woods",15.0,0.0463,14.34
47,2023-01-01,122,87,109,669.139344262295,4003885.34,0.7131,0.8934,"Moore, Yu and Miller",17.1,0.0519,16.76
47,2023-02-01,92,70,87,649.0652173913044,2985574.68,0.7609,0.9457,"Moore, Yu and Miller",16.6,0.0532,18.02
47,2023-03-01,94,69,85,648.8404255319149,3072825.3,0.734,0.9043,"Moore, Yu and Miller",16.6,0.0372,26.99
47,2023-04-01,94,68,89,626.468085106383,2994344.12,0.7234,0.9468,"Moore, Yu and Miller",16.4,0.0477,13.8
47,2023-05-01,104,80,96,660.3557692307693,3402440.01,0.7692,0.9231,"Moore, Yu and Miller",16.5,0.0359,18.07
47,2023-06-01,95,63,81,656.421052631579,3120557.23,0.6632,0.8526,"Moore, Yu and Miller",17.7,0.051,10.44
47,2023-07-01,95,69,89,631.0,3051521.94,0.7263,0.9368,"Moore, Yu and Miller",16.8,0.0458,19.17
47,2023-08-01,104,77,102,655.0961538461538,3369802.18,0.7404,0.9808,"Moore, Yu and Miller",16.5,0.0279,11.25
47,2023-09-01,90,69,83,659.9555555555555,3075478.91,0.7667,0.9222,"Moore, Yu and Miller",16.8,0.0295,9.69
47,2023-10-01,98,72,94,655.4183673469388,3260197.02,0.7347,0.9592,"Moore, Yu and Miller",16.2,0.045,9.03
47,2023-11-01,95,71,90,661.9894736842106,3161240.82,0.7474,0.9474,"Moore, Yu and Miller",16.7,0.0512,11.54
47,2023-12-01,109,73,95,656.1192660550458,3434303.38,0.6697,0.8716,"Moore, Yu and Miller",16.8,0.0299,23.55
47,2024-01-01,97,68,93,667.1237113402062,3247254.27,0.701,0.9588,"Moore, Yu and Miller",16.8,0.0398,26.25
47,2024-02-01,92,62,87,704.75,3368179.18,0.6739,0.9457,"Moore, Yu and Miller",16.5,0.0439,15.1
47,2024-03-01,101,64,85,683.4158415841584,3407841.6,0.6337,0.8416,"Moore, Yu and Miller",17.4,0.0358,22.32
47,2024-04-01,98,75,91,654.1326530612245,3121769.28,0.7653,0.9286,"Moore, Yu and Miller",16.4,0.0467,13.51
47,2024-05-01,100,77,95,644.7,3262218.23,0.77,0.95,"Moore, Yu and Miller",16.4,0.05,13.91
47,2024-06-01,95,74,92,640.0,2995730.58,0.7789,0.9684,"Moore, Yu and Miller",16.3,0.0336,12.87
47,2024-07-01,100,68,92,667.01,3391533.09,0.68,0.92,"Moore, Yu and Miller",16.7,0.0345,13.7
47,2024-08-01,100,78,93,631.3,3176797.33,0.78,0.93,"Moore, Yu and Miller",16.5,0.0308,13.88
47,2024-09-01,91,64,86,628.8901098901099,2893276.33,0.7033,0.9451,"Moore, Yu and Miller",16.7,0.0389,10.81
47,2024-10-01,114,70,91,717.1491228070175,3910777.87,0.614,0.7982,"Moore, Yu and Miller",17.5,0.0443,7.47
47,2024-11-01,117,77,106,706.3760683760684,4158828.05,0.6581,0.906,"Moore, Yu and Miller",16.9,0.0298,16.36
47,2024-12-01,110,85,98,712.4909090909091,3755905.07,0.7727,0.8909,"Moore, Yu and Miller",16.8,0.0341,5.84
47,2025-01-01,99,80,92,645.7272727272727,3218228.32,0.8081,0.9293,"Moore, Yu and Miller",16.3,0.0392,15.17
47,2025-02-01,88,62,79,674.9090909090909,2939711.55,0.7045,0.8977,"Moore, Yu and Miller",16.9,0.0532,14.54
47,2025-03-01,93,68,90,638.8172043010753,3017348.58,0.7312,0.9677,"Moore, Yu and Miller",16.8,0.0409,20.63
47,2025-04-01,110,75,95,627.709090909091,3320784.15,0.6818,0.8636,"Moore, Yu and Miller",17.0,0.0457,16.33
47,2025-05-01,100,75,93,659.96,3325095.96,0.75,0.93,"Moore, Yu and Miller",16.4,0.0457,15.34
47,2025-06-01,95,61,81,679.6,3176878.64,0.6421,0.8526,"Moore, Yu and Miller",16.8,0.0351,8.93
47,2025-07-01,103,65,88,641.3883495145631,3354707.59,0.6311,0.8544,"Moore, Yu and Miller",17.3,0.0339,15.81
47,2025-08-01,98,73,91,657.795918367347,3312211.29,0.7449,0.9286,"Moore, Yu and Miller",16.8,0.0482,21.73
47,2025-09-01,97,66,94,618.4329896907217,2938567.6,0.6804,0.9691,"Moore, Yu and Miller",16.7,0.0375,19.09
47,2025-10-01,104,72,90,655.9230769230769,3415350.11,0.6923,0.8654,"Moore, Yu and Miller",17.3,0.0452,14.96
47,2025-11-01,95,70,91,664.5473684210526,3240917.23,0.7368,0.9579,"Moore, Yu and Miller",16.4,0.0279,22.03
47,2025-12-01,98,71,90,652.3265306122449,3138737.29,0.7245,0.9184,"Moore, Yu and Miller",16.8,0.031,6.87
47,2026-01-01,12,9,11,509.75,312018.73,0.75,0.9167,"Moore, Yu and Miller",17.2,0.0524,12.42
48,2023-01-01,135,61,117,366.962962962963,1930037.56,0.4519,0.8667,Larson Ltd,16.2,0.0527,12.26
48,2023-02-01,106,56,96,435.3867924528302,1778234.91,0.5283,0.9057,Larson Ltd,16.0,0.0646,13.13
48,2023-03-01,105,61,97,339.2190476190476,1369426.82,0.581,0.9238,Larson Ltd,16.3,0.081,13.02
48,2023-04-01,113,58,93,357.3274336283186,1578950.0,0.5133,0.823,Larson Ltd,16.7,0.0653,9.67
48,2023-05-01,116,61,109,384.11206896551727,1743159.23,0.5259,0.9397,Larson Ltd,16.0,0.0514,7.37
48,2023-06-01,106,48,96,372.3207547169811,1516478.64,0.4528,0.9057,Larson Ltd,16.1,0.0762,11.78
48,2023-07-01,114,65,106,375.14912280701753,1666216.28,0.5702,0.9298,Larson Ltd,15.9,0.0853,17.42
48,2023-08-01,101,57,97,347.25742574257424,1380685.24,0.5644,0.9604,Larson Ltd,16.0,0.0526,13.14
48,2023-09-01,98,53,89,364.48979591836735,1400564.62,0.5408,0.9082,Larson Ltd,16.4,0.0914,15.02
48,2023-10-01,114,57,105,359.13157894736844,1611269.98,0.5,0.9211,Larson Ltd,16.1,0.0839,20.0
48,2023-11-01,116,61,105,406.75,1819347.75,0.5259,0.9052,Larson Ltd,16.3,0.0513,13.46
48,2023-12-01,112,55,102,371.4107142857143,1613462.6,0.4911,0.9107,Larson Ltd,16.2,0.0804,15.45
48,2024-01-01,107,57,102,351.4205607476636,1482702.94,0.5327,0.9533,Larson Ltd,15.9,0.0588,16.78
48,2024-02-01,104,66,96,354.9230769230769,1454470.31,0.6346,0.9231,Larson Ltd,15.7,0.0773,12.59
48,2024-03-01,101,53,92,361.8019801980198,1425408.84,0.5248,0.9109,Larson Ltd,16.2,0.0833,11.68
48,2024-04-01,105,63,101,350.4952380952381,1454266.85,0.6,0.9619,Larson Ltd,15.6,0.0765,13.96
48,2024-05-01,107,58,99,340.7383177570093,1422050.03,0.5421,0.9252,Larson Ltd,15.9,0.0487,18.47
48,2024-06-01,104,53,98,377.13461538461536,1504231.89,0.5096,0.9423,Larson Ltd,16.4,0.0914,10.25
48,2024-07-01,110,62,103,354.7,1495775.13,0.5636,0.9364,Larson Ltd,16.0,0.0481,11.89
48,2024-08-01,101,58,93,341.33663366336634,1373963.64,0.5743,0.9208,Larson Ltd,16.3,0.0837,12.79
48,2024-09-01,106,48,97,364.37735849056605,1499252.08,0.4528,0.9151,Larson Ltd,16.4,0.0833,2.81
48,2024-10-01,116,62,106,378.9827586206897,1713948.65,0.5345,0.9138,Larson Ltd,16.3,0.0555,7.72
48,2024-11-01,105,53,95,384.06666666666666,1578945.42,0.5048,0.9048,Larson Ltd,16.2,0.0698,16.41
48,2024-12-01,106,59,101,322.79245283018867,1365659.55,0.5566,0.9528,Larson Ltd,15.8,0.0554,9.56
48,2025-01-01,107,56,99,365.98130841121497,1528579.08,0.5234,0.9252,Larson Ltd,16.0,0.0636,14.84
48,2025-02-01,94,53,91,334.70212765957444,1239078.61,0.5638,0.9681,Larson Ltd,16.2,0.0462,15.13
48,2025-03-01,109,73,101,344.44954128440367,1457852.1,0.6697,0.9266,Larson Ltd,16.0,0.0787,14.65
48,2025-04-01,102,62,98,339.3921568627451,1374392.4,0.6078,0.9608,Larson Ltd,15.8,0.0579,24.62
48,2025-05-01,104,59,97,350.88461538461536,1441183.66,0.5673,0.9327,Larson Ltd,15.6,0.052,12.41
48,2025-06-01,104,54,97,349.0576923076923,1424776.14,0.5192,0.9327,Larson Ltd,16.4,0.0827,16.25
48,2025-07-01,103,54,101,340.5339805825243,1369874.6,0.5243,0.9806,Larson Ltd,16.0,0.0634,18.98
48,2025-08-01,108,69,101,360.0462962962963,1531934.21,0.6389,0.9352,Larson Ltd,15.8,0.0666,20.62
48,2025-09-01,108,63,100,378.77777777777777,1593215.89,0.5833,0.9259,Larson Ltd,15.9,0.0557,6.37
48,2025-10-01,112,67,105,396.8035714285714,1720677.24,0.5982,0.9375,Larson Ltd,15.5,0.0547,12.34
48,2025-11-01,106,60,100,330.188679245283,1390101.33,0.566,0.9434,Larson Ltd,16.0,0.0589,3.61
48,2025-12-01,109,60,96,384.0,1620368.22,0.5505,0.8807,Larson Ltd,16.1,0.0624,11.37
48,2026-01-01,15,8,14,232.2,139580.31,0.5333,0.9333,Larson Ltd,16.1,0.0601,17.47
49,2023-01-01,60,54,59,620.5666666666667,1398157.91,0.9,0.9833,Powell PLC,12.8,0.0298,17.45
49,2023-02-01,49,42,49,575.8571428571429,1074644.29,0.8571,1.0,Powell PLC,12.8,0.0286,10.98
49,2023-03-01,49,36,46,748.0816326530612,1363218.58,0.7347,0.9388,Powell PLC,13.3,0.0257,10.14
49,2023-04-01,56,43,51,691.0178571428571,1454590.43,0.7679,0.9107,Powell PLC,13.5,0.0378,5.3
49,2023-05-01,61,42,55,733.9180327868852,1664769.57,0.6885,0.9016,Powell PLC,13.6,0.0213,7.57
49,2023-06-01,48,41,46,768.75,1426260.71,0.8542,0.9583,Powell PLC,13.2,0.0388,12.02
49,2023-07-01,58,47,54,771.9137931034483,1658174.38,0.8103,0.931,Powell PLC,12.8,0.0376,11.56
49,2023-08-01,59,44,52,729.2203389830509,1623246.44,0.7458,0.8814,Powell PLC,13.2,0.0338,16.38
49,2023-09-01,53,42,49,715.6792452830189,1462347.9,0.7925,0.9245,Powell PLC,12.8,0.0244,16.82
49,2023-10-01,86,59,69,843.8139534883721,2701233.17,0.686,0.8023,Powell PLC,13.7,0.0254,16.74
49,2023-11-01,73,52,63,836.4931506849315,2302015.45,0.7123,0.863,Powell PLC,13.7,0.0349,22.0
49,2023-12-01,81,61,67,813.1604938271605,2429901.44,0.7531,0.8272,Powell PLC,14.2,0.0353,12.22
49,2024-01-01,51,42,50,593.1960784313726,1128308.94,0.8235,0.9804,Powell PLC,13.1,0.0229,12.88
49,2024-02-01,44,37,44,606.2954545454545,1008880.84,0.8409,1.0,Powell PLC,13.4,0.0384,23.0
49,2024-03-01,61,49,57,765.2131147540983,1720787.71,0.8033,0.9344,Powell PLC,13.2,0.0315,11.53
49,2024-04-01,49,35,45,715.8163265306123,1329349.42,0.7143,0.9184,Powell PLC,13.6,0.0304,10.34
49,2024-05-01,59,47,56,796.1694915254237,1789710.35,0.7966,0.9492,Powell PLC,13.2,0.027,10.07
49,2024-06-01,55,36,48,790.5090909090909,1640764.21,0.6545,0.8727,Powell PLC,14.4,0.0412,14.73
49,2024-07-01,57,43,51,712.9298245614035,1541580.45,0.7544,0.8947,Powell PLC,13.8,0.0376,17.26
49,2024-08-01,61,44,58,724.7704918032787,1665956.24,0.7213,0.9508,Powell PLC,13.3,0.0327,12.46
49,2024-09-01,58,41,54,678.0172413793103,1478754.79,0.7069,0.931,Powell PLC,13.6,0.0283,12.29
49,2024-10-01,80,50,64,842.4,2461047.21,0.625,0.8,Powell PLC,13.7,0.0346,9.39
49,2024-11-01,71,54,62,888.887323943662,2340091.96,0.7606,0.8732,Powell PLC,13.3,0.0384,4.91
49,2024-12-01,75,56,66,881.7066666666667,2522821.32,0.7467,0.88,Powell PLC,13.5,0.0322,6.1
49,2025-01-01,49,36,44,682.5918367346939,1244862.29,0.7347,0.898,Powell PLC,13.9,0.0234,4.88
49,2025-02-01,49,38,47,598.2448979591836,1105681.09,0.7755,0.9592,Powell PLC,13.0,0.0377,18.25
49,2025-03-01,54,42,49,734.4629629629629,1479054.87,0.7778,0.9074,Powell PLC,13.3,0.0347,13.18
49,2025-04-01,52,43,51,716.3269230769231,1368743.43,0.8269,0.9808,Powell PLC,13.3,0.0408,13.0
49,2025-05-01,57,44,50,671.4035087719299,1474883.4,0.7719,0.8772,Powell PLC,13.9,0.0387,12.53
49,2025-06-01,52,44,50,677.4807692307693,1314865.06,0.8462,0.9615,Powell PLC,12.9,0.0283,10.85
49,2025-07-01,56,40,52,783.7678571428571,1694382.67,0.7143,0.9286,Powell PLC,13.2,0.0287,16.47
49,2025-08-01,63,47,58,725.968253968254,1728301.37,0.746,0.9206,Powell PLC,13.7,0.027,14.99
49,2025-09-01,56,40,49,740.0,1531690.09,0.7143,0.875,Powell PLC,13.9,0.0327,14.35
49,2025-10-01,97,58,67,845.9278350515464,3087374.96,0.5979,0.6907,Powell PLC,14.5,0.0352,13.41
49,2025-11-01,75,48,64,802.4933333333333,2272459.96,0.64,0.8533,Powell PLC,14.1,0.0257,3.96
49,2025-12-01,81,54,62,835.0864197530864,2531674.91,0.6667,0.7654,Powell PLC,13.9,0.0361,21.38
49,2026-01-01,7,6,7,789.7142857142857,200793.45,0.8571,1.0,Powell PLC,13.0,0.0264,13.28
50,2023-01-01,183,102,171,694.672131147541,2857826.79,0.5574,0.9344,"Wheeler, Harvey and Barnes",6.6,0.0811,11.45
50,2023-02-01,142,75,133,655.7112676056338,2010698.98,0.5282,0.9366,"Wheeler, Harvey and Barnes",6.9,0.0867,17.17
50,2023-03-01,152,81,143,682.2763157894736,2168350.17,0.5329,0.9408,"Wheeler, Harvey and Barnes",6.6,0.0855,14.13
50,2023-04-01,145,75,135,713.2275862068966,2041844.62,0.5172,0.931,"Wheeler, Harvey and Barnes",6.5,0.0849,13.99
50,2023-05-01,147,83,140,718.6326530612245,2138295.21,0.5646,0.9524,"Wheeler, Harvey and Barnes",6.1,0.0846,13.16
50,2023-06-01,150,69,140,703.1866666666666,1940836.88,0.46,0.9333,"Wheeler, Harvey and Barnes",6.8,0.0806,7.3
50,2023-07-01,152,82,143,750.9144736842105,2379131.15,0.5395,0.9408,"Wheeler, Harvey and Barnes",6.4,0.094,14.78
50,2023-08-01,146,77,144,693.945205479452,1932647.55,0.5274,0.9863,"Wheeler, Harvey and Barnes",6.3,0.0853,10.3
50,2023-09-01,144,84,135,739.8541666666666,2278299.88,0.5833,0.9375,"Wheeler, Harvey and Barnes",6.3,0.095,9.13
50,2023-10-01,161,76,142,785.8012422360248,2287013.51,0.472,0.882,"Wheeler, Harvey and Barnes",7.0,0.0723,13.38
50,2023-11-01,167,84,151,764.6826347305389,2319131.11,0.503,0.9042,"Wheeler, Harvey and Barnes",6.9,0.0865,11.48
50,2023-12-01,166,84,147,771.9096385542168,2384825.92,0.506,0.8855,"Wheeler, Harvey and Barnes",6.5,0.0576,12.96
50,2024-01-01,146,75,137,643.3013698630137,1967319.82,0.5137,0.9384,"Wheeler, Harvey and Barnes",6.7,0.0981,14.11
50,2024-02-01,133,69,126,678.3157894736842,1930603.48,0.5188,0.9474,"Wheeler, Harvey and Barnes",6.5,0.0851,11.05
50,2024-03-01,149,76,142,679.1946308724832,1984787.36,0.5101,0.953,"Wheeler, Harvey and Barnes",6.5,0.0669,12.8
50,2024-04-01,150,80,143,729.08,2002871.72,0.5333,0.9533,"Wheeler, Harvey and Barnes",6.5,0.0596,21.25
50,2024-05-01,160,67,145,733.05,2452582.15,0.4188,0.9062,"Wheeler, Harvey and Barnes",7.0,0.0565,10.14
50,2024-06-01,142,69,137,696.3239436619718,1944141.12,0.4859,0.9648,"Wheeler, Harvey and Barnes",6.4,0.0989,15.61
50,2024-07-01,151,79,147,709.4503311258278,2029453.97,0.5232,0.9735,"Wheeler, Harvey and Barnes",6.3,0.083,14.63
50,2024-08-01,158,82,145,676.2088607594936,2253127.33,0.519,0.9177,"Wheeler, Harvey and Barnes",6.9,0.0526,13.08
50,2024-09-01,141,85,140,704.7234042553191,2020631.06,0.6028,0.9929,"Wheeler, Harvey and Barnes",5.9,0.0946,12.96
50,2024-10-01,174,90,160,769.9597701149426,2674114.09,0.5172,0.9195,"Wheeler, Harvey and Barnes",6.7,0.0744,23.34
50,2024-11-01,165,73,144,770.4545454545455,2460717.8,0.4424,0.8727,"Wheeler, Harvey and Barnes",7.3,0.0954,12.29
50,2024-12-01,183,86,161,796.4918032786885,2820572.1,0.4699,0.8798,"Wheeler, Harvey and Barnes",7.0,0.0795,17.43
50,2025-01-01,158,79,143,666.4367088607595,2168829.93,0.5,0.9051,"Wheeler, Harvey and Barnes",6.7,0.0731,6.07
50,2025-02-01,141,77,132,671.531914893617,2221348.33,0.5461,0.9362,"Wheeler, Harvey and Barnes",6.6,0.0828,18.15
50,2025-03-01,149,66,142,726.4496644295302,2164885.08,0.443,0.953,"Wheeler, Harvey and Barnes",6.7,0.0756,11.94
50,2025-04-01,153,73,139,722.8627450980392,2242743.58,0.4771,0.9085,"Wheeler, Harvey and Barnes",6.5,0.0617,7.61
50,2025-05-01,157,71,145,727.5350318471337,2080801.84,0.4522,0.9236,"Wheeler, Harvey and Barnes",6.8,0.0988,12.57
50,2025-06-01,153,71,142,731.8692810457517,2282603.34,0.4641,0.9281,"Wheeler, Harvey and Barnes",6.8,0.0937,12.2
50,2025-07-01,145,81,142,697.7103448275863,2058911.88,0.5586,0.9793,"Wheeler, Harvey and Barnes",6.3,0.0509,14.24
50,2025-08-01,146,79,140,709.8493150684932,2035791.59,0.5411,0.9589,"Wheeler, Harvey and Barnes",6.5,0.0638,12.64
50,2025-09-01,142,67,131,688.8661971830986,1968290.54,0.4718,0.9225,"Wheeler, Harvey and Barnes",6.7,0.0817,12.8
50,2025-10-01,173,92,157,742.4393063583815,2527621.7,0.5318,0.9075,"Wheeler, Harvey and Barnes",6.7,0.054,11.34
50,2025-11-01,156,85,147,751.3782051282051,2174460.85,0.5449,0.9423,"Wheeler, Harvey and Barnes",6.5,0.0626,9.98
50,2025-12-01,167,81,155,764.622754491018,2519993.67,0.485,0.9281,"Wheeler, Harvey and Barnes",6.6,0.0868,14.52
50,2026-01-01,16,6,14,784.125,203949.37,0.375,0.875,"Wheeler, Harvey and Barnes",7.1,0.1006,15.71
51,2023-01-01,98,76,98,396.0408163265306,5051641.39,0.7755,1.0,"Mills, Donovan and Harris",6.3,0.0623,13.38
51,2023-02-01,72,47,71,368.1111111111111,3348958.57,0.6528,0.9861,"Mills, Donovan and Harris",6.7,0.0384,3.1
51,2023-03-01,84,58,80,495.7857142857143,5323649.9,0.6905,0.9524,"Mills, Donovan and Harris",6.8,0.0469,7.67
51,2023-04-01,75,49,71,520.84,4746029.46,0.6533,0.9467,"Mills, Donovan and Harris",7.1,0.0581,7.1
51,2023-05-01,80,57,78,498.5375,4886098.86,0.7125,0.975,"Mills, Donovan and Harris",6.5,0.0613,10.3
51,2023-06-01,79,51,74,497.8860759493671,4854664.59,0.6456,0.9367,"Mills, Donovan and Harris",6.7,0.0594,6.74
51,2023-07-01,80,59,77,547.9875,5443652.88,0.7375,0.9625,"Mills, Donovan and Harris",6.5,0.033,3.97
51,2023-08-01,83,58,77,532.4578313253012,5449979.86,0.6988,0.9277,"Mills, Donovan and Harris",7.0,0.0481,11.39
51,2023-09-01,80,57,76,491.4375,4789116.65,0.7125,0.95,"Mills, Donovan and Harris",6.8,0.0617,5.52
51,2023-10-01,86,56,76,691.3604651162791,6796950.3,0.6512,0.8837,"Mills, Donovan and Harris",6.9,0.0398,11.86
51,2023-11-01,88,57,72,666.2272727272727,6841628.56,0.6477,0.8182,"Mills, Donovan and Harris",7.2,0.0599,6.95
51,2023-12-01,87,58,79,651.5862068965517,6453939.32,0.6667,0.908,"Mills, Donovan and Harris",6.7,0.0531,7.11
51,2024-01-01,84,61,82,429.4880952380952,4479212.89,0.7262,0.9762,"Mills, Donovan and Harris",6.5,0.0601,13.42
51,2024-02-01,77,63,76,424.7402597402597,4282805.41,0.8182,0.987,"Mills, Donovan and Harris",6.0,0.0445,7.28
51,2024-03-01,78,56,75,492.5384615384616,4654141.91,0.7179,0.9615,"Mills, Donovan and Harris",6.5,0.0434,10.17
51,2024-04-01,82,64,82,518.109756097561,5195691.28,0.7805,1.0,"Mills, Donovan and Harris",6.2,0.0542,9.92
51,2024-05-01,80,53,75,503.9625,4694287.53,0.6625,0.9375,"Mills, Donovan and Harris",6.8,0.051,10.18
51,2024-06-01,77,50,73,528.3376623376623,5014151.05,0.6494,0.9481,"Mills, Donovan and Harris",7.0,0.0602,9.59
51,2024-07-01,82,60,81,497.1707317073171,5194103.0,0.7317,0.9878,"Mills, Donovan and Harris",6.3,0.0615,3.37
51,2024-08-01,87,49,77,515.1609195402299,5281521.0,0.5632,0.8851,"Mills, Donovan and Harris",7.3,0.0546,13.52
51,2024-09-01,78,51,75,509.448717948718,5000774.06,0.6538,0.9615,"Mills, Donovan and Harris",7.1,0.0392,8.11
51,2024-10-01,84,59,74,657.797619047619,6568483.94,0.7024,0.881,"Mills, Donovan and Harris",7.2,0.0387,11.33
51,2024-11-01,87,58,74,675.3103448275862,6779446.81,0.6667,0.8506,"Mills, Donovan and Harris",7.1,0.0351,7.1
51,2024-12-01,90,52,77,665.9222222222222,6948534.65,0.5778,0.8556,"Mills, Donovan and Harris",7.4,0.056,11.9
51,2025-01-01,83,60,80,477.0722891566265,4890354.26,0.7229,0.9639,"Mills, Donovan and Harris",6.7,0.0432,8.69
51,2025-02-01,69,46,68,409.4927536231884,3682965.67,0.6667,0.9855,"Mills, Donovan and Harris",6.5,0.0549,7.89
51,2025-03-01,84,59,80,515.5119047619048,5349921.17,0.7024,0.9524,"Mills, Donovan and Harris",6.7,0.0503,8.94
51,2025-04-01,83,60,77,526.566265060241,5311245.93,0.7229,0.9277,"Mills, Donovan and Harris",6.3,0.0519,12.43
51,2025-05-01,82,52,77,564.6951219512196,5796892.55,0.6341,0.939,"Mills, Donovan and Harris",6.6,0.0592,11.44
51,2025-06-01,79,46,69,522.8987341772151,5145204.18,0.5823,0.8734,"Mills, Donovan and Harris",7.1,0.0523,8.81
51,2025-07-01,86,61,80,541.3953488372093,5626641.42,0.7093,0.9302,"Mills, Donovan and Harris",6.7,0.0476,3.97
51,2025-08-01,80,52,78,487.6375,4948872.5200000005,0.65,0.975,"Mills, Donovan and Harris",6.9,0.0622,8.83
51,2025-09-01,83,52,74,527.7349397590361,5392666.54,0.6265,0.8916,"Mills, Donovan and Harris",7.1,0.0539,6.91
51,2025-10-01,84,57,77,636.2857142857143,6294068.78,0.6786,0.9167,"Mills, Donovan and Harris",7.0,0.0324,6.35
51,2025-11-01,84,50,74,669.4047619047619,6546888.43,0.5952,0.881,"Mills, Donovan and Harris",7.2,0.0531,13.57
51,2025-12-01,93,53,80,711.0860215053764,8045628.6,0.5699,0.8602,"Mills, Donovan and Harris",7.4,0.0526,9.55
51,2026-01-01,8,5,6,702.125,619996.64,0.625,0.75,"Mills, Donovan and Harris",8.2,0.0531,10.71
52,2023-01-01,107,72,101,171.81308411214954,1191549.23,0.6729,0.9439,Allen-Foster,12.9,0.0432,11.01
52,2023-02-01,76,56,72,167.64473684210526,988289.29,0.7368,0.9474,Allen-Foster,12.8,0.033,13.1
52,2023-03-01,90,64,83,222.92222222222225,1522909.76,0.7111,0.9222,Allen-Foster,13.1,0.0477,8.66
52,2023-04-01,87,52,79,230.5632183908046,1537019.73,0.5977,0.908,Allen-Foster,13.3,0.0448,6.29
52,2023-05-01,85,61,82,229.0235294117647,1462185.25,0.7176,0.9647,Allen-Foster,12.9,0.0566,6.04
52,2023-06-01,89,61,84,213.2921348314607,1428857.01,0.6854,0.9438,Allen-Foster,12.7,0.0562,10.12
52,2023-07-01,90,64,85,238.4777777777778,1669602.26,0.7111,0.9444,Allen-Foster,13.0,0.0557,10.66
52,2023-08-01,89,60,85,217.6292134831461,1459252.48,0.6742,0.9551,Allen-Foster,13.1,0.0458,11.15
52,2023-09-01,85,61,81,227.25882352941176,1442094.34,0.7176,0.9529,Allen-Foster,12.8,0.0486,9.27
52,2023-10-01,87,56,78,369.41379310344826,2316173.94,0.6437,0.8966,Allen-Foster,13.3,0.0415,7.99
52,2023-11-01,85,57,75,367.0117647058824,2711910.64,0.6706,0.8824,Allen-Foster,13.6,0.0416,10.57
52,2023-12-01,90,61,82,323.2888888888889,2305556.5,0.6778,0.9111,Allen-Foster,12.9,0.0389,1.98
52,2024-01-01,88,62,84,178.0340909090909,1247266.08,0.7045,0.9545,Allen-Foster,12.8,0.0487,7.32
52,2024-02-01,82,52,78,159.08536585365854,1036441.12,0.6341,0.9512,Allen-Foster,13.0,0.0576,7.49
52,2024-03-01,90,63,84,220.51111111111112,1565587.9,0.7,0.9333,Allen-Foster,12.7,0.0521,11.94
52,2024-04-01,87,62,83,227.2528735632184,1499519.76,0.7126,0.954,Allen-Foster,13.0,0.0314,13.46
52,2024-05-01,91,58,84,229.24175824175825,1528826.91,0.6374,0.9231,Allen-Foster,13.3,0.0326,13.74
52,2024-06-01,82,59,81,228.41463414634143,1305275.75,0.7195,0.9878,Allen-Foster,12.7,0.0538,5.73
52,2024-07-01,87,62,81,231.1264367816092,1567319.53,0.7126,0.931,Allen-Foster,12.7,0.0487,9.52
52,2024-08-01,88,64,81,249.0909090909091,1563154.5,0.7273,0.9205,Allen-Foster,12.6,0.0441,10.6
52,2024-09-01,89,56,82,220.1573033707865,1543598.45,0.6292,0.9213,Allen-Foster,13.4,0.0572,8.41
52,2024-10-01,88,55,74,326.47727272727275,2310119.1,0.625,0.8409,Allen-Foster,13.8,0.0453,15.03
52,2024-11-01,87,65,81,356.4597701149425,2115141.8,0.7471,0.931,Allen-Foster,13.1,0.0371,9.32
52,2024-12-01,84,48,71,397.20238095238096,2492044.0,0.5714,0.8452,Allen-Foster,13.8,0.0388,2.71
52,2025-01-01,90,66,86,226.38888888888889,1546921.13,0.7333,0.9556,Allen-Foster,12.9,0.0542,12.5
52,2025-02-01,83,57,78,190.85542168674695,1183390.29,0.6867,0.9398,Allen-Foster,13.2,0.0427,9.75
52,2025-03-01,88,67,82,219.6931818181818,1559294.55,0.7614,0.9318,Allen-Foster,12.7,0.0424,12.19
52,2025-04-01,85,54,78,253.51764705882357,1722033.35,0.6353,0.9176,Allen-Foster,13.0,0.0325,9.63
52,2025-05-01,90,56,84,240.5888888888889,1607595.89,0.6222,0.9333,Allen-Foster,13.0,0.0566,8.06
52,2025-06-01,86,57,81,241.52325581395348,1668017.83,0.6628,0.9419,Allen-Foster,12.7,0.0431,11.1
52,2025-07-01,88,56,84,234.64772727272728,1678179.43,0.6364,0.9545,Allen-Foster,13.0,0.058,11.94
52,2025-08-01,88,60,83,234.375,1578636.18,0.6818,0.9432,Allen-Foster,13.2,0.0541,16.83
52,2025-09-01,82,57,79,232.609756097561,1472102.61,0.6951,0.9634,Allen-Foster,12.9,0.05,10.36
52,2025-10-01,94,60,84,327.3936170212766,2218590.32,0.6383,0.8936,Allen-Foster,13.0,0.0556,11.48
52,2025-11-01,86,49,76,375.8255813953488,2595469.17,0.5698,0.8837,Allen-Foster,13.7,0.0419,8.22
52,2025-12-01,90,49,73,369.3444444444444,2533473.79,0.5444,0.8111,Allen-Foster,13.6,0.0439,8.37
52,2026-01-01,10,3,8,402.2,389994.52,0.3,0.8,Allen-Foster,15.5,0.0558,9.72
53,2023-01-01,189,159,178,432.2169312169312,2643839.1,0.8413,0.9418,"Evans, Stewart and Walton",5.0,0.0198,9.38
53,2023-02-01,134,117,130,405.4328358208956,1938395.52,0.8731,0.9701,"Evans, Stewart and Walton",4.9,0.0179,13.24
53,2023-03-01,153,127,147,458.8562091503268,2365036.0,0.8301,0.9608,"Evans, Stewart and Walton",5.1,0.0121,5.02
53,2023-04-01,146,123,140,439.71232876712327,2241309.42,0.8425,0.9589,"Evans, Stewart and Walton",4.9,0.0124,9.26
53,2023-05-01,157,129,150,443.62420382165607,2326206.71,0.8217,0.9554,"Evans, Stewart and Walton",4.9,0.016,8.98
53,2023-06-01,140,118,134,465.5142857142857,2219690.34,0.8429,0.9571,"Evans, Stewart and Walton",5.0,0.015,3.08
53,2023-07-01,151,133,148,446.71523178807945,2306665.94,0.8808,0.9801,"Evans, Stewart and Walton",4.8,0.019,12.66
53,2023-08-01,149,134,144,470.496644295302,2421704.04,0.8993,0.9664,"Evans, Stewart and Walton",4.8,0.014,9.97
53,2023-09-01,150,124,142,463.41333333333336,2335537.91,0.8267,0.9467,"Evans, Stewart and Walton",5.0,0.0125,4.71
53,2023-10-01,157,123,147,472.515923566879,2654572.11,0.7834,0.9363,"Evans, Stewart and Walton",5.2,0.0112,5.91
53,2023-11-01,152,126,144,490.703947368421,2571872.79,0.8289,0.9474,"Evans, Stewart and Walton",4.9,0.0185,11.68
53,2023-12-01,152,124,142,483.1644736842105,2599925.65,0.8158,0.9342,"Evans, Stewart and Walton",5.2,0.0189,8.15
53,2024-01-01,146,114,138,447.32876712328766,2156771.55,0.7808,0.9452,"Evans, Stewart and Walton",5.2,0.012,10.18
53,2024-02-01,149,123,141,428.6040268456376,2225101.3,0.8255,0.9463,"Evans, Stewart and Walton",5.1,0.0145,8.09
53,2024-03-01,153,128,146,452.12418300653593,2303866.47,0.8366,0.9542,"Evans, Stewart and Walton",5.0,0.0133,10.67
53,2024-04-01,144,118,137,461.875,2277001.7,0.8194,0.9514,"Evans, Stewart and Walton",5.1,0.0181,11.95
53,2024-05-01,155,132,151,436.6645161290323,2261176.2,0.8516,0.9742,"Evans, Stewart and Walton",4.8,0.0176,8.58
53,2024-06-01,147,123,140,448.02721088435374,2193925.29,0.8367,0.9524,"Evans, Stewart and Walton",5.0,0.0155,8.39
53,2024-07-01,150,132,147,456.22,2363244.23,0.88,0.98,"Evans, Stewart and Walton",4.8,0.0113,9.13
53,2024-08-01,165,130,151,476.4363636363637,2729014.15,0.7879,0.9152,"Evans, Stewart and Walton",5.3,0.0118,14.84
53,2024-09-01,146,123,137,428.2808219178082,2159897.87,0.8425,0.9384,"Evans, Stewart and Walton",5.1,0.0101,5.55
53,2024-10-01,150,124,144,479.94,2531975.43,0.8267,0.96,"Evans, Stewart and Walton",5.1,0.0122,9.22
53,2024-11-01,148,121,132,527.222972972973,2779673.87,0.8176,0.8919,"Evans, Stewart and Walton",5.3,0.0104,10.68
53,2024-12-01,165,127,155,475.2181818181818,2709088.4,0.7697,0.9394,"Evans, Stewart and Walton",5.3,0.0148,10.14
53,2025-01-01,142,117,138,436.59154929577466,2077472.73,0.8239,0.9718,"Evans, Stewart and Walton",5.1,0.019,6.48
53,2025-02-01,141,114,137,421.9858156028369,1980703.29,0.8085,0.9716,"Evans, Stewart and Walton",5.1,0.0191,7.08
53,2025-03-01,157,136,153,418.26751592356686,2207344.75,0.8662,0.9745,"Evans, Stewart and Walton",4.8,0.0156,8.49
53,2025-04-01,142,128,138,446.5,2139128.77,0.9014,0.9718,"Evans, Stewart and Walton",4.6,0.0115,9.98
53,2025-05-01,154,136,149,437.3311688311688,2290438.46,0.8831,0.9675,"Evans, Stewart and Walton",4.8,0.0169,8.39
53,2025-06-01,144,126,141,454.49305555555554,2223963.03,0.875,0.9792,"Evans, Stewart and Walton",4.8,0.0134,8.21
53,2025-07-01,156,128,146,430.6089743589744,2269977.57,0.8205,0.9359,"Evans, Stewart and Walton",5.0,0.0142,2.06
53,2025-08-01,153,128,146,454.1111111111111,2357113.43,0.8366,0.9542,"Evans, Stewart and Walton",5.0,0.0165,8.25
53,2025-09-01,154,134,147,440.4935064935065,2205441.6,0.8701,0.9545,"Evans, Stewart and Walton",4.9,0.012,8.14
53,2025-10-01,152,128,145,506.6644736842105,2666739.12,0.8421,0.9539,"Evans, Stewart and Walton",5.1,0.0192,6.6
53,2025-11-01,145,107,133,511.951724137931,2582091.51,0.7379,0.9172,"Evans, Stewart and Walton",5.5,0.0171,8.02
53,2025-12-01,157,131,147,482.18471337579615,2722121.64,0.8344,0.9363,"Evans, Stewart and Walton",5.1,0.0171,13.36
53,2026-01-01,19,16,18,488.6842105263158,339826.99,0.8421,0.9474,"Evans, Stewart and Walton",5.4,0.0107,9.78
55,2023-01-01,73,49,65,921.5342465753424,6288465.36,0.6712,0.8904,Medina PLC,9.2,0.0541,27.56
55,2023-02-01,64,32,56,825.34375,4935464.07,0.5,0.875,Medina PLC,9.7,0.0684,26.32
55,2023-03-01,55,38,52,892.1636363636363,4568421.26,0.6909,0.9455,Medina PLC,9.0,0.0735,19.67
55,2023-04-01,62,43,59,808.1290322580645,4678378.68,0.6935,0.9516,Medina PLC,8.9,0.0733,23.59
55,2023-05-01,56,36,55,924.9642857142856,4843022.81,0.6429,0.9821,Medina PLC,8.7,0.0663,21.83
55,2023-06-01,73,40,67,861.2191780821918,5885306.92,0.5479,0.9178,Medina PLC,9.7,0.0624,20.54
55,2023-07-01,74,47,65,842.9864864864865,5812676.49,0.6351,0.8784,Medina PLC,9.5,0.0668,28.74
55,2023-08-01,63,39,61,872.2380952380952,5117203.16,0.619,0.9683,Medina PLC,9.5,0.0423,21.94
55,2023-09-01,66,38,54,826.1818181818181,5122833.91,0.5758,0.8182,Medina PLC,9.7,0.0654,18.2
55,2023-10-01,64,40,60,871.703125,5240985.04,0.625,0.9375,Medina PLC,9.5,0.0716,25.17
55,2023-11-01,59,42,56,833.3898305084746,4598280.75,0.7119,0.9492,Medina PLC,9.1,0.0518,18.01
55,2023-12-01,65,42,56,878.8,5356715.29,0.6462,0.8615,Medina PLC,9.6,0.063,24.59
55,2024-01-01,66,44,57,850.0909090909091,5229228.29,0.6667,0.8636,Medina PLC,9.6,0.0517,9.54
55,2024-02-01,56,47,54,894.25,4698782.54,0.8393,0.9643,Medina PLC,8.4,0.0588,24.24
55,2024-03-01,72,48,63,841.4861111111111,5668400.43,0.6667,0.875,Medina PLC,9.2,0.0546,11.2
55,2024-04-01,58,38,56,832.551724137931,4521502.21,0.6552,0.9655,Medina PLC,9.2,0.0581,20.84
55,2024-05-01,62,40,55,886.9193548387096,5157806.45,0.6452,0.8871,Medina PLC,9.3,0.055,24.51
55,2024-06-01,59,42,53,853.6440677966102,4702780.19,0.7119,0.8983,Medina PLC,9.1,0.06,19.26
55,2024-07-01,69,38,55,832.6521739130435,5400820.42,0.5507,0.7971,Medina PLC,10.1,0.0655,12.02
55,2024-08-01,66,37,57,862.1212121212121,5322133.77,0.5606,0.8636,Medina PLC,10.0,0.0717,17.86
55,2024-09-01,55,42,55,849.6727272727272,4372506.44,0.7636,1.0,Medina PLC,8.5,0.0406,15.82
55,2024-10-01,69,42,57,859.8115942028985,5569864.0,0.6087,0.8261,Medina PLC,9.9,0.0546,25.07
55,2024-11-01,59,38,57,879.5084745762712,4846630.08,0.6441,0.9661,Medina PLC,9.3,0.0745,18.32
55,2024-12-01,60,38,58,852.3666666666667,4782905.11,0.6333,0.9667,Medina PLC,9.6,0.0681,24.25
55,2025-01-01,61,38,57,883.327868852459,5028175.45,0.623,0.9344,Medina PLC,9.7,0.0593,24.27
55,2025-02-01,53,29,48,835.9433962264151,4131351.13,0.5472,0.9057,Medina PLC,9.3,0.0437,23.3
55,2025-03-01,58,45,58,860.1551724137931,4666848.77,0.7759,1.0,Medina PLC,8.6,0.0484,7.07
55,2025-04-01,58,40,54,845.0,4575657.56,0.6897,0.931,Medina PLC,9.2,0.0513,8.23
55,2025-05-01,58,34,55,820.1206896551724,4459831.67,0.5862,0.9483,Medina PLC,9.1,0.061,23.54
55,2025-06-01,73,45,62,880.9041095890411,6028675.28,0.6164,0.8493,Medina PLC,9.5,0.0661,23.33
55,2025-07-01,55,35,50,894.3454545454546,4598254.75,0.6364,0.9091,Medina PLC,9.5,0.0509,17.16
55,2025-08-01,69,31,59,897.7971014492754,5778072.19,0.4493,0.8551,Medina PLC,10.5,0.0438,2.32
55,2025-09-01,60,41,52,887.8333333333334,4980898.88,0.6833,0.8667,Medina PLC,9.0,0.0719,24.44
55,2025-10-01,59,39,54,813.9322033898305,4482137.68,0.661,0.9153,Medina PLC,9.4,0.0544,22.03
55,2025-11-01,58,45,55,909.6896551724138,4923980.37,0.7759,0.9483,Medina PLC,8.3,0.0442,17.86
55,2025-12-01,68,50,62,853.6029411764706,5404401.58,0.7353,0.9118,Medina PLC,9.2,0.0467,15.7
55,2026-01-01,8,6,8,1029.0,771681.64,0.75,1.0,Medina PLC,9.2,0.0395,21.05
56,2023-01-01,218,174,210,568.1009174311927,8681139.59,0.7982,0.9633,Mahoney Inc,8.7,0.0209,14.57
56,2023-02-01,163,129,158,560.5398773006135,5288882.13,0.7914,0.9693,Mahoney Inc,8.4,0.0196,11.65
56,2023-03-01,193,142,183,617.3212435233161,6662351.31,0.7358,0.9482,Mahoney Inc,8.9,0.0255,14.07
56,2023-04-01,196,146,183,628.4132653061224,7683683.42,0.7449,0.9337,Mahoney Inc,9.2,0.0254,12.69
56,2023-05-01,196,144,185,630.5255102040817,8471858.61,0.7347,0.9439,Mahoney Inc,8.9,0.0194,18.52
56,2023-06-01,194,151,183,644.1752577319587,8682583.4,0.7784,0.9433,Mahoney Inc,8.9,0.0188,12.1
56,2023-07-01,195,151,187,626.3179487179488,8350577.69,0.7744,0.959,Mahoney Inc,8.7,0.0251,10.72
56,2023-08-01,200,153,190,620.035,8130015.72,0.765,0.95,Mahoney Inc,8.8,0.0273,7.96
56,2023-09-01,196,146,188,642.2397959183673,7528117.79,0.7449,0.9592,Mahoney Inc,8.6,0.0211,13.85
56,2023-10-01,256,181,222,704.80078125,11418366.97,0.707,0.8672,Mahoney Inc,9.3,0.0245,16.51
56,2023-11-01,252,178,214,715.6309523809524,11219940.71,0.7063,0.8492,Mahoney Inc,9.4,0.0207,8.08
56,2023-12-01,276,181,228,711.0036231884058,12721706.28,0.6558,0.8261,Mahoney Inc,9.6,0.0194,13.13
56,2024-01-01,174,147,173,589.3333333333334,6504053.78,0.8448,0.9943,Mahoney Inc,8.4,0.02,8.38
56,2024-02-01,170,133,164,569.8352941176471,6555700.5,0.7824,0.9647,Mahoney Inc,8.8,0.0229,14.79
56,2024-03-01,201,164,192,614.9203980099503,8250946.79,0.8159,0.9552,Mahoney Inc,8.6,0.0281,13.18
56,2024-04-01,202,151,182,642.940594059406,7883490.0,0.7475,0.901,Mahoney Inc,9.0,0.0225,7.63
56,2024-05-01,209,150,192,641.8181818181819,7769214.81,0.7177,0.9187,Mahoney Inc,9.1,0.0292,13.45
56,2024-06-01,185,141,180,603.7783783783784,7369391.58,0.7622,0.973,Mahoney Inc,8.6,0.0299,14.37
56,2024-07-01,205,149,187,594.7219512195122,7189526.7700000005,0.7268,0.9122,Mahoney Inc,9.2,0.0294,15.92
56,2024-08-01,179,145,176,603.1675977653631,6912492.42,0.8101,0.9832,Mahoney Inc,8.7,0.0167,18.31
56,2024-09-01,182,142,173,614.0989010989011,7085181.98,0.7802,0.9505,Mahoney Inc,8.7,0.0196,9.92
56,2024-10-01,260,189,225,712.4769230769231,12947540.44,0.7269,0.8654,Mahoney Inc,9.5,0.0188,9.27
56,2024-11-01,248,179,220,680.891129032258,11588334.34,0.7218,0.8871,Mahoney Inc,9.2,0.0165,10.77
56,2024-12-01,258,183,222,717.922480620155,10192201.77,0.7093,0.8605,Mahoney Inc,9.3,0.0168,6.12
56,2025-01-01,188,143,179,594.0106382978723,7078965.01,0.7606,0.9521,Mahoney Inc,8.6,0.0248,16.91
56,2025-02-01,161,135,158,560.4596273291926,5443571.71,0.8385,0.9814,Mahoney Inc,8.4,0.0186,15.66
56,2025-03-01,205,157,194,601.2634146341463,8652588.98,0.7659,0.9463,Mahoney Inc,8.9,0.0204,10.8
56,2025-04-01,199,143,179,646.4623115577889,10404481.23,0.7186,0.8995,Mahoney Inc,9.1,0.0154,9.78
56,2025-05-01,194,162,188,613.0,7319558.3,0.8351,0.9691,Mahoney Inc,8.5,0.0276,11.05
56,2025-06-01,206,151,195,647.1990291262136,9461182.23,0.733,0.9466,Mahoney Inc,9.0,0.0275,7.9
56,2025-07-01,200,161,194,637.155,7488496.92,0.805,0.97,Mahoney Inc,8.6,0.0292,11.08
56,2025-08-01,207,140,192,650.7101449275362,8620104.82,0.6763,0.9275,Mahoney Inc,9.2,0.0281,9.37
56,2025-09-01,196,152,187,632.25,7779260.58,0.7755,0.9541,Mahoney Inc,8.8,0.0202,17.76
56,2025-10-01,256,188,221,700.3359375,12031736.3,0.7344,0.8633,Mahoney Inc,9.3,0.0267,17.16
56,2025-11-01,242,176,207,709.0702479338843,10467282.85,0.7273,0.8554,Mahoney Inc,9.3,0.0234,5.34
56,2025-12-01,252,181,216,734.4920634920635,12435081.73,0.7183,0.8571,Mahoney Inc,9.5,0.0272,8.38
56,2026-01-01,44,25,35,635.4545454545455,2126551.22,0.5682,0.7955,Mahoney Inc,9.7,0.0181,8.74
57,2023-01-01,72,55,69,532.7361111111111,2049560.83,0.7639,0.9583,Wood and Sons,10.7,0.0293,5.83
57,2023-02-01,50,40,47,493.54,1307703.04,0.8,0.94,Wood and Sons,10.9,0.031,13.34
57,2023-03-01,62,47,59,546.9677419354839,1768237.0,0.7581,0.9516,Wood and Sons,10.5,0.0319,9.56
57,2023-04-01,54,45,52,535.9074074074074,1499405.24,0.8333,0.963,Wood and Sons,10.3,0.0414,6.19
57,2023-05-01,63,48,60,538.952380952381,1730761.28,0.7619,0.9524,Wood and Sons,10.4,0.0373,13.25
57,2023-06-01,60,48,59,582.0,1803264.09,0.8,0.9833,Wood and Sons,10.8,0.0402,5.73
57,2023-07-01,60,46,57,635.9666666666667,1958777.22,0.7667,0.95,Wood and Sons,10.6,0.0304,7.59
57,2023-08-01,60,48,59,550.6666666666666,1714998.89,0.8,0.9833,Wood and Sons,10.4,0.0401,7.17
57,2023-09-01,60,46,57,537.0333333333333,1674202.18,0.7667,0.95,Wood and Sons,10.7,0.0266,15.42
57,2023-10-01,69,53,62,676.2608695652174,2265259.2,0.7681,0.8986,Wood and Sons,10.7,0.0358,8.57
57,2023-11-01,66,52,60,672.7121212121212,2247838.4,0.7879,0.9091,Wood and Sons,11.1,0.0428,11.05
57,2023-12-01,68,48,58,701.0,2328445.24,0.7059,0.8529,Wood and Sons,11.4,0.0361,3.76
57,2024-01-01,59,47,57,537.8983050847457,1663952.14,0.7966,0.9661,Wood and Sons,10.6,0.0326,5.88
57,2024-02-01,54,44,51,526.1851851851852,1537904.56,0.8148,0.9444,Wood and Sons,10.3,0.0243,8.02
57,2024-03-01,62,53,60,490.0,1580695.86,0.8548,0.9677,Wood and Sons,10.3,0.0361,9.51
57,2024-04-01,59,47,57,514.7627118644068,1557424.39,0.7966,0.9661,Wood and Sons,10.5,0.0233,7.66
57,2024-05-01,56,42,52,625.8035714285714,1876299.42,0.75,0.9286,Wood and Sons,10.7,0.0321,10.51
57,2024-06-01,63,49,60,575.5555555555555,1914535.44,0.7778,0.9524,Wood and Sons,10.6,0.0428,12.34
57,2024-07-01,58,45,55,599.948275862069,1836596.45,0.7759,0.9483,Wood and Sons,10.5,0.033,10.09
57,2024-08-01,59,53,59,525.7627118644068,1622515.37,0.8983,1.0,Wood and Sons,9.8,0.0319,13.94
57,2024-09-01,56,42,53,589.0892857142857,1690390.63,0.75,0.9464,Wood and Sons,10.6,0.0401,5.0
57,2024-10-01,64,55,64,629.515625,2038430.43,0.8594,1.0,Wood and Sons,10.2,0.0226,13.08
57,2024-11-01,66,46,60,655.7575757575758,2092496.62,0.697,0.9091,Wood and Sons,10.5,0.0367,8.67
57,2024-12-01,71,58,66,669.0704225352113,2326584.38,0.8169,0.9296,Wood and Sons,10.5,0.0313,8.26
57,2025-01-01,63,43,58,538.8730158730159,1762521.65,0.6825,0.9206,Wood and Sons,11.1,0.0427,9.4
57,2025-02-01,53,40,52,548.6981132075472,1562318.59,0.7547,0.9811,Wood and Sons,10.5,0.0437,9.42
57,2025-03-01,59,47,57,575.9491525423729,1780383.87,0.7966,0.9661,Wood and Sons,10.3,0.0234,2.85
57,2025-04-01,62,45,55,614.5806451612904,2009096.41,0.7258,0.8871,Wood and Sons,10.8,0.0342,10.29
57,2025-05-01,63,51,61,574.1269841269841,1856876.75,0.8095,0.9683,Wood and Sons,10.5,0.0291,11.01
57,2025-06-01,54,47,54,571.3518518518518,1636968.39,0.8704,1.0,Wood and Sons,10.1,0.0433,3.34
57,2025-07-01,66,54,63,637.3787878787879,2240762.92,0.8182,0.9545,Wood and Sons,10.6,0.034,7.75
57,2025-08-01,59,47,55,589.5932203389831,1766732.18,0.7966,0.9322,Wood and Sons,10.6,0.0259,16.89
57,2025-09-01,54,43,50,628.2407407407408,1809671.26,0.7963,0.9259,Wood and Sons,10.6,0.028,13.92
57,2025-10-01,67,61,66,677.044776119403,2285661.2,0.9104,0.9851,Wood and Sons,10.4,0.0261,4.9
57,2025-11-01,70,50,64,696.4,2422712.51,0.7143,0.9143,Wood and Sons,11.0,0.0328,15.49
57,2025-12-01,63,45,59,627.952380952381,1953213.01,0.7143,0.9365,Wood and Sons,10.6,0.0368,10.5
57,2026-01-01,14,11,12,666.1428571428571,446334.35,0.7857,0.8571,Wood and Sons,10.2,0.0225,6.04
58,2023-01-01,25,19,21,840.0,608867.58,0.76,0.84,"Warner, Carr and Archer",5.8,0.0099,3.66
58,2023-02-01,18,15,18,865.0,454061.64,0.8333,1.0,"Warner, Carr and Archer",5.2,0.0087,5.07
58,2023-03-01,22,20,21,728.6363636363636,467714.02,0.9091,0.9545,"Warner, Carr and Archer",4.9,0.0089,5.23
58,2023-04-01,24,21,23,812.2916666666666,570410.88,0.875,0.9583,"Warner, Carr and Archer",4.8,0.0105,4.91
58,2023-05-01,22,20,22,830.5909090909091,531913.15,0.9091,1.0,"Warner, Carr and Archer",4.6,0.0082,6.04
58,2023-06-01,18,18,18,676.8333333333334,354270.44,1.0,1.0,"Warner, Carr and Archer",4.4,0.0085,5.37
58,2023-07-01,23,20,23,838.4782608695652,564787.89,0.8696,1.0,"Warner, Carr and Archer",4.7,0.0067,3.58
58,2023-08-01,23,21,22,964.0434782608696,649168.1799999999,0.913,0.9565,"Warner, Carr and Archer",4.8,0.0093,1.22
58,2023-09-01,20,16,17,854.45,496747.97,0.8,0.85,"Warner, Carr and Archer",5.6,0.0065,4.18
58,2023-10-01,17,16,17,843.6470588235294,416764.57,0.9412,1.0,"Warner, Carr and Archer",4.6,0.012,3.43
58,2023-11-01,23,19,21,920.608695652174,621484.32,0.8261,0.913,"Warner, Carr and Archer",5.3,0.0112,3.7
58,2023-12-01,22,17,21,803.0,517473.48,0.7727,0.9545,"Warner, Carr and Archer",5.0,0.0111,6.42
58,2024-01-01,21,20,21,794.5238095238095,485993.63,0.9524,1.0,"Warner, Carr and Archer",4.3,0.0124,4.54
58,2024-02-01,20,18,20,786.85,460538.63,0.9,1.0,"Warner, Carr and Archer",4.4,0.0075,4.41
58,2024-03-01,24,21,23,854.5,599312.54,0.875,0.9583,"Warner, Carr and Archer",4.8,0.007,6.1
58,2024-04-01,23,17,19,782.695652173913,524569.01,0.7391,0.8261,"Warner, Carr and Archer",6.2,0.0111,2.97
58,2024-05-01,20,16,17,784.2,456067.73,0.8,0.85,"Warner, Carr and Archer",6.0,0.0075,4.52
58,2024-06-01,24,20,23,803.8333333333334,564599.1799999999,0.8333,0.9583,"Warner, Carr and Archer",4.9,0.0109,4.92
58,2024-07-01,22,20,22,794.9090909090909,510574.04,0.9091,1.0,"Warner, Carr and Archer",5.0,0.0096,4.36
58,2024-08-01,29,24,28,810.1034482758621,681307.6799999999,0.8276,0.9655,"Warner, Carr and Archer",4.9,0.0114,4.25
58,2024-09-01,23,19,20,879.9130434782609,588410.01,0.8261,0.8696,"Warner, Carr and Archer",5.3,0.0125,5.78
58,2024-10-01,22,18,21,851.3181818181819,546566.99,0.8182,0.9545,"Warner, Carr and Archer",5.1,0.0105,4.6
58,2024-11-01,19,17,19,752.3684210526316,417514.74,0.8947,1.0,"Warner, Carr and Archer",4.6,0.0086,4.91
58,2024-12-01,21,19,19,839.4761904761905,518797.52,0.9048,0.9048,"Warner, Carr and Archer",5.4,0.008,3.08
58,2025-01-01,17,14,16,841.9411764705883,421257.43,0.8235,0.9412,"Warner, Carr and Archer",4.7,0.0081,2.47
58,2025-02-01,22,18,20,765.8181818181819,492554.8,0.8182,0.9091,"Warner, Carr and Archer",5.4,0.0125,1.88
58,2025-03-01,21,19,20,757.952380952381,463245.3,0.9048,0.9524,"Warner, Carr and Archer",5.0,0.0064,4.57
58,2025-04-01,19,18,19,851.7894736842105,475175.08,0.9474,1.0,"Warner, Carr and Archer",4.8,0.0127,7.2
58,2025-05-01,23,16,16,745.3478260869565,502692.37,0.6957,0.6957,"Warner, Carr and Archer",6.3,0.0126,3.69
58,2025-06-01,22,21,22,811.9545454545455,521033.34,0.9545,1.0,"Warner, Carr and Archer",4.3,0.0117,1.97
58,2025-07-01,20,17,20,833.2,484034.76,0.85,1.0,"Warner, Carr and Archer",4.8,0.0065,4.32
58,2025-08-01,23,20,22,828.5652173913044,554845.16,0.8696,0.9565,"Warner, Carr and Archer",5.1,0.0082,5.93
58,2025-09-01,22,20,21,876.2272727272727,565999.8200000001,0.9091,0.9545,"Warner, Carr and Archer",4.9,0.0078,4.56
58,2025-10-01,26,22,24,784.0,599361.56,0.8462,0.9231,"Warner, Carr and Archer",5.0,0.0079,4.6
58,2025-11-01,23,17,19,839.5217391304348,563106.61,0.7391,0.8261,"Warner, Carr and Archer",5.7,0.0117,3.05
58,2025-12-01,24,21,23,824.2083333333334,584868.51,0.875,0.9583,"Warner, Carr and Archer",4.7,0.0103,2.77
58,2026-01-01,2,2,2,595.0,34091.91,1.0,1.0,"Warner, Carr and Archer",4.0,0.0102,3.7
59,2023-01-01,76,60,67,834.6842105263158,7216265.11,0.7895,0.8816,"Smith, Montoya and Evans",6.1,0.0165,8.14
59,2023-02-01,55,47,52,889.1818181818181,5589388.76,0.8545,0.9455,"Smith, Montoya and Evans",5.6,0.0106,9.48
59,2023-03-01,77,57,62,878.7922077922078,7720492.45,0.7403,0.8052,"Smith, Montoya and Evans",6.6,0.0199,6.67
59,2023-04-01,70,62,69,843.7428571428571,6719782.81,0.8857,0.9857,"Smith, Montoya and Evans",5.5,0.0185,7.32
59,2023-05-01,68,60,66,899.3088235294117,6972913.15,0.8824,0.9706,"Smith, Montoya and Evans",5.7,0.0183,6.62
59,2023-06-01,68,63,66,880.8529411764706,6824716.83,0.9265,0.9706,"Smith, Montoya and Evans",5.1,0.0151,9.96
59,2023-07-01,66,56,58,876.4090909090909,6603292.22,0.8485,0.8788,"Smith, Montoya and Evans",6.0,0.0177,6.87
59,2023-08-01,63,56,59,876.2063492063492,6283240.2,0.8889,0.9365,"Smith, Montoya and Evans",5.7,0.0125,11.35
59,2023-09-01,95,68,76,854.5368421052632,9266528.86,0.7158,0.8,"Smith, Montoya and Evans",6.6,0.0154,9.08
59,2023-10-01,114,84,98,883.0175438596491,11483123.45,0.7368,0.8596,"Smith, Montoya and Evans",6.3,0.0193,10.7
59,2023-11-01,111,86,90,896.9549549549549,11375404.63,0.7748,0.8108,"Smith, Montoya and Evans",6.1,0.0151,5.45
59,2023-12-01,109,80,89,855.6146788990826,10677584.53,0.7339,0.8165,"Smith, Montoya and Evans",6.7,0.0182,8.78
59,2024-01-01,63,45,56,807.6349206349206,5805831.53,0.7143,0.8889,"Smith, Montoya and Evans",6.3,0.0107,9.2
59,2024-02-01,54,46,51,821.7407407407408,5059824.23,0.8519,0.9444,"Smith, Montoya and Evans",5.6,0.0143,7.81
59,2024-03-01,74,65,69,849.4594594594595,7145745.2,0.8784,0.9324,"Smith, Montoya and Evans",5.3,0.0195,7.61
59,2024-04-01,69,59,62,872.2463768115942,6861033.36,0.8551,0.8986,"Smith, Montoya and Evans",5.7,0.013,7.81
59,2024-05-01,75,66,72,913.1466666666666,7823577.11,0.88,0.96,"Smith, Montoya and Evans",5.5,0.0112,8.53
59,2024-06-01,80,65,72,856.1625,7824541.86,0.8125,0.9,"Smith, Montoya and Evans",5.9,0.0114,6.45
59,2024-07-01,69,60,67,834.927536231884,6550138.48,0.8696,0.971,"Smith, Montoya and Evans",5.3,0.0141,9.27
59,2024-08-01,69,50,65,888.8695652173913,7006830.62,0.7246,0.942,"Smith, Montoya and Evans",5.8,0.0128,5.37
59,2024-09-01,71,61,65,869.9014084507043,7028028.89,0.8592,0.9155,"Smith, Montoya and Evans",5.6,0.0194,5.51
59,2024-10-01,126,80,89,894.2460317460317,12837209.47,0.6349,0.7063,"Smith, Montoya and Evans",7.2,0.0189,7.05
59,2024-11-01,110,80,86,843.790909090909,10567570.48,0.7273,0.7818,"Smith, Montoya and Evans",6.7,0.0173,6.27
59,2024-12-01,103,79,86,871.8543689320388,10228031.83,0.767,0.835,"Smith, Montoya and Evans",6.5,0.0136,8.91
59,2025-01-01,60,52,57,898.6833333333333,6165326.59,0.8667,0.95,"Smith, Montoya and Evans",5.7,0.0108,6.46
59,2025-02-01,57,49,56,833.7368421052631,5430673.01,0.8596,0.9825,"Smith, Montoya and Evans",5.5,0.0197,9.75
59,2025-03-01,64,54,59,885.359375,6464213.2,0.8438,0.9219,"Smith, Montoya and Evans",5.5,0.0178,11.68
59,2025-04-01,64,50,59,876.609375,6426057.0,0.7812,0.9219,"Smith, Montoya and Evans",5.8,0.0157,5.27
59,2025-05-01,69,55,61,859.2173913043479,6764977.86,0.7971,0.8841,"Smith, Montoya and Evans",6.2,0.0198,6.37
59,2025-06-01,72,60,65,862.0416666666666,7083878.19,0.8333,0.9028,"Smith, Montoya and Evans",5.8,0.0169,7.15
59,2025-07-01,60,51,57,886.8,6069139.11,0.85,0.95,"Smith, Montoya and Evans",5.6,0.0115,8.61
59,2025-08-01,79,64,70,910.5696202531644,8169840.09,0.8101,0.8861,"Smith, Montoya and Evans",5.6,0.0149,10.65
59,2025-09-01,68,58,64,865.7941176470588,6713656.19,0.8529,0.9412,"Smith, Montoya and Evans",5.8,0.0174,5.61
59,2025-10-01,105,78,85,865.3428571428572,10351588.12,0.7429,0.8095,"Smith, Montoya and Evans",6.6,0.0119,7.7
59,2025-11-01,103,83,91,915.5339805825242,10752917.72,0.8058,0.8835,"Smith, Montoya and Evans",5.8,0.0178,8.02
59,2025-12-01,114,88,95,867.4561403508771,11257057.85,0.7719,0.8333,"Smith, Montoya and Evans",6.5,0.0194,12.14
59,2026-01-01,12,12,12,1028.1666666666667,1409149.29,1.0,1.0,"Smith, Montoya and Evans",4.8,0.014,10.57
60,2023-01-01,32,30,30,526.40625,744726.99,0.9375,0.9375,Mcmillan and Sons,6.7,0.0168,1.14
60,2023-02-01,25,22,25,519.92,574463.73,0.88,1.0,Mcmillan and Sons,6.3,0.0143,8.27
60,2023-03-01,28,22,28,550.8571428571429,685198.83,0.7857,1.0,Mcmillan and Sons,6.9,0.0105,7.91
60,2023-04-01,26,24,26,637.3846153846154,730544.45,0.9231,1.0,Mcmillan and Sons,6.3,0.0167,6.57
60,2023-05-01,32,29,31,653.0625,925473.79,0.9062,0.9688,Mcmillan and Sons,6.3,0.0141,4.17
60,2023-06-01,26,21,25,766.4230769230769,878629.5700000001,0.8077,0.9615,Mcmillan and Sons,6.9,0.0161,11.71
60,2023-07-01,29,23,25,699.6896551724138,898887.27,0.7931,0.8621,Mcmillan and Sons,7.0,0.0138,5.55
60,2023-08-01,30,26,29,702.2,930476.29,0.8667,0.9667,Mcmillan and Sons,6.8,0.0156,11.66
60,2023-09-01,25,20,24,698.64,775604.98,0.8,0.96,Mcmillan and Sons,7.1,0.0177,10.15
60,2023-10-01,40,26,29,818.45,1441693.55,0.65,0.725,Mcmillan and Sons,7.7,0.0141,10.79
60,2023-11-01,38,31,34,792.4473684210526,1334301.25,0.8158,0.8947,Mcmillan and Sons,7.3,0.0171,6.34
60,2023-12-01,32,28,30,816.375,1148599.03,0.875,0.9375,Mcmillan and Sons,6.8,0.0158,8.86
60,2024-01-01,28,24,26,582.1785714285714,724136.45,0.8571,0.9286,Mcmillan and Sons,6.8,0.0123,6.64
60,2024-02-01,28,24,25,628.1785714285714,777936.16,0.8571,0.8929,Mcmillan and Sons,7.0,0.0123,7.75
60,2024-03-01,26,21,25,574.2692307692307,662943.65,0.8077,0.9615,Mcmillan and Sons,6.9,0.0122,13.15
60,2024-04-01,30,22,27,703.2666666666667,935403.13,0.7333,0.9,Mcmillan and Sons,7.1,0.01,10.04
60,2024-05-01,34,23,25,697.7647058823529,1046721.94,0.6765,0.7353,Mcmillan and Sons,8.3,0.0094,10.15
60,2024-06-01,28,22,25,690.8928571428571,851993.6900000001,0.7857,0.8929,Mcmillan and Sons,6.7,0.0115,6.77
60,2024-07-01,32,28,29,600.625,844694.01,0.875,0.9062,Mcmillan and Sons,7.1,0.0142,9.83
60,2024-08-01,33,25,30,714.6969696969697,1043624.66,0.7576,0.9091,Mcmillan and Sons,7.0,0.0089,10.22
60,2024-09-01,27,23,26,672.9629629629629,803114.99,0.8519,0.963,Mcmillan and Sons,7.0,0.0089,3.78
60,2024-10-01,33,26,30,805.9090909090909,1173593.32,0.7879,0.9091,Mcmillan and Sons,7.0,0.009,8.25
60,2024-11-01,37,29,33,790.0,1294744.64,0.7838,0.8919,Mcmillan and Sons,7.2,0.0098,11.61
60,2024-12-01,37,28,35,825.2162162162163,1349299.13,0.7568,0.9459,Mcmillan and Sons,7.0,0.0156,10.35
60,2025-01-01,29,26,29,633.3448275862069,816393.24,0.8966,1.0,Mcmillan and Sons,6.0,0.0172,9.5
60,2025-02-01,26,22,25,573.5769230769231,661757.77,0.8462,0.9615,Mcmillan and Sons,6.8,0.0124,6.45
60,2025-03-01,29,23,25,701.4137931034483,902520.68,0.7931,0.8621,Mcmillan and Sons,7.1,0.0161,7.91
60,2025-04-01,28,25,28,663.6071428571429,823830.0599999999,0.8929,1.0,Mcmillan and Sons,6.1,0.0095,12.38
60,2025-05-01,29,22,28,641.3103448275862,820063.9,0.7586,0.9655,Mcmillan and Sons,6.7,0.0091,10.88
60,2025-06-01,28,20,28,596.25,737087.46,0.7143,1.0,Mcmillan and Sons,6.7,0.0133,11.02
60,2025-07-01,27,27,27,628.8148148148148,752697.24,1.0,1.0,Mcmillan and Sons,6.0,0.0113,6.72
60,2025-08-01,27,22,25,640.7777777777778,771679.83,0.8148,0.9259,Mcmillan and Sons,7.0,0.0135,12.22
60,2025-09-01,30,29,29,669.5,892604.67,0.9667,0.9667,Mcmillan and Sons,5.9,0.0149,8.71
60,2025-10-01,37,22,26,784.1621621621622,1282903.73,0.5946,0.7027,Mcmillan and Sons,8.7,0.0142,11.67
60,2025-11-01,37,27,31,844.3783783783783,1385273.33,0.7297,0.8378,Mcmillan and Sons,7.3,0.0139,10.56
60,2025-12-01,40,26,33,838.35,1479777.86,0.65,0.825,Mcmillan and Sons,8.2,0.0094,6.87
60,2026-01-01,5,4,4,1025.2,229428.83,0.8,0.8,Mcmillan and Sons,7.6,0.0162,11.97
