entity_type,sku,category,warehouse,week,stockout_probability,risk_band,evidence
SKU-Warehouse,SKU-00001,Packaged Foods,North Judithbury Distribution Center,2025-12-22,0.305,Medium,Inventory coverage declined from 16.2 to 14.2 days of supply.; Late deliveries for this product-warehouse rose from 5 to 7 orders over the last 4 weeks.
SKU-Warehouse,SKU-00001,Packaged Foods,East Jill Distribution Center,2025-12-22,0.425,Medium,Late deliveries for this product-warehouse rose from 6 to 8 orders over the last 4 weeks.; Stockout-flagged orders increased from 0 to 3 in the same comparison window.
SKU-Warehouse,SKU-00001,Packaged Foods,New Roberttown Distribution Center,2025-12-22,0.584,High,"Demand decreased 16% (1040 -> 876 units/week, trailing 4wk vs prior 4wk).; Late deliveries for this product-warehouse rose from 1 to 4 orders over the last 4 weeks."
SKU-Warehouse,SKU-00001,Packaged Foods,North Noahstad Distribution Center,2025-12-22,0.424,Medium,Inventory coverage improved from 1.8 to 7.1 days of supply.; Late deliveries for this product-warehouse rose from 3 to 5 orders over the last 4 weeks.; Stockout-flagged orders increased from 0 to 1 in the same comparison window.
SKU-Warehouse,SKU-00001,Packaged Foods,Cassandraton Distribution Center,2025-12-22,0.62,High,"Demand decreased 21% (2485 -> 1959 units/week, trailing 4wk vs prior 4wk)."
SKU-Warehouse,SKU-00001,Packaged Foods,Herrerafurt Distribution Center,2025-12-22,0.475,Medium,"Demand decreased 18% (1727 -> 1419 units/week, trailing 4wk vs prior 4wk).; Stockout-flagged orders increased from 0 to 1 in the same comparison window."
SKU-Warehouse,SKU-00001,Packaged Foods,New Kellystad Distribution Center,2025-12-22,0.511,High,"Demand decreased 13% (665 -> 578 units/week, trailing 4wk vs prior 4wk).; Late deliveries for this product-warehouse rose from 1 to 2 orders over the last 4 weeks."
SKU-Warehouse,SKU-00001,Packaged Foods,Lake Chad Distribution Center,2025-12-22,0.52,High,"Demand decreased 19% (2368 -> 1913 units/week, trailing 4wk vs prior 4wk).; Inventory coverage declined from 18.4 to 15.0 days of supply."
SKU-Warehouse,SKU-00001,Packaged Foods,New Jessica Distribution Center,2025-12-22,0.364,Medium,"Demand increased 23% (1854 -> 2281 units/week, trailing 4wk vs prior 4wk).; Inventory coverage declined from 17.3 to 6.5 days of supply.; Late deliveries for this product-warehouse rose from 2 to 5 orders over the last 4 weeks.; Stockout-flagged orders increased from 0 to 2 in the same comparison window."
SKU-Warehouse,SKU-00001,Packaged Foods,South Noah Distribution Center,2025-12-22,0.162,Low,"Demand decreased 24% (2032 -> 1542 units/week, trailing 4wk vs prior 4wk).; Inventory coverage improved from 7.7 to 10.8 days of supply."
SKU-Warehouse,SKU-00002,Personal Care,Robinsonshire Distribution Center,2025-12-22,0.612,High,"Demand increased 147% (1180 -> 2918 units/week, trailing 4wk vs prior 4wk).; Inventory coverage declined from 5.4 to 4.1 days of supply.; Late deliveries for this product-warehouse rose from 1 to 9 orders over the last 4 weeks.; Stockout-flagged orders increased from 0 to 2 in the same comparison window."
SKU-Warehouse,SKU-00002,Personal Care,Lisatown Distribution Center,2025-12-22,0.367,Medium,"Demand decreased 40% (2062 -> 1232 units/week, trailing 4wk vs prior 4wk).; Inventory coverage declined from 11.2 to 6.9 days of supply."
SKU-Warehouse,SKU-00002,Personal Care,Lake Roberto Distribution Center,2025-12-22,0.739,High,"Demand decreased 18% (1439 -> 1176 units/week, trailing 4wk vs prior 4wk).; Inventory coverage declined from 10.6 to 7.9 days of supply.; Late deliveries for this product-warehouse rose from 2 to 3 orders over the last 4 weeks.; Stockout-flagged orders increased from 0 to 1 in the same comparison window."
SKU-Warehouse,SKU-00002,Personal Care,Ericmouth Distribution Center,2025-12-22,0.637,High,"Demand decreased 31% (2618 -> 1819 units/week, trailing 4wk vs prior 4wk).; Late deliveries for this product-warehouse rose from 3 to 4 orders over the last 4 weeks.; Stockout-flagged orders increased from 1 to 2 in the same comparison window."
SKU-Warehouse,SKU-00002,Personal Care,New Kellystad Distribution Center,2025-12-22,0.464,Medium,"Demand increased 58% (978 -> 1542 units/week, trailing 4wk vs prior 4wk).; Late deliveries for this product-warehouse rose from 3 to 4 orders over the last 4 weeks.; Stockout-flagged orders increased from 0 to 3 in the same comparison window."
SKU-Warehouse,SKU-00002,Personal Care,Lake Chad Distribution Center,2025-12-22,0.269,Medium,"Demand increased 19% (2304 -> 2749 units/week, trailing 4wk vs prior 4wk).; Inventory coverage declined from 4.3 to 1.1 days of supply."
SKU-Warehouse,SKU-00002,Personal Care,Port Jesseville Distribution Center,2025-12-22,0.498,Medium,"Demand decreased 41% (1773 -> 1040 units/week, trailing 4wk vs prior 4wk).; Inventory coverage improved from 1.5 to 3.3 days of supply."
SKU-Warehouse,SKU-00002,Personal Care,West Michael Distribution Center,2025-12-22,0.423,Medium,"Demand increased 92% (1233 -> 2368 units/week, trailing 4wk vs prior 4wk).; Late deliveries for this product-warehouse rose from 2 to 8 orders over the last 4 weeks.; Stockout-flagged orders increased from 0 to 1 in the same comparison window."
SKU-Warehouse,SKU-00002,Personal Care,New Jessica Distribution Center,2025-12-22,0.44,Medium,"Demand decreased 46% (2648 -> 1428 units/week, trailing 4wk vs prior 4wk)."
SKU-Warehouse,SKU-00002,Personal Care,Lake Mark Distribution Center,2025-12-22,0.58,High,"Demand decreased 18% (2022 -> 1650 units/week, trailing 4wk vs prior 4wk)."
SKU-Warehouse,SKU-00003,Office Supplies,North Judithbury Distribution Center,2025-12-22,0.17,Low,"Demand decreased 33% (1142 -> 769 units/week, trailing 4wk vs prior 4wk)."
SKU-Warehouse,SKU-00003,Office Supplies,East Jessetown Distribution Center,2025-12-22,0.149,Low,"Demand increased 22% (748 -> 910 units/week, trailing 4wk vs prior 4wk)."
SKU-Warehouse,SKU-00003,Office Supplies,Lake Debra Distribution Center,2025-12-22,0.116,Low,"Demand increased 46% (360 -> 524 units/week, trailing 4wk vs prior 4wk).; Inventory coverage improved from 0.5 to 3.1 days of supply.; Late deliveries for this product-warehouse rose from 0 to 2 orders over the last 4 weeks."
SKU-Warehouse,SKU-00003,Office Supplies,Robinsonshire Distribution Center,2025-12-22,0.102,Low,"No material week-over-week deviation found in demand, inventory coverage, or delivery reliability for this product-warehouse in the most recent comparison window."
SKU-Warehouse,SKU-00003,Office Supplies,North Noahstad Distribution Center,2025-12-22,0.161,Low,"Demand increased 29% (754 -> 975 units/week, trailing 4wk vs prior 4wk).; Late deliveries for this product-warehouse rose from 0 to 2 orders over the last 4 weeks."
SKU-Warehouse,SKU-00003,Office Supplies,New Kellystad Distribution Center,2025-12-22,0.083,Low,"Demand increased 29% (348 -> 450 units/week, trailing 4wk vs prior 4wk).; Inventory coverage declined from 18.3 to 13.7 days of supply."
SKU-Warehouse,SKU-00003,Office Supplies,Port Keith Distribution Center,2025-12-22,0.197,Low,"Demand decreased 29% (462 -> 328 units/week, trailing 4wk vs prior 4wk).; Inventory coverage improved from 6.3 to 9.2 days of supply."
SKU-Warehouse,SKU-00003,Office Supplies,West Michael Distribution Center,2025-12-22,0.112,Low,"Demand increased 81% (565 -> 1020 units/week, trailing 4wk vs prior 4wk).; Inventory coverage declined from 7.1 to 0.0 days of supply.; Late deliveries for this product-warehouse rose from 0 to 2 orders over the last 4 weeks."
SKU-Warehouse,SKU-00003,Office Supplies,Jacquelineland Distribution Center,2025-12-22,0.329,Medium,"Demand increased 50% (556 -> 834 units/week, trailing 4wk vs prior 4wk).; Inventory coverage declined from 5.8 to 0.0 days of supply.; Late deliveries for this product-warehouse rose from 0 to 1 orders over the last 4 weeks."
SKU-Warehouse,SKU-00003,Office Supplies,South Noah Distribution Center,2025-12-22,0.413,Medium,"Demand increased 65% (626 -> 1030 units/week, trailing 4wk vs prior 4wk)."
SKU-Warehouse,SKU-00004,Home & Kitchen,New Roberttown Distribution Center,2025-12-22,0.209,Low,"Demand decreased 13% (332 -> 290 units/week, trailing 4wk vs prior 4wk)."
SKU-Warehouse,SKU-00004,Home & Kitchen,East Jessetown Distribution Center,2025-12-22,0.323,Medium,Inventory coverage declined from 6.6 to 3.0 days of supply.; Late deliveries for this product-warehouse rose from 0 to 3 orders over the last 4 weeks.
SKU-Warehouse,SKU-00004,Home & Kitchen,Lisatown Distribution Center,2025-12-22,0.162,Low,Inventory coverage improved from 0.9 to 1.5 days of supply.; Late deliveries for this product-warehouse rose from 1 to 3 orders over the last 4 weeks.
SKU-Warehouse,SKU-00004,Home & Kitchen,North Noahstad Distribution Center,2025-12-22,0.213,Low,"No material week-over-week deviation found in demand, inventory coverage, or delivery reliability for this product-warehouse in the most recent comparison window."
SKU-Warehouse,SKU-00004,Home & Kitchen,Jacquelineland Distribution Center,2025-12-22,0.08,Low,"Demand increased 71% (323 -> 554 units/week, trailing 4wk vs prior 4wk).; Inventory coverage declined from 9.6 to 3.5 days of supply."
SKU-Warehouse,SKU-00004,Home & Kitchen,South Noah Distribution Center,2025-12-22,0.115,Low,"Demand decreased 11% (508 -> 450 units/week, trailing 4wk vs prior 4wk)."
SKU-Warehouse,SKU-00004,Home & Kitchen,Lake Mark Distribution Center,2025-12-22,0.134,Low,Late deliveries for this product-warehouse rose from 2 to 3 orders over the last 4 weeks.; Stockout-flagged orders increased from 0 to 1 in the same comparison window.
SKU-Warehouse,SKU-00005,Office Supplies,Lisatown Distribution Center,2025-12-22,0.129,Low,"Demand decreased 28% (1017 -> 730 units/week, trailing 4wk vs prior 4wk).; Late deliveries for this product-warehouse rose from 0 to 1 orders over the last 4 weeks."
SKU-Warehouse,SKU-00005,Office Supplies,Cassandraton Distribution Center,2025-12-22,0.236,Low,"No material week-over-week deviation found in demand, inventory coverage, or delivery reliability for this product-warehouse in the most recent comparison window."
SKU-Warehouse,SKU-00005,Office Supplies,Herrerafurt Distribution Center,2025-12-22,0.127,Low,Inventory coverage improved from 0.6 to 2.6 days of supply.
SKU-Warehouse,SKU-00005,Office Supplies,Lake Chad Distribution Center,2025-12-22,0.165,Low,Inventory coverage declined from 12.5 to 9.4 days of supply.
SKU-Warehouse,SKU-00006,Personal Care,East Jill Distribution Center,2025-12-22,0.37,Medium,"Demand decreased 24% (1728 -> 1307 units/week, trailing 4wk vs prior 4wk)."
SKU-Warehouse,SKU-00006,Personal Care,East Jessetown Distribution Center,2025-12-22,0.358,Medium,"Demand increased 31% (1414 -> 1847 units/week, trailing 4wk vs prior 4wk)."
SKU-Warehouse,SKU-00006,Personal Care,Lisatown Distribution Center,2025-12-22,0.6,High,"Demand decreased 31% (1866 -> 1280 units/week, trailing 4wk vs prior 4wk).; Inventory coverage declined from 3.5 to 2.6 days of supply."
SKU-Warehouse,SKU-00006,Personal Care,Ericmouth Distribution Center,2025-12-22,0.355,Medium,"Demand decreased 39% (1870 -> 1138 units/week, trailing 4wk vs prior 4wk)."
SKU-Warehouse,SKU-00006,Personal Care,Cassandraton Distribution Center,2025-12-22,0.612,High,"Demand increased 66% (1237 -> 2060 units/week, trailing 4wk vs prior 4wk).; Inventory coverage improved from 0.3 to 1.0 days of supply."
SKU-Warehouse,SKU-00006,Personal Care,Lake Chad Distribution Center,2025-12-22,0.467,Medium,"No material week-over-week deviation found in demand, inventory coverage, or delivery reliability for this product-warehouse in the most recent comparison window."
SKU-Warehouse,SKU-00006,Personal Care,Jacquelineland Distribution Center,2025-12-22,0.317,Medium,"Demand decreased 18% (1814 -> 1484 units/week, trailing 4wk vs prior 4wk).; Late deliveries for this product-warehouse rose from 0 to 2 orders over the last 4 weeks."
SKU-Warehouse,SKU-00006,Personal Care,Lake Mark Distribution Center,2025-12-22,0.646,High,"Demand increased 109% (1635 -> 3418 units/week, trailing 4wk vs prior 4wk).; Inventory coverage improved from 0.1 to 1.4 days of supply.; Late deliveries for this product-warehouse rose from 1 to 7 orders over the last 4 weeks.; Stockout-flagged orders increased from 1 to 3 in the same comparison window."
SKU-Warehouse,SKU-00007,Automotive Parts,New Roberttown Distribution Center,2025-12-22,0.082,Low,"Demand decreased 33% (122 -> 82 units/week, trailing 4wk vs prior 4wk).; Late deliveries for this product-warehouse rose from 0 to 1 orders over the last 4 weeks."
SKU-Warehouse,SKU-00007,Automotive Parts,Lake Debra Distribution Center,2025-12-22,0.111,Low,"No material week-over-week deviation found in demand, inventory coverage, or delivery reliability for this product-warehouse in the most recent comparison window."
SKU-Warehouse,SKU-00007,Automotive Parts,Robinsonshire Distribution Center,2025-12-22,0.073,Low,Inventory coverage improved from 2.0 to 7.5 days of supply.; Late deliveries for this product-warehouse rose from 0 to 1 orders over the last 4 weeks.
SKU-Warehouse,SKU-00007,Automotive Parts,Ramirezstad Distribution Center,2025-12-22,0.148,Low,"Demand increased 15% (168 -> 193 units/week, trailing 4wk vs prior 4wk).; Inventory coverage improved from 12.5 to 14.0 days of supply."
SKU-Warehouse,SKU-00007,Automotive Parts,Lake Mark Distribution Center,2025-12-22,0.121,Low,"Demand decreased 18% (207 -> 169 units/week, trailing 4wk vs prior 4wk).; Inventory coverage improved from 7.7 to 12.4 days of supply."
SKU-Warehouse,SKU-00008,Electronics,Lake Roberto Distribution Center,2025-12-22,0.07,Low,"Demand increased 61% (964 -> 1550 units/week, trailing 4wk vs prior 4wk).; Late deliveries for this product-warehouse rose from 1 to 3 orders over the last 4 weeks."
SKU-Warehouse,SKU-00008,Electronics,Ericmouth Distribution Center,2025-12-22,0.492,Medium,Late deliveries for this product-warehouse rose from 2 to 3 orders over the last 4 weeks.
SKU-Warehouse,SKU-00008,Electronics,New Kellystad Distribution Center,2025-12-22,0.089,Low,"Demand decreased 30% (635 -> 446 units/week, trailing 4wk vs prior 4wk).; Late deliveries for this product-warehouse rose from 1 to 2 orders over the last 4 weeks."
SKU-Warehouse,SKU-00008,Electronics,Jacquelineland Distribution Center,2025-12-22,0.431,Medium,"Demand increased 13% (1353 -> 1526 units/week, trailing 4wk vs prior 4wk).; Inventory coverage improved from 7.2 to 8.2 days of supply.; Late deliveries for this product-warehouse rose from 4 to 5 orders over the last 4 weeks."
SKU-Warehouse,SKU-00008,Electronics,New Jessica Distribution Center,2025-12-22,0.349,Medium,"No material week-over-week deviation found in demand, inventory coverage, or delivery reliability for this product-warehouse in the most recent comparison window."
SKU-Warehouse,SKU-00009,Electronics,North Judithbury Distribution Center,2025-12-22,0.356,Medium,"Demand decreased 96% (11931 -> 512 units/week, trailing 4wk vs prior 4wk)."
SKU-Warehouse,SKU-00009,Electronics,East Jill Distribution Center,2025-12-22,0.149,Low,"Demand increased 86% (456 -> 850 units/week, trailing 4wk vs prior 4wk)."
SKU-Warehouse,SKU-00009,Electronics,Lake Debra Distribution Center,2025-12-22,0.107,Low,"Demand increased 55% (213 -> 329 units/week, trailing 4wk vs prior 4wk).; Inventory coverage improved from 1.9 to 6.7 days of supply."
SKU-Warehouse,SKU-00009,Electronics,Lisatown Distribution Center,2025-12-22,0.085,Low,"Demand decreased 11% (552 -> 493 units/week, trailing 4wk vs prior 4wk)."
SKU-Warehouse,SKU-00009,Electronics,Ericmouth Distribution Center,2025-12-22,0.211,Low,"Demand decreased 40% (490 -> 292 units/week, trailing 4wk vs prior 4wk)."
SKU-Warehouse,SKU-00009,Electronics,New Kellystad Distribution Center,2025-12-22,0.058,Low,"Demand decreased 54% (454 -> 210 units/week, trailing 4wk vs prior 4wk)."
SKU-Warehouse,SKU-00009,Electronics,Lake Chad Distribution Center,2025-12-22,0.079,Low,Inventory coverage improved from 5.7 to 9.7 days of supply.; Late deliveries for this product-warehouse rose from 0 to 1 orders over the last 4 weeks.
SKU-Warehouse,SKU-00009,Electronics,Port Keith Distribution Center,2025-12-22,0.131,Low,"Demand increased 41% (285 -> 401 units/week, trailing 4wk vs prior 4wk).; Inventory coverage improved from 4.1 to 4.7 days of supply.; Late deliveries for this product-warehouse rose from 0 to 2 orders over the last 4 weeks.; Stockout-flagged orders increased from 0 to 1 in the same comparison window."
SKU-Warehouse,SKU-00009,Electronics,Port Jesseville Distribution Center,2025-12-22,0.073,Low,"Demand decreased 38% (503 -> 314 units/week, trailing 4wk vs prior 4wk).; Inventory coverage improved from 2.0 to 8.1 days of supply."
SKU-Warehouse,SKU-00009,Electronics,Ramirezstad Distribution Center,2025-12-22,0.23,Low,Inventory coverage declined from 14.2 to 11.6 days of supply.
SKU-Warehouse,SKU-00009,Electronics,West Michael Distribution Center,2025-12-22,0.169,Low,"Demand increased 125% (268 -> 602 units/week, trailing 4wk vs prior 4wk)."
SKU-Warehouse,SKU-00010,Electronics,East Jill Distribution Center,2025-12-22,0.105,Low,"Demand decreased 18% (326 -> 268 units/week, trailing 4wk vs prior 4wk)."
SKU-Warehouse,SKU-00010,Electronics,New Roberttown Distribution Center,2025-12-22,0.139,Low,"No material week-over-week deviation found in demand, inventory coverage, or delivery reliability for this product-warehouse in the most recent comparison window."
SKU-Warehouse,SKU-00010,Electronics,Robinsonshire Distribution Center,2025-12-22,0.115,Low,"Demand decreased 16% (295 -> 248 units/week, trailing 4wk vs prior 4wk).; Inventory coverage declined from 8.1 to 0.0 days of supply."
SKU-Warehouse,SKU-00010,Electronics,Lake Roberto Distribution Center,2025-12-22,0.389,Medium,"Demand decreased 30% (330 -> 231 units/week, trailing 4wk vs prior 4wk).; Inventory coverage declined from 4.7 to 0.0 days of supply."
SKU-Warehouse,SKU-00010,Electronics,Ericmouth Distribution Center,2025-12-22,0.13,Low,"Demand increased 71% (356 -> 607 units/week, trailing 4wk vs prior 4wk).; Inventory coverage declined from 12.7 to 9.5 days of supply.; Late deliveries for this product-warehouse rose from 2 to 3 orders over the last 4 weeks.; Stockout-flagged orders increased from 0 to 2 in the same comparison window."
SKU-Warehouse,SKU-00010,Electronics,North Noahstad Distribution Center,2025-12-22,0.152,Low,Inventory coverage declined from 4.1 to 3.2 days of supply.
SKU-Warehouse,SKU-00010,Electronics,Herrerafurt Distribution Center,2025-12-22,0.282,Medium,"Demand increased 63% (383 -> 624 units/week, trailing 4wk vs prior 4wk).; Inventory coverage declined from 5.9 to 3.0 days of supply.; Late deliveries for this product-warehouse rose from 0 to 1 orders over the last 4 weeks."
SKU-Warehouse,SKU-00010,Electronics,New Kellystad Distribution Center,2025-12-22,0.076,Low,"No material week-over-week deviation found in demand, inventory coverage, or delivery reliability for this product-warehouse in the most recent comparison window."
SKU-Warehouse,SKU-00010,Electronics,West Michael Distribution Center,2025-12-22,0.115,Low,"Demand increased 37% (285 -> 390 units/week, trailing 4wk vs prior 4wk).; Inventory coverage declined from 1.9 to 0.0 days of supply."
SKU-Warehouse,SKU-00011,Home & Kitchen,North Judithbury Distribution Center,2025-12-22,0.229,Low,"Demand decreased 49% (2627 -> 1336 units/week, trailing 4wk vs prior 4wk).; Stockout-flagged orders increased from 0 to 1 in the same comparison window."
SKU-Warehouse,SKU-00011,Home & Kitchen,Ericmouth Distribution Center,2025-12-22,0.463,Medium,"No material week-over-week deviation found in demand, inventory coverage, or delivery reliability for this product-warehouse in the most recent comparison window."
SKU-Warehouse,SKU-00011,Home & Kitchen,Herrerafurt Distribution Center,2025-12-22,0.698,High,"Demand increased 26% (1830 -> 2306 units/week, trailing 4wk vs prior 4wk).; Inventory coverage declined from 2.3 to 1.7 days of supply."
SKU-Warehouse,SKU-00011,Home & Kitchen,New Kellystad Distribution Center,2025-12-22,0.253,Medium,"Demand increased 37% (796 -> 1095 units/week, trailing 4wk vs prior 4wk)."
SKU-Warehouse,SKU-00011,Home & Kitchen,Lake Chad Distribution Center,2025-12-22,0.603,High,"Demand increased 22% (2070 -> 2530 units/week, trailing 4wk vs prior 4wk)."
SKU-Warehouse,SKU-00011,Home & Kitchen,Jacquelineland Distribution Center,2025-12-22,0.61,High,"Demand decreased 28% (1472 -> 1058 units/week, trailing 4wk vs prior 4wk).; Inventory coverage declined from 7.7 to 3.5 days of supply."
SKU-Warehouse,SKU-00012,Personal Care,Lake Debra Distribution Center,2025-12-22,0.537,High,Inventory coverage declined from 10.3 to 7.7 days of supply.
SKU-Warehouse,SKU-00012,Personal Care,New Kellystad Distribution Center,2025-12-22,0.549,High,Inventory coverage declined from 4.1 to 0.6 days of supply.
SKU-Warehouse,SKU-00012,Personal Care,Lake Chad Distribution Center,2025-12-22,0.381,Medium,Inventory coverage improved from 4.8 to 6.4 days of supply.; Late deliveries for this product-warehouse rose from 0 to 1 orders over the last 4 weeks.
SKU-Warehouse,SKU-00012,Personal Care,Port Jesseville Distribution Center,2025-12-22,0.095,Low,"Demand increased 21% (2666 -> 3213 units/week, trailing 4wk vs prior 4wk).; Inventory coverage declined from 8.0 to 2.6 days of supply.; Late deliveries for this product-warehouse rose from 1 to 6 orders over the last 4 weeks.; Stockout-flagged orders increased from 1 to 4 in the same comparison window."
SKU-Warehouse,SKU-00012,Personal Care,New Jessica Distribution Center,2025-12-22,0.212,Low,"Demand increased 24% (2458 -> 3053 units/week, trailing 4wk vs prior 4wk).; Inventory coverage declined from 7.2 to 4.6 days of supply."
SKU-Warehouse,SKU-00012,Personal Care,South Noah Distribution Center,2025-12-22,0.686,High,"Demand decreased 28% (3277 -> 2373 units/week, trailing 4wk vs prior 4wk).; Inventory coverage declined from 11.7 to 7.1 days of supply.; Stockout-flagged orders increased from 0 to 1 in the same comparison window."
SKU-Warehouse,SKU-00013,Office Supplies,East Jill Distribution Center,2025-12-22,0.269,Medium,"Demand decreased 27% (354 -> 258 units/week, trailing 4wk vs prior 4wk).; Inventory coverage improved from 12.1 to 13.5 days of supply."
SKU-Warehouse,SKU-00013,Office Supplies,Lake Debra Distribution Center,2025-12-22,0.237,Low,"No material week-over-week deviation found in demand, inventory coverage, or delivery reliability for this product-warehouse in the most recent comparison window."
SKU-Warehouse,SKU-00013,Office Supplies,Lisatown Distribution Center,2025-12-22,0.376,Medium,"Demand decreased 54% (530 -> 246 units/week, trailing 4wk vs prior 4wk).; Inventory coverage declined from 18.2 to 7.7 days of supply."
SKU-Warehouse,SKU-00013,Office Supplies,Lake Roberto Distribution Center,2025-12-22,0.343,Medium,"Demand increased 19% (288 -> 343 units/week, trailing 4wk vs prior 4wk).; Inventory coverage improved from 13.2 to 15.6 days of supply.; Late deliveries for this product-warehouse rose from 0 to 1 orders over the last 4 weeks.; Stockout-flagged orders increased from 0 to 1 in the same comparison window."
SKU-Warehouse,SKU-00013,Office Supplies,Cassandraton Distribution Center,2025-12-22,0.357,Medium,"Demand decreased 27% (367 -> 266 units/week, trailing 4wk vs prior 4wk).; Inventory coverage improved from 5.1 to 11.1 days of supply."
SKU-Warehouse,SKU-00013,Office Supplies,Port Keith Distribution Center,2025-12-22,0.144,Low,"Demand decreased 19% (142 -> 115 units/week, trailing 4wk vs prior 4wk).; Inventory coverage improved from 13.9 to 16.0 days of supply."
SKU-Warehouse,SKU-00013,Office Supplies,Ramirezstad Distribution Center,2025-12-22,0.409,Medium,Inventory coverage improved from 6.4 to 9.2 days of supply.
SKU-Warehouse,SKU-00013,Office Supplies,New Jessica Distribution Center,2025-12-22,0.464,Medium,"Demand decreased 20% (377 -> 302 units/week, trailing 4wk vs prior 4wk).; Inventory coverage declined from 14.5 to 11.7 days of supply."
SKU-Warehouse,SKU-00013,Office Supplies,South Noah Distribution Center,2025-12-22,0.434,Medium,"Demand decreased 10% (283 -> 253 units/week, trailing 4wk vs prior 4wk)."
SKU-Warehouse,SKU-00014,Apparel,North Judithbury Distribution Center,2025-12-22,0.329,Medium,"Demand increased 32% (307 -> 404 units/week, trailing 4wk vs prior 4wk).; Stockout-flagged orders increased from 1 to 2 in the same comparison window."
SKU-Warehouse,SKU-00014,Apparel,New Roberttown Distribution Center,2025-12-22,0.347,Medium,"Demand increased 27% (131 -> 166 units/week, trailing 4wk vs prior 4wk)."
SKU-Warehouse,SKU-00014,Apparel,Lake Debra Distribution Center,2025-12-22,0.509,High,"Demand increased 64% (112 -> 184 units/week, trailing 4wk vs prior 4wk).; Late deliveries for this product-warehouse rose from 0 to 1 orders over the last 4 weeks.; Stockout-flagged orders increased from 0 to 1 in the same comparison window."
SKU-Warehouse,SKU-00014,Apparel,Robinsonshire Distribution Center,2025-12-22,0.143,Low,"Demand increased 14% (176 -> 200 units/week, trailing 4wk vs prior 4wk).; Inventory coverage declined from 11.0 to 7.7 days of supply."
SKU-Warehouse,SKU-00015,Personal Care,North Judithbury Distribution Center,2025-12-22,0.553,High,"Demand decreased 13% (1812 -> 1574 units/week, trailing 4wk vs prior 4wk)."
SKU-Warehouse,SKU-00015,Personal Care,East Jill Distribution Center,2025-12-22,0.495,Medium,"Demand decreased 38% (2304 -> 1439 units/week, trailing 4wk vs prior 4wk).; Inventory coverage declined from 12.0 to 9.9 days of supply."
SKU-Warehouse,SKU-00015,Personal Care,East Jessetown Distribution Center,2025-12-22,0.539,High,"Demand decreased 71% (6121 -> 1771 units/week, trailing 4wk vs prior 4wk).; Inventory coverage declined from 29.6 to 4.5 days of supply."
SKU-Warehouse,SKU-00015,Personal Care,Lake Roberto Distribution Center,2025-12-22,0.212,Low,"Demand increased 56% (1116 -> 1743 units/week, trailing 4wk vs prior 4wk).; Late deliveries for this product-warehouse rose from 1 to 3 orders over the last 4 weeks."
SKU-Warehouse,SKU-00015,Personal Care,North Noahstad Distribution Center,2025-12-22,0.5,High,"Demand increased 25% (2040 -> 2542 units/week, trailing 4wk vs prior 4wk).; Inventory coverage improved from 8.6 to 14.6 days of supply.; Late deliveries for this product-warehouse rose from 3 to 8 orders over the last 4 weeks.; Stockout-flagged orders increased from 2 to 5 in the same comparison window."
SKU-Warehouse,SKU-00015,Personal Care,Herrerafurt Distribution Center,2025-12-22,0.488,Medium,"Demand increased 11% (1508 -> 1678 units/week, trailing 4wk vs prior 4wk)."
SKU-Warehouse,SKU-00015,Personal Care,New Kellystad Distribution Center,2025-12-22,0.303,Medium,"Demand increased 19% (852 -> 1013 units/week, trailing 4wk vs prior 4wk).; Late deliveries for this product-warehouse rose from 0 to 1 orders over the last 4 weeks."
SKU-Warehouse,SKU-00015,Personal Care,Ramirezstad Distribution Center,2025-12-22,0.574,High,"Demand increased 48% (1389 -> 2062 units/week, trailing 4wk vs prior 4wk).; Inventory coverage declined from 4.7 to 3.5 days of supply.; Late deliveries for this product-warehouse rose from 2 to 4 orders over the last 4 weeks.; Stockout-flagged orders increased from 1 to 3 in the same comparison window."
SKU-Warehouse,SKU-00015,Personal Care,West Michael Distribution Center,2025-12-22,0.544,High,"Demand increased 15% (1200 -> 1380 units/week, trailing 4wk vs prior 4wk).; Late deliveries for this product-warehouse rose from 0 to 6 orders over the last 4 weeks.; Stockout-flagged orders increased from 0 to 4 in the same comparison window."
SKU-Warehouse,SKU-00015,Personal Care,Jacquelineland Distribution Center,2025-12-22,0.762,High,"Demand increased 75% (849 -> 1488 units/week, trailing 4wk vs prior 4wk).; Inventory coverage improved from 12.4 to 14.6 days of supply.; Late deliveries for this product-warehouse rose from 1 to 3 orders over the last 4 weeks.; Stockout-flagged orders increased from 0 to 1 in the same comparison window."
SKU-Warehouse,SKU-00015,Personal Care,Lake Mark Distribution Center,2025-12-22,0.474,Medium,Inventory coverage improved from 7.2 to 8.9 days of supply.
SKU-Warehouse,SKU-00016,Industrial Parts,Lisatown Distribution Center,2025-12-22,0.12,Low,"Demand decreased 25% (536 -> 402 units/week, trailing 4wk vs prior 4wk).; Inventory coverage declined from 5.5 to 4.2 days of supply.; Late deliveries for this product-warehouse rose from 0 to 1 orders over the last 4 weeks."
SKU-Warehouse,SKU-00016,Industrial Parts,Cassandraton Distribution Center,2025-12-22,0.242,Low,"Demand decreased 24% (549 -> 416 units/week, trailing 4wk vs prior 4wk).; Late deliveries for this product-warehouse rose from 1 to 3 orders over the last 4 weeks."
SKU-Warehouse,SKU-00016,Industrial Parts,Herrerafurt Distribution Center,2025-12-22,0.234,Low,"Demand increased 19% (375 -> 444 units/week, trailing 4wk vs prior 4wk)."
SKU-Warehouse,SKU-00016,Industrial Parts,New Kellystad Distribution Center,2025-12-22,0.063,Low,Inventory coverage improved from 9.3 to 10.8 days of supply.
SKU-Warehouse,SKU-00016,Industrial Parts,New Jessica Distribution Center,2025-12-22,0.119,Low,"Demand decreased 54% (1322 -> 604 units/week, trailing 4wk vs prior 4wk).; Inventory coverage declined from 9.4 to 4.8 days of supply."
SKU-Warehouse,SKU-00016,Industrial Parts,South Noah Distribution Center,2025-12-22,0.184,Low,"Demand decreased 17% (430 -> 357 units/week, trailing 4wk vs prior 4wk).; Inventory coverage declined from 8.6 to 3.7 days of supply."
SKU-Warehouse,SKU-00016,Industrial Parts,Lake Mark Distribution Center,2025-12-22,0.186,Low,"Demand increased 56% (439 -> 686 units/week, trailing 4wk vs prior 4wk).; Inventory coverage declined from 15.1 to 11.3 days of supply."
SKU-Warehouse,SKU-00017,Packaged Foods,North Judithbury Distribution Center,2025-12-22,0.468,Medium,"Demand decreased 44% (800 -> 446 units/week, trailing 4wk vs prior 4wk)."
SKU-Warehouse,SKU-00017,Packaged Foods,Robinsonshire Distribution Center,2025-12-22,0.509,High,"Demand increased 21% (261 -> 316 units/week, trailing 4wk vs prior 4wk).; Inventory coverage declined from 6.5 to 4.9 days of supply.; Stockout-flagged orders increased from 0 to 1 in the same comparison window."
SKU-Warehouse,SKU-00017,Packaged Foods,Lisatown Distribution Center,2025-12-22,0.221,Low,"Demand increased 15% (412 -> 472 units/week, trailing 4wk vs prior 4wk).; Inventory coverage improved from 0.9 to 2.2 days of supply.; Late deliveries for this product-warehouse rose from 2 to 4 orders over the last 4 weeks.; Stockout-flagged orders increased from 0 to 2 in the same comparison window."
SKU-Warehouse,SKU-00017,Packaged Foods,Cassandraton Distribution Center,2025-12-22,0.314,Medium,"Demand decreased 22% (397 -> 309 units/week, trailing 4wk vs prior 4wk).; Late deliveries for this product-warehouse rose from 1 to 2 orders over the last 4 weeks."
SKU-Warehouse,SKU-00017,Packaged Foods,Herrerafurt Distribution Center,2025-12-22,0.326,Medium,"Demand increased 119% (256 -> 561 units/week, trailing 4wk vs prior 4wk).; Inventory coverage improved from 4.0 to 6.5 days of supply."
SKU-Warehouse,SKU-00017,Packaged Foods,Lake Chad Distribution Center,2025-12-22,0.464,Medium,"Demand decreased 34% (453 -> 298 units/week, trailing 4wk vs prior 4wk).; Inventory coverage improved from 4.5 to 8.2 days of supply."
SKU-Warehouse,SKU-00017,Packaged Foods,Port Keith Distribution Center,2025-12-22,0.515,High,"Demand increased 31% (281 -> 368 units/week, trailing 4wk vs prior 4wk).; Inventory coverage declined from 6.5 to 5.5 days of supply.; Late deliveries for this product-warehouse rose from 1 to 4 orders over the last 4 weeks.; Stockout-flagged orders increased from 0 to 1 in the same comparison window."
SKU-Warehouse,SKU-00017,Packaged Foods,Port Jesseville Distribution Center,2025-12-22,0.18,Low,"Demand increased 49% (292 -> 436 units/week, trailing 4wk vs prior 4wk).; Inventory coverage improved from 2.5 to 8.6 days of supply.; Late deliveries for this product-warehouse rose from 0 to 2 orders over the last 4 weeks.; Stockout-flagged orders increased from 0 to 1 in the same comparison window."
SKU-Warehouse,SKU-00017,Packaged Foods,Jacquelineland Distribution Center,2025-12-22,0.395,Medium,"Demand decreased 38% (482 -> 299 units/week, trailing 4wk vs prior 4wk).; Inventory coverage declined from 0.1 to 0.1 days of supply."
SKU-Warehouse,SKU-00017,Packaged Foods,South Noah Distribution Center,2025-12-22,0.3,Medium,"Demand decreased 98% (20601 -> 435 units/week, trailing 4wk vs prior 4wk).; Inventory coverage declined from 6.9 to 5.3 days of supply.; Late deliveries for this product-warehouse rose from 1 to 3 orders over the last 4 weeks.; Stockout-flagged orders increased from 0 to 1 in the same comparison window."
SKU-Warehouse,SKU-00018,Apparel,East Jill Distribution Center,2025-12-22,0.114,Low,"Demand increased 44% (2921 -> 4216 units/week, trailing 4wk vs prior 4wk)."
SKU-Warehouse,SKU-00018,Apparel,New Roberttown Distribution Center,2025-12-22,0.732,High,"Demand increased 31% (1581 -> 2064 units/week, trailing 4wk vs prior 4wk).; Late deliveries for this product-warehouse rose from 1 to 4 orders over the last 4 weeks.; Stockout-flagged orders increased from 0 to 2 in the same comparison window."
SKU-Warehouse,SKU-00018,Apparel,East Jessetown Distribution Center,2025-12-22,0.51,High,"Demand increased 39% (2112 -> 2936 units/week, trailing 4wk vs prior 4wk).; Inventory coverage improved from 0.1 to 0.6 days of supply.; Late deliveries for this product-warehouse rose from 1 to 3 orders over the last 4 weeks."
SKU-Warehouse,SKU-00018,Apparel,Lake Debra Distribution Center,2025-12-22,0.626,High,"Demand decreased 32% (2756 -> 1874 units/week, trailing 4wk vs prior 4wk)."
SKU-Warehouse,SKU-00018,Apparel,Port Keith Distribution Center,2025-12-22,0.354,Medium,"Demand increased 49% (1131 -> 1682 units/week, trailing 4wk vs prior 4wk).; Late deliveries for this product-warehouse rose from 0 to 1 orders over the last 4 weeks.; Stockout-flagged orders increased from 0 to 1 in the same comparison window."
SKU-Warehouse,SKU-00018,Apparel,West Michael Distribution Center,2025-12-22,0.373,Medium,"Demand decreased 37% (4239 -> 2669 units/week, trailing 4wk vs prior 4wk).; Inventory coverage declined from 3.8 to 3.0 days of supply."
SKU-Warehouse,SKU-00018,Apparel,Jacquelineland Distribution Center,2025-12-22,0.263,Medium,Late deliveries for this product-warehouse rose from 2 to 5 orders over the last 4 weeks.; Stockout-flagged orders increased from 1 to 2 in the same comparison window.
SKU-Warehouse,SKU-00018,Apparel,South Noah Distribution Center,2025-12-22,0.56,High,"Demand increased 25% (3427 -> 4300 units/week, trailing 4wk vs prior 4wk).; Late deliveries for this product-warehouse rose from 2 to 10 orders over the last 4 weeks.; Stockout-flagged orders increased from 1 to 5 in the same comparison window."
SKU-Warehouse,SKU-00019,Apparel,East Jill Distribution Center,2025-12-22,0.228,Low,"No material week-over-week deviation found in demand, inventory coverage, or delivery reliability for this product-warehouse in the most recent comparison window."
SKU-Warehouse,SKU-00019,Apparel,New Roberttown Distribution Center,2025-12-22,0.288,Medium,"Demand decreased 32% (421 -> 286 units/week, trailing 4wk vs prior 4wk).; Inventory coverage declined from 0.6 to 0.0 days of supply."
SKU-Warehouse,SKU-00019,Apparel,East Jessetown Distribution Center,2025-12-22,0.301,Medium,Late deliveries for this product-warehouse rose from 1 to 4 orders over the last 4 weeks.; Stockout-flagged orders increased from 0 to 1 in the same comparison window.
SKU-Warehouse,SKU-00019,Apparel,Lake Debra Distribution Center,2025-12-22,0.276,Medium,"Demand increased 48% (274 -> 406 units/week, trailing 4wk vs prior 4wk).; Late deliveries for this product-warehouse rose from 0 to 1 orders over the last 4 weeks."
SKU-Warehouse,SKU-00019,Apparel,Robinsonshire Distribution Center,2025-12-22,0.236,Low,"Demand decreased 23% (512 -> 394 units/week, trailing 4wk vs prior 4wk).; Inventory coverage improved from 2.7 to 4.2 days of supply.; Late deliveries for this product-warehouse rose from 1 to 4 orders over the last 4 weeks."
SKU-Warehouse,SKU-00019,Apparel,Lake Roberto Distribution Center,2025-12-22,0.306,Medium,"Demand decreased 34% (509 -> 338 units/week, trailing 4wk vs prior 4wk).; Inventory coverage declined from 10.8 to 8.9 days of supply."
SKU-Warehouse,SKU-00019,Apparel,Port Jesseville Distribution Center,2025-12-22,0.124,Low,"Demand decreased 11% (458 -> 407 units/week, trailing 4wk vs prior 4wk).; Inventory coverage declined from 6.6 to 4.4 days of supply."
SKU-Warehouse,SKU-00019,Apparel,Ramirezstad Distribution Center,2025-12-22,0.241,Low,"Demand decreased 31% (536 -> 369 units/week, trailing 4wk vs prior 4wk)."
SKU-Warehouse,SKU-00019,Apparel,Jacquelineland Distribution Center,2025-12-22,0.226,Low,"Demand increased 84% (384 -> 706 units/week, trailing 4wk vs prior 4wk).; Inventory coverage declined from 8.6 to 3.4 days of supply."
SKU-Warehouse,SKU-00020,Electronics,East Jill Distribution Center,2025-12-22,0.297,Medium,Stockout-flagged orders increased from 0 to 2 in the same comparison window.
SKU-Warehouse,SKU-00020,Electronics,Ericmouth Distribution Center,2025-12-22,0.592,High,"Demand decreased 13% (1297 -> 1124 units/week, trailing 4wk vs prior 4wk)."
SKU-Warehouse,SKU-00020,Electronics,Herrerafurt Distribution Center,2025-12-22,0.594,High,"Demand decreased 21% (1486 -> 1174 units/week, trailing 4wk vs prior 4wk).; Late deliveries for this product-warehouse rose from 2 to 3 orders over the last 4 weeks."
SKU-Warehouse,SKU-00020,Electronics,Port Keith Distribution Center,2025-12-22,0.251,Medium,"Demand decreased 21% (1072 -> 850 units/week, trailing 4wk vs prior 4wk)."
SKU-Warehouse,SKU-00020,Electronics,Ramirezstad Distribution Center,2025-12-22,0.366,Medium,"Demand decreased 43% (1843 -> 1052 units/week, trailing 4wk vs prior 4wk).; Inventory coverage improved from 1.1 to 4.2 days of supply."
SKU-Warehouse,SKU-00020,Electronics,New Jessica Distribution Center,2025-12-22,0.333,Medium,Inventory coverage improved from 7.1 to 8.4 days of supply.; Late deliveries for this product-warehouse rose from 4 to 5 orders over the last 4 weeks.
SKU-Warehouse,SKU-00020,Electronics,South Noah Distribution Center,2025-12-22,0.324,Medium,"Demand increased 10% (1178 -> 1300 units/week, trailing 4wk vs prior 4wk)."
SKU-Warehouse,SKU-00021,Apparel,Lake Debra Distribution Center,2025-12-22,0.219,Low,"Demand decreased 25% (472 -> 352 units/week, trailing 4wk vs prior 4wk).; Late deliveries for this product-warehouse rose from 0 to 1 orders over the last 4 weeks.; Stockout-flagged orders increased from 0 to 1 in the same comparison window."
SKU-Warehouse,SKU-00021,Apparel,Robinsonshire Distribution Center,2025-12-22,0.225,Low,"Demand increased 16% (635 -> 736 units/week, trailing 4wk vs prior 4wk).; Inventory coverage declined from 1.0 to 0.0 days of supply."
SKU-Warehouse,SKU-00021,Apparel,Lisatown Distribution Center,2025-12-22,0.291,Medium,"Demand increased 19% (566 -> 671 units/week, trailing 4wk vs prior 4wk).; Inventory coverage declined from 7.8 to 2.9 days of supply.; Stockout-flagged orders increased from 0 to 1 in the same comparison window."
SKU-Warehouse,SKU-00021,Apparel,Lake Chad Distribution Center,2025-12-22,0.253,Medium,"Demand decreased 31% (761 -> 523 units/week, trailing 4wk vs prior 4wk).; Inventory coverage improved from 5.5 to 8.3 days of supply."
SKU-Warehouse,SKU-00021,Apparel,Port Keith Distribution Center,2025-12-22,0.228,Low,"No material week-over-week deviation found in demand, inventory coverage, or delivery reliability for this product-warehouse in the most recent comparison window."
SKU-Warehouse,SKU-00022,Apparel,Lake Debra Distribution Center,2025-12-22,0.259,Medium,"Demand decreased 36% (848 -> 540 units/week, trailing 4wk vs prior 4wk).; Late deliveries for this product-warehouse rose from 1 to 3 orders over the last 4 weeks."
SKU-Warehouse,SKU-00022,Apparel,Ericmouth Distribution Center,2025-12-22,0.674,High,"Demand decreased 28% (1442 -> 1034 units/week, trailing 4wk vs prior 4wk)."
SKU-Warehouse,SKU-00022,Apparel,West Michael Distribution Center,2025-12-22,0.339,Medium,"Demand decreased 29% (1134 -> 800 units/week, trailing 4wk vs prior 4wk)."
SKU-Warehouse,SKU-00022,Apparel,New Jessica Distribution Center,2025-12-22,0.384,Medium,"Demand increased 64% (783 -> 1286 units/week, trailing 4wk vs prior 4wk).; Inventory coverage improved from 1.2 to 4.7 days of supply.; Late deliveries for this product-warehouse rose from 1 to 3 orders over the last 4 weeks.; Stockout-flagged orders increased from 0 to 1 in the same comparison window."
SKU-Warehouse,SKU-00022,Apparel,South Noah Distribution Center,2025-12-22,0.554,High,"Demand decreased 33% (1638 -> 1096 units/week, trailing 4wk vs prior 4wk)."
SKU-Warehouse,SKU-00022,Apparel,Lake Mark Distribution Center,2025-12-22,0.742,High,Inventory coverage improved from 0.2 to 1.6 days of supply.
SKU-Warehouse,SKU-00023,Home & Kitchen,East Jill Distribution Center,2025-12-22,0.616,High,"Demand decreased 21% (2088 -> 1650 units/week, trailing 4wk vs prior 4wk).; Inventory coverage improved from 4.7 to 6.3 days of supply."
SKU-Warehouse,SKU-00023,Home & Kitchen,New Roberttown Distribution Center,2025-12-22,0.175,Low,"Demand decreased 26% (1046 -> 774 units/week, trailing 4wk vs prior 4wk).; Inventory coverage improved from 0.7 to 2.3 days of supply."
SKU-Warehouse,SKU-00023,Home & Kitchen,Lake Debra Distribution Center,2025-12-22,0.41,Medium,"Demand increased 67% (640 -> 1069 units/week, trailing 4wk vs prior 4wk).; Inventory coverage improved from 3.2 to 5.2 days of supply."
SKU-Warehouse,SKU-00023,Home & Kitchen,Ericmouth Distribution Center,2025-12-22,0.274,Medium,"Demand decreased 43% (1638 -> 933 units/week, trailing 4wk vs prior 4wk)."
SKU-Warehouse,SKU-00023,Home & Kitchen,Lake Chad Distribution Center,2025-12-22,0.261,Medium,"Demand decreased 24% (1530 -> 1170 units/week, trailing 4wk vs prior 4wk)."
SKU-Warehouse,SKU-00023,Home & Kitchen,Ramirezstad Distribution Center,2025-12-22,0.223,Low,"Demand increased 48% (982 -> 1458 units/week, trailing 4wk vs prior 4wk).; Late deliveries for this product-warehouse rose from 0 to 1 orders over the last 4 weeks."
SKU-Warehouse,SKU-00023,Home & Kitchen,Lake Mark Distribution Center,2025-12-22,0.555,High,Late deliveries for this product-warehouse rose from 0 to 1 orders over the last 4 weeks.; Stockout-flagged orders increased from 0 to 1 in the same comparison window.
SKU-Warehouse,SKU-00024,Personal Care,North Judithbury Distribution Center,2025-12-22,0.268,Medium,"No material week-over-week deviation found in demand, inventory coverage, or delivery reliability for this product-warehouse in the most recent comparison window."
SKU-Warehouse,SKU-00024,Personal Care,New Roberttown Distribution Center,2025-12-22,0.341,Medium,"Demand increased 33% (118 -> 157 units/week, trailing 4wk vs prior 4wk).; Late deliveries for this product-warehouse rose from 0 to 1 orders over the last 4 weeks.; Stockout-flagged orders increased from 0 to 1 in the same comparison window."
SKU-Warehouse,SKU-00024,Personal Care,East Jessetown Distribution Center,2025-12-22,0.287,Medium,Inventory coverage improved from 4.0 to 4.7 days of supply.
SKU-Warehouse,SKU-00024,Personal Care,Cassandraton Distribution Center,2025-12-22,0.403,Medium,"Demand decreased 56% (463 -> 205 units/week, trailing 4wk vs prior 4wk)."
SKU-Warehouse,SKU-00024,Personal Care,Herrerafurt Distribution Center,2025-12-22,0.406,Medium,"Demand decreased 45% (401 -> 222 units/week, trailing 4wk vs prior 4wk).; Late deliveries for this product-warehouse rose from 1 to 2 orders over the last 4 weeks."
SKU-Warehouse,SKU-00024,Personal Care,New Kellystad Distribution Center,2025-12-22,0.303,Medium,"Demand increased 26% (132 -> 166 units/week, trailing 4wk vs prior 4wk).; Inventory coverage improved from 8.4 to 10.6 days of supply.; Late deliveries for this product-warehouse rose from 2 to 3 orders over the last 4 weeks."
SKU-Warehouse,SKU-00024,Personal Care,Ramirezstad Distribution Center,2025-12-22,0.206,Low,"Demand decreased 35% (330 -> 214 units/week, trailing 4wk vs prior 4wk)."
SKU-Warehouse,SKU-00025,Home & Kitchen,North Judithbury Distribution Center,2025-12-22,0.401,Medium,"Demand increased 36% (185 -> 251 units/week, trailing 4wk vs prior 4wk).; Inventory coverage declined from 4.6 to 3.4 days of supply."
SKU-Warehouse,SKU-00025,Home & Kitchen,East Jessetown Distribution Center,2025-12-22,0.3,Medium,"Demand decreased 22% (326 -> 254 units/week, trailing 4wk vs prior 4wk).; Inventory coverage declined from 0.4 to 0.0 days of supply."
SKU-Warehouse,SKU-00025,Home & Kitchen,Lake Debra Distribution Center,2025-12-22,0.122,Low,"Demand increased 35% (128 -> 172 units/week, trailing 4wk vs prior 4wk).; Inventory coverage improved from 9.8 to 10.9 days of supply.; Late deliveries for this product-warehouse rose from 0 to 1 orders over the last 4 weeks."
SKU-Warehouse,SKU-00025,Home & Kitchen,New Kellystad Distribution Center,2025-12-22,0.164,Low,Inventory coverage declined from 4.6 to 3.4 days of supply.
SKU-Warehouse,SKU-00025,Home & Kitchen,West Michael Distribution Center,2025-12-22,0.047,Low,"Demand increased 55% (164 -> 254 units/week, trailing 4wk vs prior 4wk).; Late deliveries for this product-warehouse rose from 0 to 1 orders over the last 4 weeks."
SKU-Warehouse,SKU-00026,Packaged Foods,East Jessetown Distribution Center,2025-12-22,0.504,High,"Demand increased 16% (926 -> 1073 units/week, trailing 4wk vs prior 4wk).; Stockout-flagged orders increased from 0 to 1 in the same comparison window."
SKU-Warehouse,SKU-00026,Packaged Foods,Lisatown Distribution Center,2025-12-22,0.261,Medium,"No material week-over-week deviation found in demand, inventory coverage, or delivery reliability for this product-warehouse in the most recent comparison window."
SKU-Warehouse,SKU-00026,Packaged Foods,North Noahstad Distribution Center,2025-12-22,0.287,Medium,"Demand decreased 24% (1140 -> 870 units/week, trailing 4wk vs prior 4wk)."
SKU-Warehouse,SKU-00026,Packaged Foods,Cassandraton Distribution Center,2025-12-22,0.319,Medium,Inventory coverage declined from 7.5 to 5.6 days of supply.; Stockout-flagged orders increased from 0 to 1 in the same comparison window.
SKU-Warehouse,SKU-00026,Packaged Foods,Lake Chad Distribution Center,2025-12-22,0.47,Medium,"Demand increased 11% (1221 -> 1355 units/week, trailing 4wk vs prior 4wk).; Inventory coverage declined from 10.3 to 7.7 days of supply."
SKU-Warehouse,SKU-00026,Packaged Foods,Ramirezstad Distribution Center,2025-12-22,0.218,Low,"Demand decreased 21% (910 -> 721 units/week, trailing 4wk vs prior 4wk)."
SKU-Warehouse,SKU-00026,Packaged Foods,West Michael Distribution Center,2025-12-22,0.431,Medium,"No material week-over-week deviation found in demand, inventory coverage, or delivery reliability for this product-warehouse in the most recent comparison window."
SKU-Warehouse,SKU-00027,Automotive Parts,Lake Chad Distribution Center,2025-12-22,0.498,Medium,"Demand increased 18% (712 -> 844 units/week, trailing 4wk vs prior 4wk).; Inventory coverage improved from 2.1 to 3.1 days of supply.; Late deliveries for this product-warehouse rose from 1 to 3 orders over the last 4 weeks."
SKU-Warehouse,SKU-00027,Automotive Parts,Port Keith Distribution Center,2025-12-22,0.251,Medium,"Demand decreased 15% (302 -> 256 units/week, trailing 4wk vs prior 4wk).; Inventory coverage declined from 11.9 to 10.2 days of supply."
SKU-Warehouse,SKU-00027,Automotive Parts,Jacquelineland Distribution Center,2025-12-22,0.203,Low,"Demand increased 19% (461 -> 548 units/week, trailing 4wk vs prior 4wk)."
SKU-Warehouse,SKU-00028,Electronics,New Roberttown Distribution Center,2025-12-22,0.164,Low,"Demand decreased 18% (868 -> 712 units/week, trailing 4wk vs prior 4wk)."
SKU-Warehouse,SKU-00028,Electronics,East Jessetown Distribution Center,2025-12-22,0.247,Low,"Demand increased 19% (1286 -> 1524 units/week, trailing 4wk vs prior 4wk).; Late deliveries for this product-warehouse rose from 1 to 4 orders over the last 4 weeks.; Stockout-flagged orders increased from 0 to 2 in the same comparison window."
SKU-Warehouse,SKU-00028,Electronics,Lake Debra Distribution Center,2025-12-22,0.29,Medium,"Demand decreased 25% (662 -> 497 units/week, trailing 4wk vs prior 4wk).; Late deliveries for this product-warehouse rose from 1 to 2 orders over the last 4 weeks."
SKU-Warehouse,SKU-00028,Electronics,Lake Roberto Distribution Center,2025-12-22,0.402,Medium,Late deliveries for this product-warehouse rose from 1 to 2 orders over the last 4 weeks.
SKU-Warehouse,SKU-00028,Electronics,New Kellystad Distribution Center,2025-12-22,0.263,Medium,"Demand increased 26% (625 -> 789 units/week, trailing 4wk vs prior 4wk).; Inventory coverage declined from 13.6 to 11.6 days of supply."
SKU-Warehouse,SKU-00028,Electronics,Ramirezstad Distribution Center,2025-12-22,0.546,High,"Demand increased 14% (1277 -> 1456 units/week, trailing 4wk vs prior 4wk).; Stockout-flagged orders increased from 0 to 1 in the same comparison window."
SKU-Warehouse,SKU-00028,Electronics,Jacquelineland Distribution Center,2025-12-22,0.364,Medium,"Demand decreased 23% (1164 -> 896 units/week, trailing 4wk vs prior 4wk)."
SKU-Warehouse,SKU-00029,Electronics,North Judithbury Distribution Center,2025-12-22,0.163,Low,"Demand decreased 24% (482 -> 365 units/week, trailing 4wk vs prior 4wk).; Inventory coverage improved from 14.1 to 19.8 days of supply.; Late deliveries for this product-warehouse rose from 0 to 1 orders over the last 4 weeks."
SKU-Warehouse,SKU-00029,Electronics,Lake Debra Distribution Center,2025-12-22,0.289,Medium,"Demand increased 13% (303 -> 342 units/week, trailing 4wk vs prior 4wk).; Inventory coverage declined from 0.3 to 0.0 days of supply."
SKU-Warehouse,SKU-00029,Electronics,Lisatown Distribution Center,2025-12-22,0.28,Medium,"Demand decreased 32% (797 -> 541 units/week, trailing 4wk vs prior 4wk)."
SKU-Warehouse,SKU-00029,Electronics,Lake Roberto Distribution Center,2025-12-22,0.403,Medium,"Demand decreased 23% (402 -> 311 units/week, trailing 4wk vs prior 4wk)."
SKU-Warehouse,SKU-00029,Electronics,Ericmouth Distribution Center,2025-12-22,0.457,Medium,"Demand decreased 20% (536 -> 430 units/week, trailing 4wk vs prior 4wk)."
SKU-Warehouse,SKU-00029,Electronics,North Noahstad Distribution Center,2025-12-22,0.073,Low,"Demand decreased 11% (618 -> 548 units/week, trailing 4wk vs prior 4wk).; Inventory coverage improved from 15.9 to 19.7 days of supply.; Late deliveries for this product-warehouse rose from 0 to 1 orders over the last 4 weeks.; Stockout-flagged orders increased from 0 to 1 in the same comparison window."
SKU-Warehouse,SKU-00029,Electronics,Port Keith Distribution Center,2025-12-22,0.392,Medium,"Demand decreased 51% (457 -> 224 units/week, trailing 4wk vs prior 4wk).; Inventory coverage improved from 7.4 to 8.4 days of supply.; Late deliveries for this product-warehouse rose from 1 to 2 orders over the last 4 weeks."
SKU-Warehouse,SKU-00029,Electronics,Ramirezstad Distribution Center,2025-12-22,0.4,Medium,"Demand decreased 24% (630 -> 479 units/week, trailing 4wk vs prior 4wk).; Inventory coverage declined from 16.8 to 10.3 days of supply.; Late deliveries for this product-warehouse rose from 0 to 2 orders over the last 4 weeks."
SKU-Warehouse,SKU-00029,Electronics,West Michael Distribution Center,2025-12-22,0.34,Medium,"Demand increased 48% (318 -> 469 units/week, trailing 4wk vs prior 4wk).; Inventory coverage declined from 11.0 to 8.8 days of supply."
SKU-Warehouse,SKU-00029,Electronics,Jacquelineland Distribution Center,2025-12-22,0.392,Medium,Inventory coverage declined from 16.2 to 14.0 days of supply.
SKU-Warehouse,SKU-00030,Industrial Parts,New Roberttown Distribution Center,2025-12-22,0.163,Low,"Demand decreased 29% (255 -> 181 units/week, trailing 4wk vs prior 4wk)."
SKU-Warehouse,SKU-00030,Industrial Parts,Robinsonshire Distribution Center,2025-12-22,0.166,Low,"Demand decreased 14% (283 -> 243 units/week, trailing 4wk vs prior 4wk).; Inventory coverage improved from 6.4 to 13.9 days of supply."
SKU-Warehouse,SKU-00030,Industrial Parts,Lake Roberto Distribution Center,2025-12-22,0.174,Low,"Demand increased 40% (267 -> 374 units/week, trailing 4wk vs prior 4wk)."
SKU-Warehouse,SKU-00030,Industrial Parts,Ericmouth Distribution Center,2025-12-22,0.061,Low,"Demand increased 86% (234 -> 436 units/week, trailing 4wk vs prior 4wk).; Inventory coverage improved from 3.2 to 3.6 days of supply.; Late deliveries for this product-warehouse rose from 0 to 1 orders over the last 4 weeks.; Stockout-flagged orders increased from 0 to 1 in the same comparison window."
SKU-Warehouse,SKU-00030,Industrial Parts,New Kellystad Distribution Center,2025-12-22,0.136,Low,"Demand decreased 11% (274 -> 243 units/week, trailing 4wk vs prior 4wk).; Late deliveries for this product-warehouse rose from 0 to 1 orders over the last 4 weeks.; Stockout-flagged orders increased from 0 to 1 in the same comparison window."
SKU-Warehouse,SKU-00030,Industrial Parts,Ramirezstad Distribution Center,2025-12-22,0.141,Low,"Demand decreased 33% (416 -> 279 units/week, trailing 4wk vs prior 4wk).; Inventory coverage declined from 9.0 to 7.6 days of supply."
SKU-Warehouse,SKU-00030,Industrial Parts,West Michael Distribution Center,2025-12-22,0.108,Low,"Demand increased 25% (284 -> 354 units/week, trailing 4wk vs prior 4wk).; Inventory coverage declined from 2.8 to 0.0 days of supply."
SKU-Warehouse,SKU-00030,Industrial Parts,Jacquelineland Distribution Center,2025-12-22,0.175,Low,"Demand increased 108% (271 -> 563 units/week, trailing 4wk vs prior 4wk).; Late deliveries for this product-warehouse rose from 1 to 2 orders over the last 4 weeks.; Stockout-flagged orders increased from 0 to 1 in the same comparison window."
SKU-Warehouse,SKU-00030,Industrial Parts,South Noah Distribution Center,2025-12-22,0.065,Low,"Demand increased 23% (420 -> 516 units/week, trailing 4wk vs prior 4wk).; Late deliveries for this product-warehouse rose from 0 to 2 orders over the last 4 weeks.; Stockout-flagged orders increased from 0 to 1 in the same comparison window."
SKU-Warehouse,SKU-00031,Personal Care,North Judithbury Distribution Center,2025-12-22,0.366,Medium,"Demand decreased 53% (2396 -> 1135 units/week, trailing 4wk vs prior 4wk)."
SKU-Warehouse,SKU-00031,Personal Care,East Jessetown Distribution Center,2025-12-22,0.262,Medium,"Demand increased 100% (1211 -> 2425 units/week, trailing 4wk vs prior 4wk).; Inventory coverage improved from 2.9 to 8.8 days of supply.; Late deliveries for this product-warehouse rose from 4 to 7 orders over the last 4 weeks.; Stockout-flagged orders increased from 0 to 2 in the same comparison window."
SKU-Warehouse,SKU-00031,Personal Care,Lake Debra Distribution Center,2025-12-22,0.357,Medium,"Demand increased 16% (608 -> 708 units/week, trailing 4wk vs prior 4wk).; Inventory coverage declined from 2.7 to 2.0 days of supply.; Late deliveries for this product-warehouse rose from 3 to 4 orders over the last 4 weeks."
SKU-Warehouse,SKU-00031,Personal Care,Lake Roberto Distribution Center,2025-12-22,0.258,Medium,"Demand decreased 36% (1184 -> 759 units/week, trailing 4wk vs prior 4wk)."
SKU-Warehouse,SKU-00031,Personal Care,Ericmouth Distribution Center,2025-12-22,0.378,Medium,"Demand increased 33% (1176 -> 1566 units/week, trailing 4wk vs prior 4wk).; Late deliveries for this product-warehouse rose from 2 to 4 orders over the last 4 weeks.; Stockout-flagged orders increased from 0 to 2 in the same comparison window."
SKU-Warehouse,SKU-00031,Personal Care,Port Keith Distribution Center,2025-12-22,0.293,Medium,"Demand increased 32% (660 -> 868 units/week, trailing 4wk vs prior 4wk).; Inventory coverage declined from 7.3 to 0.0 days of supply.; Stockout-flagged orders increased from 0 to 1 in the same comparison window."
SKU-Warehouse,SKU-00031,Personal Care,Port Jesseville Distribution Center,2025-12-22,0.551,High,Inventory coverage declined from 11.9 to 9.0 days of supply.; Stockout-flagged orders increased from 0 to 1 in the same comparison window.
SKU-Warehouse,SKU-00031,Personal Care,Ramirezstad Distribution Center,2025-12-22,0.218,Low,"Demand increased 45% (938 -> 1357 units/week, trailing 4wk vs prior 4wk).; Late deliveries for this product-warehouse rose from 0 to 3 orders over the last 4 weeks.; Stockout-flagged orders increased from 0 to 1 in the same comparison window."
SKU-Warehouse,SKU-00031,Personal Care,South Noah Distribution Center,2025-12-22,0.737,High,"Demand increased 24% (1368 -> 1696 units/week, trailing 4wk vs prior 4wk).; Inventory coverage improved from 0.9 to 3.5 days of supply.; Late deliveries for this product-warehouse rose from 1 to 2 orders over the last 4 weeks."
SKU-Warehouse,SKU-00031,Personal Care,Lake Mark Distribution Center,2025-12-22,0.517,High,Late deliveries for this product-warehouse rose from 4 to 6 orders over the last 4 weeks.
SKU-Warehouse,SKU-00032,Apparel,North Judithbury Distribution Center,2025-12-22,0.367,Medium,"Demand increased 23% (220 -> 272 units/week, trailing 4wk vs prior 4wk)."
SKU-Warehouse,SKU-00032,Apparel,East Jill Distribution Center,2025-12-22,0.425,Medium,Inventory coverage improved from 0.9 to 4.5 days of supply.
SKU-Warehouse,SKU-00032,Apparel,New Roberttown Distribution Center,2025-12-22,0.273,Medium,"Demand increased 18% (151 -> 177 units/week, trailing 4wk vs prior 4wk).; Inventory coverage improved from 1.8 to 3.3 days of supply.; Late deliveries for this product-warehouse rose from 1 to 2 orders over the last 4 weeks.; Stockout-flagged orders increased from 0 to 1 in the same comparison window."
SKU-Warehouse,SKU-00032,Apparel,Lake Debra Distribution Center,2025-12-22,0.354,Medium,"Demand decreased 31% (154 -> 106 units/week, trailing 4wk vs prior 4wk)."
SKU-Warehouse,SKU-00032,Apparel,Robinsonshire Distribution Center,2025-12-22,0.162,Low,Stockout-flagged orders increased from 0 to 1 in the same comparison window.
SKU-Warehouse,SKU-00032,Apparel,Cassandraton Distribution Center,2025-12-22,0.487,Medium,"Demand decreased 31% (388 -> 269 units/week, trailing 4wk vs prior 4wk)."
SKU-Warehouse,SKU-00032,Apparel,Herrerafurt Distribution Center,2025-12-22,0.374,Medium,"Demand decreased 16% (336 -> 283 units/week, trailing 4wk vs prior 4wk).; Inventory coverage declined from 13.1 to 11.2 days of supply.; Late deliveries for this product-warehouse rose from 0 to 1 orders over the last 4 weeks."
SKU-Warehouse,SKU-00032,Apparel,Lake Chad Distribution Center,2025-12-22,0.348,Medium,Late deliveries for this product-warehouse rose from 1 to 3 orders over the last 4 weeks.
SKU-Warehouse,SKU-00032,Apparel,Ramirezstad Distribution Center,2025-12-22,0.42,Medium,"Demand decreased 52% (391 -> 187 units/week, trailing 4wk vs prior 4wk)."
SKU-Warehouse,SKU-00032,Apparel,Jacquelineland Distribution Center,2025-12-22,0.33,Medium,"Demand increased 31% (196 -> 257 units/week, trailing 4wk vs prior 4wk)."
SKU-Warehouse,SKU-00032,Apparel,Lake Mark Distribution Center,2025-12-22,0.379,Medium,"No material week-over-week deviation found in demand, inventory coverage, or delivery reliability for this product-warehouse in the most recent comparison window."
SKU-Warehouse,SKU-00033,Home & Kitchen,North Judithbury Distribution Center,2025-12-22,0.154,Low,"Demand decreased 21% (84 -> 66 units/week, trailing 4wk vs prior 4wk)."
SKU-Warehouse,SKU-00033,Home & Kitchen,East Jessetown Distribution Center,2025-12-22,0.064,Low,"Demand decreased 22% (60 -> 46 units/week, trailing 4wk vs prior 4wk).; Inventory coverage improved from 3.2 to 5.8 days of supply.; Stockout-flagged orders increased from 0 to 1 in the same comparison window."
SKU-Warehouse,SKU-00033,Home & Kitchen,North Noahstad Distribution Center,2025-12-22,0.136,Low,"Demand decreased 60% (109 -> 43 units/week, trailing 4wk vs prior 4wk)."
SKU-Warehouse,SKU-00033,Home & Kitchen,Cassandraton Distribution Center,2025-12-22,0.067,Low,"Demand decreased 35% (62 -> 40 units/week, trailing 4wk vs prior 4wk).; Late deliveries for this product-warehouse rose from 2 to 3 orders over the last 4 weeks."
SKU-Warehouse,SKU-00033,Home & Kitchen,New Kellystad Distribution Center,2025-12-22,0.049,Low,"Demand increased 57% (35 -> 56 units/week, trailing 4wk vs prior 4wk)."
SKU-Warehouse,SKU-00033,Home & Kitchen,Port Keith Distribution Center,2025-12-22,0.037,Low,"Demand increased 13% (31 -> 35 units/week, trailing 4wk vs prior 4wk).; Late deliveries for this product-warehouse rose from 1 to 3 orders over the last 4 weeks."
SKU-Warehouse,SKU-00033,Home & Kitchen,Port Jesseville Distribution Center,2025-12-22,0.042,Low,"Demand decreased 35% (57 -> 37 units/week, trailing 4wk vs prior 4wk)."
SKU-Warehouse,SKU-00033,Home & Kitchen,Jacquelineland Distribution Center,2025-12-22,0.034,Low,"Demand decreased 36% (56 -> 36 units/week, trailing 4wk vs prior 4wk)."
SKU-Warehouse,SKU-00033,Home & Kitchen,New Jessica Distribution Center,2025-12-22,0.055,Low,"Demand decreased 20% (80 -> 64 units/week, trailing 4wk vs prior 4wk).; Inventory coverage improved from 3.5 to 13.9 days of supply."
SKU-Warehouse,SKU-00033,Home & Kitchen,South Noah Distribution Center,2025-12-22,0.048,Low,"Demand increased 107% (44 -> 91 units/week, trailing 4wk vs prior 4wk)."
SKU-Warehouse,SKU-00034,Office Supplies,East Jessetown Distribution Center,2025-12-22,0.138,Low,"Demand increased 12% (439 -> 494 units/week, trailing 4wk vs prior 4wk).; Inventory coverage declined from 8.8 to 4.8 days of supply."
SKU-Warehouse,SKU-00034,Office Supplies,Robinsonshire Distribution Center,2025-12-22,0.194,Low,Inventory coverage improved from 12.6 to 20.3 days of supply.
SKU-Warehouse,SKU-00034,Office Supplies,Lisatown Distribution Center,2025-12-22,0.092,Low,Late deliveries for this product-warehouse rose from 0 to 1 orders over the last 4 weeks.
SKU-Warehouse,SKU-00034,Office Supplies,Cassandraton Distribution Center,2025-12-22,0.211,Low,Inventory coverage improved from 1.9 to 7.6 days of supply.
SKU-Warehouse,SKU-00034,Office Supplies,Herrerafurt Distribution Center,2025-12-22,0.129,Low,"No material week-over-week deviation found in demand, inventory coverage, or delivery reliability for this product-warehouse in the most recent comparison window."
SKU-Warehouse,SKU-00034,Office Supplies,Port Jesseville Distribution Center,2025-12-22,0.154,Low,"Demand increased 40% (302 -> 422 units/week, trailing 4wk vs prior 4wk)."
SKU-Warehouse,SKU-00034,Office Supplies,West Michael Distribution Center,2025-12-22,0.123,Low,"Demand decreased 20% (427 -> 340 units/week, trailing 4wk vs prior 4wk).; Late deliveries for this product-warehouse rose from 1 to 2 orders over the last 4 weeks."
SKU-Warehouse,SKU-00034,Office Supplies,Jacquelineland Distribution Center,2025-12-22,0.113,Low,"No material week-over-week deviation found in demand, inventory coverage, or delivery reliability for this product-warehouse in the most recent comparison window."
SKU-Warehouse,SKU-00034,Office Supplies,Lake Mark Distribution Center,2025-12-22,0.153,Low,Inventory coverage improved from 7.1 to 9.5 days of supply.; Late deliveries for this product-warehouse rose from 1 to 3 orders over the last 4 weeks.
SKU-Warehouse,SKU-00035,Home & Kitchen,North Judithbury Distribution Center,2025-12-22,0.368,Medium,"Demand increased 58% (2120 -> 3348 units/week, trailing 4wk vs prior 4wk).; Late deliveries for this product-warehouse rose from 0 to 4 orders over the last 4 weeks.; Stockout-flagged orders increased from 0 to 2 in the same comparison window."
SKU-Warehouse,SKU-00035,Home & Kitchen,East Jill Distribution Center,2025-12-22,0.559,High,"Demand increased 24% (2552 -> 3154 units/week, trailing 4wk vs prior 4wk).; Inventory coverage declined from 4.5 to 3.2 days of supply."
SKU-Warehouse,SKU-00035,Home & Kitchen,Ericmouth Distribution Center,2025-12-22,0.375,Medium,"Demand increased 21% (2712 -> 3293 units/week, trailing 4wk vs prior 4wk).; Inventory coverage declined from 10.1 to 9.0 days of supply.; Late deliveries for this product-warehouse rose from 3 to 6 orders over the last 4 weeks.; Stockout-flagged orders increased from 0 to 3 in the same comparison window."
SKU-Warehouse,SKU-00035,Home & Kitchen,Herrerafurt Distribution Center,2025-12-22,0.649,High,"Demand increased 36% (2088 -> 2831 units/week, trailing 4wk vs prior 4wk).; Inventory coverage declined from 13.7 to 4.3 days of supply.; Stockout-flagged orders increased from 0 to 1 in the same comparison window."
SKU-Warehouse,SKU-00035,Home & Kitchen,New Kellystad Distribution Center,2025-12-22,0.426,Medium,"Demand increased 114% (724 -> 1552 units/week, trailing 4wk vs prior 4wk).; Inventory coverage declined from 0.1 to 0.1 days of supply.; Late deliveries for this product-warehouse rose from 0 to 1 orders over the last 4 weeks."
SKU-Warehouse,SKU-00035,Home & Kitchen,Port Keith Distribution Center,2025-12-22,0.323,Medium,"Demand decreased 12% (1929 -> 1688 units/week, trailing 4wk vs prior 4wk).; Inventory coverage declined from 8.8 to 6.3 days of supply."
SKU-Warehouse,SKU-00035,Home & Kitchen,Port Jesseville Distribution Center,2025-12-22,0.368,Medium,"Demand decreased 40% (2648 -> 1582 units/week, trailing 4wk vs prior 4wk)."
SKU-Warehouse,SKU-00035,Home & Kitchen,Jacquelineland Distribution Center,2025-12-22,0.171,Low,"Demand increased 33% (1813 -> 2406 units/week, trailing 4wk vs prior 4wk).; Inventory coverage improved from 4.1 to 8.4 days of supply.; Stockout-flagged orders increased from 0 to 1 in the same comparison window."
SKU-Warehouse,SKU-00036,Industrial Parts,Robinsonshire Distribution Center,2025-12-22,0.367,Medium,"Demand decreased 20% (202 -> 162 units/week, trailing 4wk vs prior 4wk)."
SKU-Warehouse,SKU-00036,Industrial Parts,Lake Roberto Distribution Center,2025-12-22,0.441,Medium,Inventory coverage declined from 7.4 to 5.6 days of supply.; Late deliveries for this product-warehouse rose from 1 to 2 orders over the last 4 weeks.; Stockout-flagged orders increased from 0 to 1 in the same comparison window.
SKU-Warehouse,SKU-00036,Industrial Parts,Ericmouth Distribution Center,2025-12-22,0.365,Medium,Late deliveries for this product-warehouse rose from 1 to 2 orders over the last 4 weeks.
SKU-Warehouse,SKU-00036,Industrial Parts,Herrerafurt Distribution Center,2025-12-22,0.4,Medium,"No material week-over-week deviation found in demand, inventory coverage, or delivery reliability for this product-warehouse in the most recent comparison window."
SKU-Warehouse,SKU-00036,Industrial Parts,New Kellystad Distribution Center,2025-12-22,0.26,Medium,"Demand increased 42% (116 -> 165 units/week, trailing 4wk vs prior 4wk).; Inventory coverage declined from 27.4 to 24.5 days of supply."
SKU-Warehouse,SKU-00036,Industrial Parts,Lake Chad Distribution Center,2025-12-22,0.367,Medium,"Demand increased 14% (190 -> 216 units/week, trailing 4wk vs prior 4wk)."
SKU-Warehouse,SKU-00036,Industrial Parts,Jacquelineland Distribution Center,2025-12-22,0.357,Medium,"Demand decreased 49% (382 -> 194 units/week, trailing 4wk vs prior 4wk).; Late deliveries for this product-warehouse rose from 2 to 3 orders over the last 4 weeks."
SKU-Warehouse,SKU-00037,Automotive Parts,East Jill Distribution Center,2025-12-22,0.399,Medium,"Demand decreased 39% (2215 -> 1350 units/week, trailing 4wk vs prior 4wk)."
SKU-Warehouse,SKU-00037,Automotive Parts,New Roberttown Distribution Center,2025-12-22,0.055,Low,"Demand decreased 49% (718 -> 364 units/week, trailing 4wk vs prior 4wk).; Inventory coverage improved from 10.7 to 12.1 days of supply."
SKU-Warehouse,SKU-00037,Automotive Parts,East Jessetown Distribution Center,2025-12-22,0.406,Medium,"Demand decreased 14% (1493 -> 1282 units/week, trailing 4wk vs prior 4wk)."
SKU-Warehouse,SKU-00037,Automotive Parts,Lake Roberto Distribution Center,2025-12-22,0.247,Low,"Demand decreased 19% (1019 -> 824 units/week, trailing 4wk vs prior 4wk)."
SKU-Warehouse,SKU-00037,Automotive Parts,North Noahstad Distribution Center,2025-12-22,0.275,Medium,"Demand increased 108% (1020 -> 2124 units/week, trailing 4wk vs prior 4wk).; Late deliveries for this product-warehouse rose from 0 to 5 orders over the last 4 weeks.; Stockout-flagged orders increased from 0 to 2 in the same comparison window."
SKU-Warehouse,SKU-00037,Automotive Parts,New Kellystad Distribution Center,2025-12-22,0.143,Low,"Demand increased 26% (446 -> 562 units/week, trailing 4wk vs prior 4wk).; Inventory coverage declined from 12.3 to 4.6 days of supply."
SKU-Warehouse,SKU-00037,Automotive Parts,Port Keith Distribution Center,2025-12-22,0.195,Low,"Demand increased 32% (638 -> 845 units/week, trailing 4wk vs prior 4wk).; Inventory coverage improved from 1.2 to 4.9 days of supply."
SKU-Warehouse,SKU-00037,Automotive Parts,Port Jesseville Distribution Center,2025-12-22,0.157,Low,"Demand increased 27% (639 -> 814 units/week, trailing 4wk vs prior 4wk).; Inventory coverage improved from 2.9 to 4.5 days of supply."
SKU-Warehouse,SKU-00037,Automotive Parts,Ramirezstad Distribution Center,2025-12-22,0.306,Medium,"No material week-over-week deviation found in demand, inventory coverage, or delivery reliability for this product-warehouse in the most recent comparison window."
SKU-Warehouse,SKU-00037,Automotive Parts,Jacquelineland Distribution Center,2025-12-22,0.269,Medium,"No material week-over-week deviation found in demand, inventory coverage, or delivery reliability for this product-warehouse in the most recent comparison window."
SKU-Warehouse,SKU-00037,Automotive Parts,Lake Mark Distribution Center,2025-12-22,0.464,Medium,"Demand increased 119% (1080 -> 2360 units/week, trailing 4wk vs prior 4wk).; Late deliveries for this product-warehouse rose from 0 to 6 orders over the last 4 weeks.; Stockout-flagged orders increased from 0 to 2 in the same comparison window."
SKU-Warehouse,SKU-00038,Apparel,North Judithbury Distribution Center,2025-12-22,0.338,Medium,Late deliveries for this product-warehouse rose from 1 to 2 orders over the last 4 weeks.
SKU-Warehouse,SKU-00038,Apparel,East Jessetown Distribution Center,2025-12-22,0.203,Low,"Demand decreased 13% (1102 -> 958 units/week, trailing 4wk vs prior 4wk).; Inventory coverage declined from 9.1 to 0.5 days of supply.; Late deliveries for this product-warehouse rose from 2 to 3 orders over the last 4 weeks."
SKU-Warehouse,SKU-00038,Apparel,Lisatown Distribution Center,2025-12-22,0.332,Medium,"Demand increased 25% (858 -> 1073 units/week, trailing 4wk vs prior 4wk).; Late deliveries for this product-warehouse rose from 1 to 3 orders over the last 4 weeks.; Stockout-flagged orders increased from 0 to 1 in the same comparison window."
SKU-Warehouse,SKU-00038,Apparel,Lake Roberto Distribution Center,2025-12-22,0.335,Medium,"Demand decreased 60% (1032 -> 415 units/week, trailing 4wk vs prior 4wk)."
SKU-Warehouse,SKU-00038,Apparel,Ericmouth Distribution Center,2025-12-22,0.231,Low,"Demand decreased 49% (1558 -> 801 units/week, trailing 4wk vs prior 4wk).; Inventory coverage declined from 3.0 to 0.0 days of supply."
SKU-Warehouse,SKU-00038,Apparel,Herrerafurt Distribution Center,2025-12-22,0.149,Low,"Demand increased 56% (1013 -> 1579 units/week, trailing 4wk vs prior 4wk).; Inventory coverage declined from 8.6 to 6.4 days of supply.; Late deliveries for this product-warehouse rose from 3 to 4 orders over the last 4 weeks.; Stockout-flagged orders increased from 2 to 3 in the same comparison window."
SKU-Warehouse,SKU-00038,Apparel,New Kellystad Distribution Center,2025-12-22,0.495,Medium,"Demand increased 118% (355 -> 775 units/week, trailing 4wk vs prior 4wk).; Inventory coverage declined from 7.6 to 0.0 days of supply.; Late deliveries for this product-warehouse rose from 0 to 3 orders over the last 4 weeks.; Stockout-flagged orders increased from 0 to 1 in the same comparison window."
SKU-Warehouse,SKU-00038,Apparel,Port Jesseville Distribution Center,2025-12-22,0.293,Medium,"Demand decreased 22% (842 -> 654 units/week, trailing 4wk vs prior 4wk).; Late deliveries for this product-warehouse rose from 2 to 3 orders over the last 4 weeks."
SKU-Warehouse,SKU-00038,Apparel,West Michael Distribution Center,2025-12-22,0.145,Low,"Demand increased 42% (724 -> 1028 units/week, trailing 4wk vs prior 4wk).; Late deliveries for this product-warehouse rose from 3 to 5 orders over the last 4 weeks.; Stockout-flagged orders increased from 0 to 2 in the same comparison window."
SKU-Warehouse,SKU-00038,Apparel,Jacquelineland Distribution Center,2025-12-22,0.197,Low,"Demand decreased 25% (1062 -> 795 units/week, trailing 4wk vs prior 4wk).; Late deliveries for this product-warehouse rose from 2 to 3 orders over the last 4 weeks."
SKU-Warehouse,SKU-00039,Packaged Foods,New Roberttown Distribution Center,2025-12-22,0.208,Low,Late deliveries for this product-warehouse rose from 0 to 2 orders over the last 4 weeks.; Stockout-flagged orders increased from 0 to 1 in the same comparison window.
SKU-Warehouse,SKU-00039,Packaged Foods,East Jessetown Distribution Center,2025-12-22,0.41,Medium,"Demand decreased 47% (2016 -> 1063 units/week, trailing 4wk vs prior 4wk)."
SKU-Warehouse,SKU-00039,Packaged Foods,Lake Roberto Distribution Center,2025-12-22,0.259,Medium,"Demand decreased 38% (1164 -> 724 units/week, trailing 4wk vs prior 4wk)."
SKU-Warehouse,SKU-00039,Packaged Foods,North Noahstad Distribution Center,2025-12-22,0.491,Medium,Late deliveries for this product-warehouse rose from 1 to 2 orders over the last 4 weeks.
SKU-Warehouse,SKU-00039,Packaged Foods,Herrerafurt Distribution Center,2025-12-22,0.413,Medium,"Demand increased 50% (953 -> 1429 units/week, trailing 4wk vs prior 4wk).; Late deliveries for this product-warehouse rose from 1 to 3 orders over the last 4 weeks."
SKU-Warehouse,SKU-00039,Packaged Foods,Lake Chad Distribution Center,2025-12-22,0.165,Low,"Demand increased 59% (1087 -> 1730 units/week, trailing 4wk vs prior 4wk).; Inventory coverage declined from 6.0 to 4.5 days of supply.; Late deliveries for this product-warehouse rose from 1 to 4 orders over the last 4 weeks."
SKU-Warehouse,SKU-00040,Personal Care,East Jill Distribution Center,2025-12-22,0.524,High,"No material week-over-week deviation found in demand, inventory coverage, or delivery reliability for this product-warehouse in the most recent comparison window."
SKU-Warehouse,SKU-00040,Personal Care,East Jessetown Distribution Center,2025-12-22,0.648,High,"Demand decreased 27% (2310 -> 1685 units/week, trailing 4wk vs prior 4wk).; Stockout-flagged orders increased from 1 to 2 in the same comparison window."
SKU-Warehouse,SKU-00040,Personal Care,Lake Debra Distribution Center,2025-12-22,0.432,Medium,"Demand decreased 27% (1216 -> 885 units/week, trailing 4wk vs prior 4wk).; Inventory coverage declined from 7.5 to 0.0 days of supply.; Late deliveries for this product-warehouse rose from 1 to 3 orders over the last 4 weeks."
SKU-Warehouse,SKU-00040,Personal Care,Robinsonshire Distribution Center,2025-12-22,0.751,High,"Demand decreased 27% (1248 -> 907 units/week, trailing 4wk vs prior 4wk).; Stockout-flagged orders increased from 0 to 1 in the same comparison window."
SKU-Warehouse,SKU-00040,Personal Care,Lake Roberto Distribution Center,2025-12-22,0.386,Medium,Late deliveries for this product-warehouse rose from 1 to 2 orders over the last 4 weeks.
SKU-Warehouse,SKU-00040,Personal Care,Herrerafurt Distribution Center,2025-12-22,0.641,High,Late deliveries for this product-warehouse rose from 6 to 7 orders over the last 4 weeks.
SKU-Warehouse,SKU-00040,Personal Care,New Jessica Distribution Center,2025-12-22,0.481,Medium,"Demand decreased 37% (2527 -> 1597 units/week, trailing 4wk vs prior 4wk).; Inventory coverage improved from 6.9 to 13.8 days of supply.; Stockout-flagged orders increased from 2 to 3 in the same comparison window."
SKU-Warehouse,SKU-00041,Automotive Parts,North Judithbury Distribution Center,2025-12-22,0.167,Low,"Demand decreased 27% (489 -> 356 units/week, trailing 4wk vs prior 4wk).; Inventory coverage improved from 6.8 to 12.9 days of supply."
SKU-Warehouse,SKU-00041,Automotive Parts,Lisatown Distribution Center,2025-12-22,0.233,Low,"Demand decreased 29% (393 -> 280 units/week, trailing 4wk vs prior 4wk).; Late deliveries for this product-warehouse rose from 1 to 2 orders over the last 4 weeks."
SKU-Warehouse,SKU-00041,Automotive Parts,Lake Roberto Distribution Center,2025-12-22,0.18,Low,"Demand decreased 15% (282 -> 240 units/week, trailing 4wk vs prior 4wk).; Inventory coverage improved from 1.3 to 6.6 days of supply."
SKU-Warehouse,SKU-00041,Automotive Parts,Herrerafurt Distribution Center,2025-12-22,0.146,Low,"Demand decreased 26% (628 -> 464 units/week, trailing 4wk vs prior 4wk).; Inventory coverage declined from 4.9 to 3.7 days of supply."
SKU-Warehouse,SKU-00041,Automotive Parts,New Kellystad Distribution Center,2025-12-22,0.192,Low,"Demand decreased 23% (172 -> 132 units/week, trailing 4wk vs prior 4wk).; Late deliveries for this product-warehouse rose from 1 to 2 orders over the last 4 weeks."
SKU-Warehouse,SKU-00041,Automotive Parts,Port Keith Distribution Center,2025-12-22,0.145,Low,Late deliveries for this product-warehouse rose from 1 to 2 orders over the last 4 weeks.
SKU-Warehouse,SKU-00041,Automotive Parts,Port Jesseville Distribution Center,2025-12-22,0.217,Low,"No material week-over-week deviation found in demand, inventory coverage, or delivery reliability for this product-warehouse in the most recent comparison window."
SKU-Warehouse,SKU-00041,Automotive Parts,West Michael Distribution Center,2025-12-22,0.147,Low,"Demand decreased 35% (305 -> 198 units/week, trailing 4wk vs prior 4wk).; Inventory coverage declined from 2.6 to 2.2 days of supply."
SKU-Warehouse,SKU-00041,Automotive Parts,New Jessica Distribution Center,2025-12-22,0.108,Low,Inventory coverage improved from 5.2 to 11.8 days of supply.
SKU-Warehouse,SKU-00041,Automotive Parts,Lake Mark Distribution Center,2025-12-22,0.129,Low,"Demand decreased 16% (408 -> 341 units/week, trailing 4wk vs prior 4wk).; Late deliveries for this product-warehouse rose from 0 to 2 orders over the last 4 weeks."
SKU-Warehouse,SKU-00042,Industrial Parts,East Jill Distribution Center,2025-12-22,0.321,Medium,"Demand increased 15% (839 -> 968 units/week, trailing 4wk vs prior 4wk).; Inventory coverage improved from 5.8 to 7.0 days of supply.; Late deliveries for this product-warehouse rose from 1 to 3 orders over the last 4 weeks."
SKU-Warehouse,SKU-00042,Industrial Parts,East Jessetown Distribution Center,2025-12-22,0.233,Low,"No material week-over-week deviation found in demand, inventory coverage, or delivery reliability for this product-warehouse in the most recent comparison window."
SKU-Warehouse,SKU-00042,Industrial Parts,Lake Debra Distribution Center,2025-12-22,0.157,Low,"Demand decreased 12% (462 -> 406 units/week, trailing 4wk vs prior 4wk).; Late deliveries for this product-warehouse rose from 2 to 3 orders over the last 4 weeks."
SKU-Warehouse,SKU-00042,Industrial Parts,Lake Roberto Distribution Center,2025-12-22,0.42,Medium,"Demand increased 34% (626 -> 841 units/week, trailing 4wk vs prior 4wk).; Inventory coverage declined from 8.4 to 2.2 days of supply."
SKU-Warehouse,SKU-00042,Industrial Parts,Ericmouth Distribution Center,2025-12-22,0.122,Low,"Demand increased 13% (673 -> 763 units/week, trailing 4wk vs prior 4wk).; Inventory coverage improved from 6.5 to 13.2 days of supply."
SKU-Warehouse,SKU-00042,Industrial Parts,North Noahstad Distribution Center,2025-12-22,0.315,Medium,"Demand increased 44% (629 -> 908 units/week, trailing 4wk vs prior 4wk).; Late deliveries for this product-warehouse rose from 0 to 2 orders over the last 4 weeks."
SKU-Warehouse,SKU-00042,Industrial Parts,Lake Chad Distribution Center,2025-12-22,0.209,Low,"Demand increased 32% (648 -> 854 units/week, trailing 4wk vs prior 4wk).; Inventory coverage declined from 7.2 to 2.6 days of supply."
SKU-Warehouse,SKU-00042,Industrial Parts,Port Jesseville Distribution Center,2025-12-22,0.198,Low,Inventory coverage improved from 2.6 to 5.5 days of supply.; Late deliveries for this product-warehouse rose from 2 to 3 orders over the last 4 weeks.
SKU-Warehouse,SKU-00042,Industrial Parts,West Michael Distribution Center,2025-12-22,0.142,Low,"Demand decreased 12% (745 -> 654 units/week, trailing 4wk vs prior 4wk).; Inventory coverage declined from 11.7 to 4.9 days of supply.; Late deliveries for this product-warehouse rose from 2 to 3 orders over the last 4 weeks."
SKU-Warehouse,SKU-00042,Industrial Parts,Lake Mark Distribution Center,2025-12-22,0.326,Medium,"Demand decreased 36% (1020 -> 651 units/week, trailing 4wk vs prior 4wk).; Inventory coverage improved from 3.8 to 6.7 days of supply.; Late deliveries for this product-warehouse rose from 1 to 3 orders over the last 4 weeks."
SKU-Warehouse,SKU-00043,Apparel,North Judithbury Distribution Center,2025-12-22,0.117,Low,"No material week-over-week deviation found in demand, inventory coverage, or delivery reliability for this product-warehouse in the most recent comparison window."
SKU-Warehouse,SKU-00043,Apparel,Ericmouth Distribution Center,2025-12-22,0.137,Low,"Demand decreased 47% (869 -> 463 units/week, trailing 4wk vs prior 4wk)."
SKU-Warehouse,SKU-00043,Apparel,North Noahstad Distribution Center,2025-12-22,0.203,Low,"No material week-over-week deviation found in demand, inventory coverage, or delivery reliability for this product-warehouse in the most recent comparison window."
SKU-Warehouse,SKU-00043,Apparel,Herrerafurt Distribution Center,2025-12-22,0.22,Low,"Demand decreased 22% (833 -> 647 units/week, trailing 4wk vs prior 4wk).; Inventory coverage declined from 6.1 to 4.1 days of supply."
SKU-Warehouse,SKU-00043,Apparel,West Michael Distribution Center,2025-12-22,0.143,Low,"Demand decreased 13% (724 -> 629 units/week, trailing 4wk vs prior 4wk).; Late deliveries for this product-warehouse rose from 1 to 2 orders over the last 4 weeks.; Stockout-flagged orders increased from 0 to 1 in the same comparison window."
SKU-Warehouse,SKU-00043,Apparel,New Jessica Distribution Center,2025-12-22,0.245,Low,Inventory coverage declined from 5.1 to 3.8 days of supply.
SKU-Warehouse,SKU-00043,Apparel,South Noah Distribution Center,2025-12-22,0.397,Medium,"Demand increased 13% (932 -> 1057 units/week, trailing 4wk vs prior 4wk)."
SKU-Warehouse,SKU-00043,Apparel,Lake Mark Distribution Center,2025-12-22,0.434,Medium,"Demand increased 31% (822 -> 1073 units/week, trailing 4wk vs prior 4wk).; Stockout-flagged orders increased from 0 to 2 in the same comparison window."
SKU-Warehouse,SKU-00044,Automotive Parts,North Judithbury Distribution Center,2025-12-22,0.21,Low,"Demand increased 73% (338 -> 583 units/week, trailing 4wk vs prior 4wk).; Inventory coverage declined from 18.6 to 14.9 days of supply.; Late deliveries for this product-warehouse rose from 0 to 2 orders over the last 4 weeks."
SKU-Warehouse,SKU-00044,Automotive Parts,East Jill Distribution Center,2025-12-22,0.197,Low,Late deliveries for this product-warehouse rose from 0 to 1 orders over the last 4 weeks.
SKU-Warehouse,SKU-00044,Automotive Parts,New Roberttown Distribution Center,2025-12-22,0.275,Medium,"Demand decreased 13% (334 -> 290 units/week, trailing 4wk vs prior 4wk)."
SKU-Warehouse,SKU-00044,Automotive Parts,Robinsonshire Distribution Center,2025-12-22,0.165,Low,"Demand decreased 15% (372 -> 318 units/week, trailing 4wk vs prior 4wk).; Inventory coverage declined from 34.8 to 31.2 days of supply."
SKU-Warehouse,SKU-00044,Automotive Parts,Lisatown Distribution Center,2025-12-22,0.074,Low,"Demand decreased 26% (781 -> 580 units/week, trailing 4wk vs prior 4wk).; Late deliveries for this product-warehouse rose from 0 to 1 orders over the last 4 weeks.; Stockout-flagged orders increased from 0 to 1 in the same comparison window."
SKU-Warehouse,SKU-00044,Automotive Parts,Lake Roberto Distribution Center,2025-12-22,0.143,Low,"Demand decreased 13% (440 -> 383 units/week, trailing 4wk vs prior 4wk)."
SKU-Warehouse,SKU-00044,Automotive Parts,New Kellystad Distribution Center,2025-12-22,0.21,Low,Inventory coverage declined from 12.5 to 0.0 days of supply.
SKU-Warehouse,SKU-00044,Automotive Parts,Port Keith Distribution Center,2025-12-22,0.181,Low,"Demand decreased 47% (350 -> 184 units/week, trailing 4wk vs prior 4wk).; Late deliveries for this product-warehouse rose from 0 to 3 orders over the last 4 weeks.; Stockout-flagged orders increased from 0 to 1 in the same comparison window."
SKU-Warehouse,SKU-00044,Automotive Parts,Ramirezstad Distribution Center,2025-12-22,0.194,Low,"Demand decreased 23% (696 -> 538 units/week, trailing 4wk vs prior 4wk).; Inventory coverage improved from 1.9 to 7.4 days of supply.; Late deliveries for this product-warehouse rose from 0 to 1 orders over the last 4 weeks."
SKU-Warehouse,SKU-00044,Automotive Parts,Lake Mark Distribution Center,2025-12-22,0.248,Low,Late deliveries for this product-warehouse rose from 0 to 3 orders over the last 4 weeks.; Stockout-flagged orders increased from 0 to 1 in the same comparison window.
SKU-Warehouse,SKU-00045,Personal Care,New Roberttown Distribution Center,2025-12-22,0.292,Medium,"Demand decreased 16% (1160 -> 979 units/week, trailing 4wk vs prior 4wk)."
SKU-Warehouse,SKU-00045,Personal Care,East Jessetown Distribution Center,2025-12-22,0.573,High,"Demand decreased 23% (1274 -> 986 units/week, trailing 4wk vs prior 4wk)."
SKU-Warehouse,SKU-00045,Personal Care,Lake Debra Distribution Center,2025-12-22,0.408,Medium,"Demand decreased 12% (907 -> 802 units/week, trailing 4wk vs prior 4wk)."
SKU-Warehouse,SKU-00045,Personal Care,Ericmouth Distribution Center,2025-12-22,0.248,Low,"Demand increased 33% (980 -> 1300 units/week, trailing 4wk vs prior 4wk)."
SKU-Warehouse,SKU-00045,Personal Care,Cassandraton Distribution Center,2025-12-22,0.495,Medium,Inventory coverage improved from 6.3 to 11.6 days of supply.; Late deliveries for this product-warehouse rose from 4 to 6 orders over the last 4 weeks.
SKU-Warehouse,SKU-00045,Personal Care,Herrerafurt Distribution Center,2025-12-22,0.499,Medium,Inventory coverage declined from 6.1 to 4.3 days of supply.
SKU-Warehouse,SKU-00045,Personal Care,New Kellystad Distribution Center,2025-12-22,0.346,Medium,"Demand decreased 24% (551 -> 417 units/week, trailing 4wk vs prior 4wk).; Inventory coverage improved from 7.7 to 8.8 days of supply."
SKU-Warehouse,SKU-00045,Personal Care,Port Keith Distribution Center,2025-12-22,0.301,Medium,"Demand decreased 25% (741 -> 554 units/week, trailing 4wk vs prior 4wk)."
SKU-Warehouse,SKU-00045,Personal Care,Port Jesseville Distribution Center,2025-12-22,0.402,Medium,"No material week-over-week deviation found in demand, inventory coverage, or delivery reliability for this product-warehouse in the most recent comparison window."
SKU-Warehouse,SKU-00045,Personal Care,New Jessica Distribution Center,2025-12-22,0.539,High,"Demand decreased 28% (1414 -> 1025 units/week, trailing 4wk vs prior 4wk).; Inventory coverage improved from 2.2 to 3.4 days of supply.; Late deliveries for this product-warehouse rose from 2 to 3 orders over the last 4 weeks."
SKU-Warehouse,SKU-00045,Personal Care,South Noah Distribution Center,2025-12-22,0.594,High,"Demand increased 56% (912 -> 1422 units/week, trailing 4wk vs prior 4wk).; Late deliveries for this product-warehouse rose from 2 to 5 orders over the last 4 weeks.; Stockout-flagged orders increased from 0 to 1 in the same comparison window."
SKU-Warehouse,SKU-00046,Personal Care,Lisatown Distribution Center,2025-12-22,0.275,Medium,"Demand decreased 18% (272 -> 222 units/week, trailing 4wk vs prior 4wk).; Inventory coverage declined from 5.8 to 0.0 days of supply."
SKU-Warehouse,SKU-00046,Personal Care,Herrerafurt Distribution Center,2025-12-22,0.395,Medium,"Demand decreased 17% (309 -> 258 units/week, trailing 4wk vs prior 4wk)."
SKU-Warehouse,SKU-00046,Personal Care,Lake Chad Distribution Center,2025-12-22,0.278,Medium,"Demand decreased 28% (309 -> 222 units/week, trailing 4wk vs prior 4wk)."
SKU-Warehouse,SKU-00047,Apparel,East Jessetown Distribution Center,2025-12-22,0.296,Medium,"Demand increased 41% (2387 -> 3363 units/week, trailing 4wk vs prior 4wk).; Late deliveries for this product-warehouse rose from 2 to 5 orders over the last 4 weeks.; Stockout-flagged orders increased from 1 to 2 in the same comparison window."
SKU-Warehouse,SKU-00047,Apparel,North Noahstad Distribution Center,2025-12-22,0.727,High,"No material week-over-week deviation found in demand, inventory coverage, or delivery reliability for this product-warehouse in the most recent comparison window."
SKU-Warehouse,SKU-00047,Apparel,West Michael Distribution Center,2025-12-22,0.71,High,"Demand increased 25% (1606 -> 2012 units/week, trailing 4wk vs prior 4wk).; Inventory coverage improved from 0.8 to 2.9 days of supply.; Stockout-flagged orders increased from 0 to 1 in the same comparison window."
SKU-Warehouse,SKU-00047,Apparel,New Jessica Distribution Center,2025-12-22,0.773,High,"Demand increased 21% (2034 -> 2458 units/week, trailing 4wk vs prior 4wk).; Late deliveries for this product-warehouse rose from 3 to 4 orders over the last 4 weeks.; Stockout-flagged orders increased from 1 to 2 in the same comparison window."
SKU-Warehouse,SKU-00047,Apparel,Lake Mark Distribution Center,2025-12-22,0.652,High,"Demand increased 51% (1905 -> 2882 units/week, trailing 4wk vs prior 4wk).; Inventory coverage improved from 0.2 to 1.2 days of supply.; Late deliveries for this product-warehouse rose from 2 to 3 orders over the last 4 weeks.; Stockout-flagged orders increased from 0 to 1 in the same comparison window."
SKU-Warehouse,SKU-00048,Home & Kitchen,North Judithbury Distribution Center,2025-12-22,0.115,Low,"Demand increased 12% (1847 -> 2067 units/week, trailing 4wk vs prior 4wk).; Inventory coverage declined from 8.9 to 6.7 days of supply.; Stockout-flagged orders increased from 0 to 2 in the same comparison window."
SKU-Warehouse,SKU-00048,Home & Kitchen,East Jessetown Distribution Center,2025-12-22,0.504,High,"Demand increased 50% (1809 -> 2716 units/week, trailing 4wk vs prior 4wk).; Inventory coverage improved from 4.8 to 7.7 days of supply.; Late deliveries for this product-warehouse rose from 0 to 3 orders over the last 4 weeks.; Stockout-flagged orders increased from 0 to 2 in the same comparison window."
SKU-Warehouse,SKU-00048,Home & Kitchen,Lake Debra Distribution Center,2025-12-22,0.423,Medium,"No material week-over-week deviation found in demand, inventory coverage, or delivery reliability for this product-warehouse in the most recent comparison window."
SKU-Warehouse,SKU-00048,Home & Kitchen,Lake Roberto Distribution Center,2025-12-22,0.43,Medium,"No material week-over-week deviation found in demand, inventory coverage, or delivery reliability for this product-warehouse in the most recent comparison window."
SKU-Warehouse,SKU-00048,Home & Kitchen,Ericmouth Distribution Center,2025-12-22,0.543,High,"Demand increased 17% (1614 -> 1890 units/week, trailing 4wk vs prior 4wk).; Inventory coverage improved from 3.9 to 4.7 days of supply.; Late deliveries for this product-warehouse rose from 0 to 1 orders over the last 4 weeks."
SKU-Warehouse,SKU-00048,Home & Kitchen,New Kellystad Distribution Center,2025-12-22,0.137,Low,"Demand increased 49% (1218 -> 1814 units/week, trailing 4wk vs prior 4wk).; Late deliveries for this product-warehouse rose from 1 to 2 orders over the last 4 weeks."
SKU-Warehouse,SKU-00048,Home & Kitchen,Ramirezstad Distribution Center,2025-12-22,0.633,High,"Demand increased 40% (1702 -> 2386 units/week, trailing 4wk vs prior 4wk).; Late deliveries for this product-warehouse rose from 0 to 2 orders over the last 4 weeks.; Stockout-flagged orders increased from 0 to 2 in the same comparison window."
SKU-Warehouse,SKU-00048,Home & Kitchen,West Michael Distribution Center,2025-12-22,0.355,Medium,"Demand decreased 32% (1756 -> 1202 units/week, trailing 4wk vs prior 4wk).; Inventory coverage improved from 3.4 to 3.8 days of supply."
SKU-Warehouse,SKU-00048,Home & Kitchen,South Noah Distribution Center,2025-12-22,0.551,High,"Demand increased 11% (1772 -> 1964 units/week, trailing 4wk vs prior 4wk)."
SKU-Warehouse,SKU-00048,Home & Kitchen,Lake Mark Distribution Center,2025-12-22,0.444,Medium,"Demand increased 46% (1838 -> 2686 units/week, trailing 4wk vs prior 4wk).; Inventory coverage improved from 3.7 to 14.7 days of supply."
SKU-Warehouse,SKU-00049,Electronics,East Jessetown Distribution Center,2025-12-22,0.443,Medium,"Demand increased 14% (1455 -> 1660 units/week, trailing 4wk vs prior 4wk)."
SKU-Warehouse,SKU-00049,Electronics,Lake Debra Distribution Center,2025-12-22,0.096,Low,Inventory coverage improved from 3.4 to 8.1 days of supply.; Late deliveries for this product-warehouse rose from 0 to 1 orders over the last 4 weeks.
SKU-Warehouse,SKU-00049,Electronics,Cassandraton Distribution Center,2025-12-22,0.201,Low,Inventory coverage declined from 6.0 to 4.5 days of supply.; Late deliveries for this product-warehouse rose from 2 to 5 orders over the last 4 weeks.; Stockout-flagged orders increased from 0 to 3 in the same comparison window.
SKU-Warehouse,SKU-00049,Electronics,Port Jesseville Distribution Center,2025-12-22,0.2,Low,"No material week-over-week deviation found in demand, inventory coverage, or delivery reliability for this product-warehouse in the most recent comparison window."
SKU-Warehouse,SKU-00049,Electronics,Ramirezstad Distribution Center,2025-12-22,0.259,Medium,"Demand decreased 10% (1052 -> 946 units/week, trailing 4wk vs prior 4wk).; Inventory coverage improved from 7.5 to 11.6 days of supply.; Late deliveries for this product-warehouse rose from 1 to 2 orders over the last 4 weeks."
SKU-Warehouse,SKU-00050,Home & Kitchen,Ericmouth Distribution Center,2025-12-22,0.121,Low,"Demand decreased 97% (38436 -> 1136 units/week, trailing 4wk vs prior 4wk)."
SKU-Warehouse,SKU-00050,Home & Kitchen,North Noahstad Distribution Center,2025-12-22,0.163,Low,"Demand increased 27% (1588 -> 2014 units/week, trailing 4wk vs prior 4wk).; Late deliveries for this product-warehouse rose from 0 to 2 orders over the last 4 weeks.; Stockout-flagged orders increased from 0 to 1 in the same comparison window."
SKU-Warehouse,SKU-00050,Home & Kitchen,Cassandraton Distribution Center,2025-12-22,0.439,Medium,"Demand increased 123% (1336 -> 2978 units/week, trailing 4wk vs prior 4wk).; Inventory coverage declined from 3.4 to 1.2 days of supply.; Late deliveries for this product-warehouse rose from 1 to 3 orders over the last 4 weeks.; Stockout-flagged orders increased from 0 to 2 in the same comparison window."
SKU-Warehouse,SKU-00050,Home & Kitchen,Herrerafurt Distribution Center,2025-12-22,0.572,High,"Demand decreased 30% (2920 -> 2042 units/week, trailing 4wk vs prior 4wk)."
SKU-Warehouse,SKU-00050,Home & Kitchen,New Kellystad Distribution Center,2025-12-22,0.1,Low,"Demand increased 20% (541 -> 650 units/week, trailing 4wk vs prior 4wk).; Inventory coverage declined from 10.9 to 5.0 days of supply."
SKU-Warehouse,SKU-00050,Home & Kitchen,Port Keith Distribution Center,2025-12-22,0.085,Low,"Demand increased 26% (830 -> 1048 units/week, trailing 4wk vs prior 4wk)."
SKU-Warehouse,SKU-00050,Home & Kitchen,New Jessica Distribution Center,2025-12-22,0.211,Low,"No material week-over-week deviation found in demand, inventory coverage, or delivery reliability for this product-warehouse in the most recent comparison window."
SKU-Warehouse,SKU-00051,Personal Care,North Judithbury Distribution Center,2025-12-22,0.351,Medium,"No material week-over-week deviation found in demand, inventory coverage, or delivery reliability for this product-warehouse in the most recent comparison window."
SKU-Warehouse,SKU-00051,Personal Care,Lisatown Distribution Center,2025-12-22,0.249,Low,"Demand increased 153% (218 -> 550 units/week, trailing 4wk vs prior 4wk).; Inventory coverage declined from 20.0 to 15.0 days of supply.; Late deliveries for this product-warehouse rose from 1 to 4 orders over the last 4 weeks.; Stockout-flagged orders increased from 0 to 3 in the same comparison window."
SKU-Warehouse,SKU-00051,Personal Care,Cassandraton Distribution Center,2025-12-22,0.297,Medium,"Demand decreased 28% (401 -> 290 units/week, trailing 4wk vs prior 4wk)."
SKU-Warehouse,SKU-00051,Personal Care,New Kellystad Distribution Center,2025-12-22,0.523,High,"Demand decreased 14% (206 -> 176 units/week, trailing 4wk vs prior 4wk)."
SKU-Warehouse,SKU-00051,Personal Care,Lake Chad Distribution Center,2025-12-22,0.476,Medium,"Demand increased 39% (328 -> 456 units/week, trailing 4wk vs prior 4wk).; Inventory coverage declined from 6.9 to 2.0 days of supply.; Late deliveries for this product-warehouse rose from 0 to 2 orders over the last 4 weeks."
SKU-Warehouse,SKU-00051,Personal Care,New Jessica Distribution Center,2025-12-22,0.314,Medium,"Demand increased 38% (356 -> 492 units/week, trailing 4wk vs prior 4wk)."
SKU-Warehouse,SKU-00051,Personal Care,Lake Mark Distribution Center,2025-12-22,0.421,Medium,"Demand decreased 44% (706 -> 398 units/week, trailing 4wk vs prior 4wk).; Inventory coverage declined from 8.4 to 6.3 days of supply."
SKU-Warehouse,SKU-00052,Apparel,East Jill Distribution Center,2025-12-22,0.247,Low,"Demand increased 103% (294 -> 598 units/week, trailing 4wk vs prior 4wk)."
SKU-Warehouse,SKU-00052,Apparel,East Jessetown Distribution Center,2025-12-22,0.227,Low,"No material week-over-week deviation found in demand, inventory coverage, or delivery reliability for this product-warehouse in the most recent comparison window."
SKU-Warehouse,SKU-00052,Apparel,Lake Debra Distribution Center,2025-12-22,0.227,Low,"Demand decreased 70% (568 -> 172 units/week, trailing 4wk vs prior 4wk).; Inventory coverage improved from 1.7 to 4.3 days of supply."
SKU-Warehouse,SKU-00052,Apparel,Lisatown Distribution Center,2025-12-22,0.304,Medium,"Demand decreased 36% (406 -> 260 units/week, trailing 4wk vs prior 4wk).; Inventory coverage declined from 9.4 to 0.0 days of supply."
SKU-Warehouse,SKU-00052,Apparel,Ericmouth Distribution Center,2025-12-22,0.298,Medium,"Demand decreased 27% (489 -> 357 units/week, trailing 4wk vs prior 4wk)."
SKU-Warehouse,SKU-00052,Apparel,North Noahstad Distribution Center,2025-12-22,0.345,Medium,"Demand decreased 18% (580 -> 476 units/week, trailing 4wk vs prior 4wk).; Late deliveries for this product-warehouse rose from 1 to 2 orders over the last 4 weeks."
SKU-Warehouse,SKU-00052,Apparel,Cassandraton Distribution Center,2025-12-22,0.22,Low,"No material week-over-week deviation found in demand, inventory coverage, or delivery reliability for this product-warehouse in the most recent comparison window."
SKU-Warehouse,SKU-00052,Apparel,Port Keith Distribution Center,2025-12-22,0.289,Medium,"Demand increased 72% (202 -> 347 units/week, trailing 4wk vs prior 4wk)."
SKU-Warehouse,SKU-00052,Apparel,Jacquelineland Distribution Center,2025-12-22,0.233,Low,"Demand decreased 19% (381 -> 307 units/week, trailing 4wk vs prior 4wk)."
SKU-Warehouse,SKU-00052,Apparel,Lake Mark Distribution Center,2025-12-22,0.233,Low,Inventory coverage declined from 5.3 to 4.4 days of supply.; Late deliveries for this product-warehouse rose from 0 to 2 orders over the last 4 weeks.; Stockout-flagged orders increased from 0 to 1 in the same comparison window.
SKU-Warehouse,SKU-00053,Apparel,North Judithbury Distribution Center,2025-12-22,0.474,Medium,"Demand decreased 11% (2307 -> 2056 units/week, trailing 4wk vs prior 4wk)."
SKU-Warehouse,SKU-00053,Apparel,New Roberttown Distribution Center,2025-12-22,0.583,High,Inventory coverage improved from 5.1 to 6.3 days of supply.; Late deliveries for this product-warehouse rose from 1 to 2 orders over the last 4 weeks.; Stockout-flagged orders increased from 0 to 1 in the same comparison window.
SKU-Warehouse,SKU-00053,Apparel,Lake Debra Distribution Center,2025-12-22,0.421,Medium,"Demand increased 24% (1332 -> 1646 units/week, trailing 4wk vs prior 4wk).; Late deliveries for this product-warehouse rose from 3 to 4 orders over the last 4 weeks."
SKU-Warehouse,SKU-00053,Apparel,Lake Roberto Distribution Center,2025-12-22,0.529,High,"Demand decreased 36% (2533 -> 1609 units/week, trailing 4wk vs prior 4wk).; Stockout-flagged orders increased from 0 to 1 in the same comparison window."
SKU-Warehouse,SKU-00053,Apparel,Ericmouth Distribution Center,2025-12-22,0.666,High,Inventory coverage improved from 6.2 to 7.1 days of supply.; Stockout-flagged orders increased from 0 to 1 in the same comparison window.
SKU-Warehouse,SKU-00053,Apparel,Lake Chad Distribution Center,2025-12-22,0.66,High,"Demand decreased 31% (3037 -> 2082 units/week, trailing 4wk vs prior 4wk).; Inventory coverage improved from 2.3 to 9.3 days of supply."
SKU-Warehouse,SKU-00053,Apparel,West Michael Distribution Center,2025-12-22,0.486,Medium,"Demand increased 27% (1703 -> 2168 units/week, trailing 4wk vs prior 4wk).; Late deliveries for this product-warehouse rose from 0 to 2 orders over the last 4 weeks.; Stockout-flagged orders increased from 0 to 1 in the same comparison window."
SKU-Warehouse,SKU-00053,Apparel,Jacquelineland Distribution Center,2025-12-22,0.725,High,"Demand decreased 37% (3125 -> 1978 units/week, trailing 4wk vs prior 4wk)."
SKU-Warehouse,SKU-00053,Apparel,New Jessica Distribution Center,2025-12-22,0.679,High,"Demand increased 128% (1457 -> 3319 units/week, trailing 4wk vs prior 4wk).; Late deliveries for this product-warehouse rose from 2 to 11 orders over the last 4 weeks.; Stockout-flagged orders increased from 0 to 6 in the same comparison window."
SKU-Warehouse,SKU-00054,Apparel,East Jill Distribution Center,2025-12-22,0.192,Low,"Demand decreased 46% (1966 -> 1057 units/week, trailing 4wk vs prior 4wk)."
SKU-Warehouse,SKU-00054,Apparel,East Jessetown Distribution Center,2025-12-22,0.362,Medium,"Demand decreased 42% (2366 -> 1380 units/week, trailing 4wk vs prior 4wk).; Inventory coverage declined from 2.8 to 0.0 days of supply."
SKU-Warehouse,SKU-00054,Apparel,Robinsonshire Distribution Center,2025-12-22,0.257,Medium,"Demand decreased 22% (1237 -> 967 units/week, trailing 4wk vs prior 4wk).; Inventory coverage declined from 11.9 to 9.0 days of supply."
SKU-Warehouse,SKU-00054,Apparel,Lisatown Distribution Center,2025-12-22,0.343,Medium,"Demand increased 11% (1079 -> 1198 units/week, trailing 4wk vs prior 4wk).; Inventory coverage improved from 2.7 to 4.5 days of supply."
SKU-Warehouse,SKU-00054,Apparel,North Noahstad Distribution Center,2025-12-22,0.346,Medium,"Demand decreased 32% (1703 -> 1162 units/week, trailing 4wk vs prior 4wk)."
SKU-Warehouse,SKU-00054,Apparel,Herrerafurt Distribution Center,2025-12-22,0.301,Medium,"Demand decreased 30% (2198 -> 1537 units/week, trailing 4wk vs prior 4wk)."
SKU-Warehouse,SKU-00054,Apparel,New Kellystad Distribution Center,2025-12-22,0.664,High,"Demand increased 33% (946 -> 1263 units/week, trailing 4wk vs prior 4wk).; Inventory coverage declined from 4.1 to 0.0 days of supply.; Stockout-flagged orders increased from 0 to 1 in the same comparison window."
SKU-Warehouse,SKU-00054,Apparel,Port Jesseville Distribution Center,2025-12-22,0.376,Medium,"Demand decreased 11% (858 -> 763 units/week, trailing 4wk vs prior 4wk)."
SKU-Warehouse,SKU-00054,Apparel,Ramirezstad Distribution Center,2025-12-22,0.127,Low,"Demand increased 23% (1476 -> 1810 units/week, trailing 4wk vs prior 4wk).; Late deliveries for this product-warehouse rose from 0 to 5 orders over the last 4 weeks.; Stockout-flagged orders increased from 0 to 3 in the same comparison window."
SKU-Warehouse,SKU-00055,Office Supplies,Lake Roberto Distribution Center,2025-12-22,0.419,Medium,"Demand increased 38% (1317 -> 1817 units/week, trailing 4wk vs prior 4wk).; Inventory coverage improved from 3.4 to 7.2 days of supply.; Late deliveries for this product-warehouse rose from 0 to 4 orders over the last 4 weeks.; Stockout-flagged orders increased from 0 to 2 in the same comparison window."
SKU-Warehouse,SKU-00055,Office Supplies,North Noahstad Distribution Center,2025-12-22,0.313,Medium,Inventory coverage improved from 7.8 to 11.9 days of supply.
SKU-Warehouse,SKU-00055,Office Supplies,Cassandraton Distribution Center,2025-12-22,0.353,Medium,"Demand increased 35% (1404 -> 1890 units/week, trailing 4wk vs prior 4wk).; Inventory coverage declined from 4.9 to 0.0 days of supply."
SKU-Warehouse,SKU-00055,Office Supplies,New Kellystad Distribution Center,2025-12-22,0.486,Medium,"Demand decreased 50% (1747 -> 875 units/week, trailing 4wk vs prior 4wk)."
SKU-Warehouse,SKU-00055,Office Supplies,Port Keith Distribution Center,2025-12-22,0.429,Medium,"Demand increased 67% (840 -> 1404 units/week, trailing 4wk vs prior 4wk).; Late deliveries for this product-warehouse rose from 0 to 1 orders over the last 4 weeks."
SKU-Warehouse,SKU-00055,Office Supplies,Port Jesseville Distribution Center,2025-12-22,0.458,Medium,"No material week-over-week deviation found in demand, inventory coverage, or delivery reliability for this product-warehouse in the most recent comparison window."
SKU-Warehouse,SKU-00055,Office Supplies,Jacquelineland Distribution Center,2025-12-22,0.439,Medium,"Demand increased 71% (1734 -> 2970 units/week, trailing 4wk vs prior 4wk).; Inventory coverage declined from 7.6 to 6.5 days of supply.; Late deliveries for this product-warehouse rose from 1 to 5 orders over the last 4 weeks."
SKU-Warehouse,SKU-00055,Office Supplies,South Noah Distribution Center,2025-12-22,0.558,High,"Demand decreased 20% (2233 -> 1777 units/week, trailing 4wk vs prior 4wk).; Late deliveries for this product-warehouse rose from 3 to 4 orders over the last 4 weeks."
SKU-Warehouse,SKU-00056,Electronics,North Judithbury Distribution Center,2025-12-22,0.409,Medium,Inventory coverage declined from 4.4 to 1.2 days of supply.; Stockout-flagged orders increased from 0 to 2 in the same comparison window.
SKU-Warehouse,SKU-00056,Electronics,New Roberttown Distribution Center,2025-12-22,0.343,Medium,"Demand decreased 18% (891 -> 730 units/week, trailing 4wk vs prior 4wk).; Inventory coverage declined from 10.5 to 2.2 days of supply."
SKU-Warehouse,SKU-00056,Electronics,East Jessetown Distribution Center,2025-12-22,0.469,Medium,"Demand increased 10% (1145 -> 1264 units/week, trailing 4wk vs prior 4wk).; Inventory coverage declined from 12.5 to 10.7 days of supply.; Late deliveries for this product-warehouse rose from 1 to 2 orders over the last 4 weeks."
SKU-Warehouse,SKU-00056,Electronics,Lake Debra Distribution Center,2025-12-22,0.159,Low,"No material week-over-week deviation found in demand, inventory coverage, or delivery reliability for this product-warehouse in the most recent comparison window."
SKU-Warehouse,SKU-00056,Electronics,Robinsonshire Distribution Center,2025-12-22,0.417,Medium,"No material week-over-week deviation found in demand, inventory coverage, or delivery reliability for this product-warehouse in the most recent comparison window."
SKU-Warehouse,SKU-00056,Electronics,Lake Roberto Distribution Center,2025-12-22,0.255,Medium,"Demand increased 45% (954 -> 1379 units/week, trailing 4wk vs prior 4wk).; Late deliveries for this product-warehouse rose from 1 to 3 orders over the last 4 weeks.; Stockout-flagged orders increased from 0 to 1 in the same comparison window."
SKU-Warehouse,SKU-00056,Electronics,New Kellystad Distribution Center,2025-12-22,0.154,Low,"Demand decreased 22% (849 -> 664 units/week, trailing 4wk vs prior 4wk)."
SKU-Warehouse,SKU-00056,Electronics,West Michael Distribution Center,2025-12-22,0.283,Medium,"Demand increased 14% (1342 -> 1532 units/week, trailing 4wk vs prior 4wk).; Stockout-flagged orders increased from 0 to 1 in the same comparison window."
SKU-Warehouse,SKU-00056,Electronics,Jacquelineland Distribution Center,2025-12-22,0.495,Medium,"Demand increased 13% (930 -> 1051 units/week, trailing 4wk vs prior 4wk).; Late deliveries for this product-warehouse rose from 2 to 4 orders over the last 4 weeks."
SKU-Warehouse,SKU-00057,Packaged Foods,East Jill Distribution Center,2025-12-22,0.496,Medium,"Demand decreased 10% (1757 -> 1580 units/week, trailing 4wk vs prior 4wk).; Inventory coverage improved from 1.5 to 6.1 days of supply."
SKU-Warehouse,SKU-00057,Packaged Foods,Robinsonshire Distribution Center,2025-12-22,0.456,Medium,"No material week-over-week deviation found in demand, inventory coverage, or delivery reliability for this product-warehouse in the most recent comparison window."
SKU-Warehouse,SKU-00057,Packaged Foods,Lisatown Distribution Center,2025-12-22,0.305,Medium,"Demand increased 119% (589 -> 1290 units/week, trailing 4wk vs prior 4wk).; Late deliveries for this product-warehouse rose from 1 to 4 orders over the last 4 weeks.; Stockout-flagged orders increased from 0 to 1 in the same comparison window."
SKU-Warehouse,SKU-00057,Packaged Foods,Port Keith Distribution Center,2025-12-22,0.616,High,Inventory coverage improved from 16.2 to 18.3 days of supply.; Late deliveries for this product-warehouse rose from 1 to 2 orders over the last 4 weeks.
SKU-Warehouse,SKU-00057,Packaged Foods,Port Jesseville Distribution Center,2025-12-22,0.551,High,"Demand increased 14% (666 -> 762 units/week, trailing 4wk vs prior 4wk).; Late deliveries for this product-warehouse rose from 2 to 3 orders over the last 4 weeks."
SKU-Warehouse,SKU-00058,Home & Kitchen,North Judithbury Distribution Center,2025-12-22,0.65,High,"Demand increased 38% (2374 -> 3276 units/week, trailing 4wk vs prior 4wk).; Late deliveries for this product-warehouse rose from 3 to 7 orders over the last 4 weeks.; Stockout-flagged orders increased from 1 to 2 in the same comparison window."
SKU-Warehouse,SKU-00058,Home & Kitchen,New Roberttown Distribution Center,2025-12-22,0.148,Low,Late deliveries for this product-warehouse rose from 0 to 3 orders over the last 4 weeks.
SKU-Warehouse,SKU-00058,Home & Kitchen,Lake Debra Distribution Center,2025-12-22,0.654,High,"Demand increased 38% (940 -> 1300 units/week, trailing 4wk vs prior 4wk).; Inventory coverage improved from 2.9 to 4.2 days of supply.; Late deliveries for this product-warehouse rose from 0 to 2 orders over the last 4 weeks."
SKU-Warehouse,SKU-00058,Home & Kitchen,Robinsonshire Distribution Center,2025-12-22,0.552,High,"Demand decreased 22% (1447 -> 1122 units/week, trailing 4wk vs prior 4wk)."
SKU-Warehouse,SKU-00058,Home & Kitchen,Lisatown Distribution Center,2025-12-22,0.421,Medium,"No material week-over-week deviation found in demand, inventory coverage, or delivery reliability for this product-warehouse in the most recent comparison window."
SKU-Warehouse,SKU-00058,Home & Kitchen,Port Jesseville Distribution Center,2025-12-22,0.361,Medium,Inventory coverage declined from 15.4 to 6.3 days of supply.
SKU-Warehouse,SKU-00058,Home & Kitchen,West Michael Distribution Center,2025-12-22,0.488,Medium,"No material week-over-week deviation found in demand, inventory coverage, or delivery reliability for this product-warehouse in the most recent comparison window."
SKU-Warehouse,SKU-00058,Home & Kitchen,New Jessica Distribution Center,2025-12-22,0.564,High,"No material week-over-week deviation found in demand, inventory coverage, or delivery reliability for this product-warehouse in the most recent comparison window."
SKU-Warehouse,SKU-00058,Home & Kitchen,South Noah Distribution Center,2025-12-22,0.069,Low,"Demand increased 139% (1170 -> 2792 units/week, trailing 4wk vs prior 4wk).; Late deliveries for this product-warehouse rose from 1 to 6 orders over the last 4 weeks.; Stockout-flagged orders increased from 0 to 2 in the same comparison window."
SKU-Warehouse,SKU-00058,Home & Kitchen,Lake Mark Distribution Center,2025-12-22,0.4,Medium,"Demand decreased 22% (2062 -> 1615 units/week, trailing 4wk vs prior 4wk)."
SKU-Warehouse,SKU-00059,Apparel,North Judithbury Distribution Center,2025-12-22,0.458,Medium,"Demand increased 17% (3028 -> 3554 units/week, trailing 4wk vs prior 4wk).; Inventory coverage improved from 2.7 to 5.8 days of supply.; Late deliveries for this product-warehouse rose from 2 to 4 orders over the last 4 weeks.; Stockout-flagged orders increased from 0 to 2 in the same comparison window."
SKU-Warehouse,SKU-00059,Apparel,West Michael Distribution Center,2025-12-22,0.214,Low,"Demand decreased 20% (1904 -> 1521 units/week, trailing 4wk vs prior 4wk)."
SKU-Warehouse,SKU-00059,Apparel,New Jessica Distribution Center,2025-12-22,0.802,Critical,Inventory coverage declined from 2.9 to 0.0 days of supply.; Late deliveries for this product-warehouse rose from 3 to 5 orders over the last 4 weeks.; Stockout-flagged orders increased from 1 to 2 in the same comparison window.
SKU-Warehouse,SKU-00060,Industrial Parts,North Judithbury Distribution Center,2025-12-22,0.335,Medium,"Demand increased 8472% (816 -> 69928 units/week, trailing 4wk vs prior 4wk).; Inventory coverage improved from 13.5 to 16.9 days of supply.; Late deliveries for this product-warehouse rose from 1 to 3 orders over the last 4 weeks."
SKU-Warehouse,SKU-00060,Industrial Parts,Robinsonshire Distribution Center,2025-12-22,0.212,Low,"Demand increased 78% (267 -> 476 units/week, trailing 4wk vs prior 4wk).; Late deliveries for this product-warehouse rose from 0 to 1 orders over the last 4 weeks."
SKU-Warehouse,SKU-00060,Industrial Parts,Ericmouth Distribution Center,2025-12-22,0.104,Low,"Demand increased 38% (494 -> 680 units/week, trailing 4wk vs prior 4wk).; Inventory coverage improved from 3.3 to 12.5 days of supply."
SKU-Warehouse,SKU-00060,Industrial Parts,Jacquelineland Distribution Center,2025-12-22,0.169,Low,"Demand increased 136% (314 -> 741 units/week, trailing 4wk vs prior 4wk).; Late deliveries for this product-warehouse rose from 2 to 4 orders over the last 4 weeks.; Stockout-flagged orders increased from 0 to 1 in the same comparison window."
SKU-Warehouse,SKU-00061,Electronics,East Jessetown Distribution Center,2025-12-22,0.217,Low,"Demand decreased 20% (241 -> 194 units/week, trailing 4wk vs prior 4wk).; Late deliveries for this product-warehouse rose from 0 to 2 orders over the last 4 weeks."
SKU-Warehouse,SKU-00061,Electronics,Lake Debra Distribution Center,2025-12-22,0.242,Low,"Demand decreased 24% (68 -> 52 units/week, trailing 4wk vs prior 4wk)."
SKU-Warehouse,SKU-00061,Electronics,Lisatown Distribution Center,2025-12-22,0.33,Medium,"Demand decreased 20% (151 -> 120 units/week, trailing 4wk vs prior 4wk).; Inventory coverage declined from 14.0 to 12.1 days of supply.; Late deliveries for this product-warehouse rose from 1 to 2 orders over the last 4 weeks."
SKU-Warehouse,SKU-00061,Electronics,Herrerafurt Distribution Center,2025-12-22,0.257,Medium,Late deliveries for this product-warehouse rose from 2 to 4 orders over the last 4 weeks.
SKU-Warehouse,SKU-00061,Electronics,Port Jesseville Distribution Center,2025-12-22,0.361,Medium,"Demand decreased 26% (143 -> 105 units/week, trailing 4wk vs prior 4wk)."
SKU-Warehouse,SKU-00061,Electronics,Ramirezstad Distribution Center,2025-12-22,0.149,Low,"Demand decreased 46% (189 -> 102 units/week, trailing 4wk vs prior 4wk).; Late deliveries for this product-warehouse rose from 0 to 1 orders over the last 4 weeks.; Stockout-flagged orders increased from 0 to 1 in the same comparison window."
SKU-Warehouse,SKU-00061,Electronics,West Michael Distribution Center,2025-12-22,0.187,Low,"Demand increased 42% (98 -> 139 units/week, trailing 4wk vs prior 4wk)."
SKU-Warehouse,SKU-00061,Electronics,Jacquelineland Distribution Center,2025-12-22,0.551,High,"Demand decreased 21% (140 -> 111 units/week, trailing 4wk vs prior 4wk)."
SKU-Warehouse,SKU-00061,Electronics,Lake Mark Distribution Center,2025-12-22,0.226,Low,Inventory coverage improved from 3.4 to 12.8 days of supply.; Late deliveries for this product-warehouse rose from 0 to 1 orders over the last 4 weeks.
SKU-Warehouse,SKU-00062,Industrial Parts,East Jill Distribution Center,2025-12-22,0.2,Low,"Demand increased 54% (755 -> 1165 units/week, trailing 4wk vs prior 4wk)."
SKU-Warehouse,SKU-00062,Industrial Parts,Ericmouth Distribution Center,2025-12-22,0.212,Low,"Demand decreased 13% (780 -> 678 units/week, trailing 4wk vs prior 4wk).; Inventory coverage improved from 4.3 to 5.9 days of supply."
SKU-Warehouse,SKU-00062,Industrial Parts,New Jessica Distribution Center,2025-12-22,0.579,High,"Demand increased 55% (1270 -> 1969 units/week, trailing 4wk vs prior 4wk).; Late deliveries for this product-warehouse rose from 3 to 5 orders over the last 4 weeks."
SKU-Warehouse,SKU-00062,Industrial Parts,Lake Mark Distribution Center,2025-12-22,0.239,Low,"Demand increased 17% (905 -> 1058 units/week, trailing 4wk vs prior 4wk).; Inventory coverage declined from 8.5 to 4.8 days of supply."
SKU-Warehouse,SKU-00063,Personal Care,North Judithbury Distribution Center,2025-12-22,0.705,High,"Demand increased 16% (1265 -> 1468 units/week, trailing 4wk vs prior 4wk).; Inventory coverage declined from 15.3 to 5.4 days of supply."
SKU-Warehouse,SKU-00063,Personal Care,East Jill Distribution Center,2025-12-22,0.364,Medium,Late deliveries for this product-warehouse rose from 4 to 5 orders over the last 4 weeks.; Stockout-flagged orders increased from 1 to 3 in the same comparison window.
SKU-Warehouse,SKU-00063,Personal Care,East Jessetown Distribution Center,2025-12-22,0.747,High,Late deliveries for this product-warehouse rose from 1 to 2 orders over the last 4 weeks.
SKU-Warehouse,SKU-00063,Personal Care,Lisatown Distribution Center,2025-12-22,0.564,High,"No material week-over-week deviation found in demand, inventory coverage, or delivery reliability for this product-warehouse in the most recent comparison window."
SKU-Warehouse,SKU-00063,Personal Care,Ericmouth Distribution Center,2025-12-22,0.339,Medium,"Demand increased 34% (1308 -> 1746 units/week, trailing 4wk vs prior 4wk).; Late deliveries for this product-warehouse rose from 3 to 5 orders over the last 4 weeks.; Stockout-flagged orders increased from 1 to 3 in the same comparison window."
SKU-Warehouse,SKU-00063,Personal Care,Jacquelineland Distribution Center,2025-12-22,0.676,High,"Demand increased 17% (1221 -> 1430 units/week, trailing 4wk vs prior 4wk)."
SKU-Warehouse,SKU-00064,Home & Kitchen,Lake Debra Distribution Center,2025-12-22,0.122,Low,"No material week-over-week deviation found in demand, inventory coverage, or delivery reliability for this product-warehouse in the most recent comparison window."
SKU-Warehouse,SKU-00064,Home & Kitchen,North Noahstad Distribution Center,2025-12-22,0.183,Low,"Demand increased 13% (853 -> 964 units/week, trailing 4wk vs prior 4wk)."
SKU-Warehouse,SKU-00064,Home & Kitchen,Cassandraton Distribution Center,2025-12-22,0.296,Medium,"No material week-over-week deviation found in demand, inventory coverage, or delivery reliability for this product-warehouse in the most recent comparison window."
SKU-Warehouse,SKU-00064,Home & Kitchen,Lake Chad Distribution Center,2025-12-22,0.41,Medium,"Demand increased 18% (865 -> 1018 units/week, trailing 4wk vs prior 4wk).; Stockout-flagged orders increased from 0 to 1 in the same comparison window."
SKU-Warehouse,SKU-00064,Home & Kitchen,Port Jesseville Distribution Center,2025-12-22,0.424,Medium,"Demand increased 89% (591 -> 1116 units/week, trailing 4wk vs prior 4wk).; Late deliveries for this product-warehouse rose from 1 to 3 orders over the last 4 weeks."
SKU-Warehouse,SKU-00064,Home & Kitchen,Ramirezstad Distribution Center,2025-12-22,0.231,Low,"No material week-over-week deviation found in demand, inventory coverage, or delivery reliability for this product-warehouse in the most recent comparison window."
SKU-Warehouse,SKU-00064,Home & Kitchen,Jacquelineland Distribution Center,2025-12-22,0.482,Medium,"Demand increased 43% (690 -> 990 units/week, trailing 4wk vs prior 4wk).; Late deliveries for this product-warehouse rose from 0 to 2 orders over the last 4 weeks.; Stockout-flagged orders increased from 0 to 1 in the same comparison window."
SKU-Warehouse,SKU-00065,Electronics,Cassandraton Distribution Center,2025-12-22,0.315,Medium,"Demand decreased 56% (1418 -> 620 units/week, trailing 4wk vs prior 4wk).; Inventory coverage declined from 10.1 to 3.7 days of supply."
SKU-Warehouse,SKU-00065,Electronics,Herrerafurt Distribution Center,2025-12-22,0.38,Medium,"Demand decreased 27% (1162 -> 844 units/week, trailing 4wk vs prior 4wk).; Inventory coverage declined from 20.1 to 16.0 days of supply."
SKU-Warehouse,SKU-00065,Electronics,Ramirezstad Distribution Center,2025-12-22,0.329,Medium,"Demand decreased 20% (1085 -> 867 units/week, trailing 4wk vs prior 4wk).; Inventory coverage declined from 8.3 to 5.6 days of supply."
SKU-Warehouse,SKU-00065,Electronics,Jacquelineland Distribution Center,2025-12-22,0.196,Low,Inventory coverage declined from 26.5 to 23.7 days of supply.
SKU-Warehouse,SKU-00066,Automotive Parts,New Roberttown Distribution Center,2025-12-22,0.15,Low,"Demand increased 10% (80 -> 88 units/week, trailing 4wk vs prior 4wk)."
SKU-Warehouse,SKU-00066,Automotive Parts,Robinsonshire Distribution Center,2025-12-22,0.223,Low,"Demand increased 19% (136 -> 163 units/week, trailing 4wk vs prior 4wk).; Inventory coverage improved from 2.3 to 3.0 days of supply."
SKU-Warehouse,SKU-00066,Automotive Parts,Herrerafurt Distribution Center,2025-12-22,0.13,Low,"Demand decreased 17% (230 -> 191 units/week, trailing 4wk vs prior 4wk).; Inventory coverage declined from 1.3 to 1.0 days of supply."
SKU-Warehouse,SKU-00066,Automotive Parts,New Kellystad Distribution Center,2025-12-22,0.069,Low,"No material week-over-week deviation found in demand, inventory coverage, or delivery reliability for this product-warehouse in the most recent comparison window."
SKU-Warehouse,SKU-00066,Automotive Parts,Port Keith Distribution Center,2025-12-22,0.134,Low,"Demand decreased 21% (115 -> 90 units/week, trailing 4wk vs prior 4wk).; Late deliveries for this product-warehouse rose from 1 to 2 orders over the last 4 weeks."
SKU-Warehouse,SKU-00066,Automotive Parts,Port Jesseville Distribution Center,2025-12-22,0.131,Low,"Demand decreased 20% (150 -> 120 units/week, trailing 4wk vs prior 4wk).; Late deliveries for this product-warehouse rose from 0 to 1 orders over the last 4 weeks."
SKU-Warehouse,SKU-00066,Automotive Parts,West Michael Distribution Center,2025-12-22,0.263,Medium,"Demand decreased 26% (162 -> 120 units/week, trailing 4wk vs prior 4wk).; Late deliveries for this product-warehouse rose from 0 to 1 orders over the last 4 weeks."
SKU-Warehouse,SKU-00066,Automotive Parts,New Jessica Distribution Center,2025-12-22,0.097,Low,"Demand decreased 25% (349 -> 262 units/week, trailing 4wk vs prior 4wk).; Inventory coverage improved from 2.2 to 9.1 days of supply."
SKU-Warehouse,SKU-00067,Automotive Parts,North Judithbury Distribution Center,2025-12-22,0.386,Medium,"Demand increased 32% (779 -> 1025 units/week, trailing 4wk vs prior 4wk).; Late deliveries for this product-warehouse rose from 1 to 2 orders over the last 4 weeks.; Stockout-flagged orders increased from 0 to 2 in the same comparison window."
SKU-Warehouse,SKU-00067,Automotive Parts,East Jill Distribution Center,2025-12-22,0.278,Medium,Inventory coverage declined from 6.7 to 2.7 days of supply.
SKU-Warehouse,SKU-00067,Automotive Parts,New Roberttown Distribution Center,2025-12-22,0.099,Low,"Demand decreased 38% (648 -> 405 units/week, trailing 4wk vs prior 4wk).; Late deliveries for this product-warehouse rose from 0 to 1 orders over the last 4 weeks."
SKU-Warehouse,SKU-00067,Automotive Parts,East Jessetown Distribution Center,2025-12-22,0.42,Medium,Inventory coverage improved from 5.2 to 5.9 days of supply.
SKU-Warehouse,SKU-00067,Automotive Parts,Robinsonshire Distribution Center,2025-12-22,0.129,Low,Late deliveries for this product-warehouse rose from 0 to 1 orders over the last 4 weeks.
SKU-Warehouse,SKU-00067,Automotive Parts,North Noahstad Distribution Center,2025-12-22,0.256,Medium,Late deliveries for this product-warehouse rose from 1 to 3 orders over the last 4 weeks.
SKU-Warehouse,SKU-00067,Automotive Parts,Lake Mark Distribution Center,2025-12-22,0.154,Low,"Demand increased 87% (787 -> 1473 units/week, trailing 4wk vs prior 4wk)."
SKU-Warehouse,SKU-00068,Automotive Parts,Lake Roberto Distribution Center,2025-12-22,0.395,Medium,"No material week-over-week deviation found in demand, inventory coverage, or delivery reliability for this product-warehouse in the most recent comparison window."
SKU-Warehouse,SKU-00068,Automotive Parts,North Noahstad Distribution Center,2025-12-22,0.386,Medium,"Demand decreased 49% (2843 -> 1442 units/week, trailing 4wk vs prior 4wk)."
SKU-Warehouse,SKU-00068,Automotive Parts,West Michael Distribution Center,2025-12-22,0.13,Low,"Demand decreased 15% (1350 -> 1144 units/week, trailing 4wk vs prior 4wk)."
SKU-Warehouse,SKU-00069,Electronics,East Jill Distribution Center,2025-12-22,0.15,Low,"Demand decreased 17% (742 -> 617 units/week, trailing 4wk vs prior 4wk)."
SKU-Warehouse,SKU-00069,Electronics,Cassandraton Distribution Center,2025-12-22,0.118,Low,"Demand decreased 31% (886 -> 615 units/week, trailing 4wk vs prior 4wk)."
SKU-Warehouse,SKU-00069,Electronics,New Kellystad Distribution Center,2025-12-22,0.118,Low,"Demand increased 44% (314 -> 452 units/week, trailing 4wk vs prior 4wk).; Late deliveries for this product-warehouse rose from 2 to 3 orders over the last 4 weeks."
SKU-Warehouse,SKU-00069,Electronics,Lake Chad Distribution Center,2025-12-22,0.134,Low,"Demand increased 94% (375 -> 729 units/week, trailing 4wk vs prior 4wk)."
SKU-Warehouse,SKU-00069,Electronics,West Michael Distribution Center,2025-12-22,0.174,Low,"Demand decreased 72% (860 -> 244 units/week, trailing 4wk vs prior 4wk).; Inventory coverage declined from 7.5 to 5.2 days of supply."
SKU-Warehouse,SKU-00070,Apparel,Lake Roberto Distribution Center,2025-12-22,0.129,Low,"Demand decreased 59% (770 -> 314 units/week, trailing 4wk vs prior 4wk)."
SKU-Warehouse,SKU-00070,Apparel,North Noahstad Distribution Center,2025-12-22,0.534,High,"Demand increased 34% (438 -> 586 units/week, trailing 4wk vs prior 4wk).; Inventory coverage declined from 0.4 to 0.2 days of supply."
SKU-Warehouse,SKU-00070,Apparel,New Kellystad Distribution Center,2025-12-22,0.492,Medium,"No material week-over-week deviation found in demand, inventory coverage, or delivery reliability for this product-warehouse in the most recent comparison window."
SKU-Warehouse,SKU-00071,Home & Kitchen,North Judithbury Distribution Center,2025-12-22,0.472,Medium,"Demand decreased 24% (515 -> 390 units/week, trailing 4wk vs prior 4wk).; Stockout-flagged orders increased from 0 to 1 in the same comparison window."
SKU-Warehouse,SKU-00071,Home & Kitchen,East Jill Distribution Center,2025-12-22,0.535,High,"Demand increased 70% (330 -> 559 units/week, trailing 4wk vs prior 4wk).; Stockout-flagged orders increased from 0 to 1 in the same comparison window."
SKU-Warehouse,SKU-00071,Home & Kitchen,Robinsonshire Distribution Center,2025-12-22,0.538,High,"Demand decreased 48% (414 -> 216 units/week, trailing 4wk vs prior 4wk).; Inventory coverage declined from 13.8 to 9.1 days of supply.; Late deliveries for this product-warehouse rose from 1 to 2 orders over the last 4 weeks."
SKU-Warehouse,SKU-00071,Home & Kitchen,Lisatown Distribution Center,2025-12-22,0.345,Medium,"Demand increased 46% (343 -> 502 units/week, trailing 4wk vs prior 4wk).; Inventory coverage declined from 10.4 to 0.0 days of supply."
SKU-Warehouse,SKU-00071,Home & Kitchen,New Kellystad Distribution Center,2025-12-22,0.495,Medium,"Demand decreased 36% (305 -> 195 units/week, trailing 4wk vs prior 4wk)."
SKU-Warehouse,SKU-00071,Home & Kitchen,Port Keith Distribution Center,2025-12-22,0.476,Medium,Inventory coverage declined from 12.9 to 9.7 days of supply.
SKU-Warehouse,SKU-00071,Home & Kitchen,Port Jesseville Distribution Center,2025-12-22,0.47,Medium,Inventory coverage declined from 23.8 to 20.7 days of supply.; Late deliveries for this product-warehouse rose from 2 to 3 orders over the last 4 weeks.
SKU-Warehouse,SKU-00071,Home & Kitchen,Ramirezstad Distribution Center,2025-12-22,0.48,Medium,"Demand increased 51% (295 -> 446 units/week, trailing 4wk vs prior 4wk)."
SKU-Warehouse,SKU-00071,Home & Kitchen,Lake Mark Distribution Center,2025-12-22,0.474,Medium,"Demand decreased 16% (428 -> 362 units/week, trailing 4wk vs prior 4wk).; Late deliveries for this product-warehouse rose from 2 to 3 orders over the last 4 weeks.; Stockout-flagged orders increased from 0 to 1 in the same comparison window."
SKU-Warehouse,SKU-00072,Electronics,East Jill Distribution Center,2025-12-22,0.204,Low,"Demand increased 41% (861 -> 1216 units/week, trailing 4wk vs prior 4wk).; Late deliveries for this product-warehouse rose from 1 to 3 orders over the last 4 weeks."
SKU-Warehouse,SKU-00072,Electronics,New Roberttown Distribution Center,2025-12-22,0.494,Medium,"Demand decreased 27% (606 -> 440 units/week, trailing 4wk vs prior 4wk)."
SKU-Warehouse,SKU-00072,Electronics,Lake Debra Distribution Center,2025-12-22,0.523,High,"Demand increased 40% (400 -> 559 units/week, trailing 4wk vs prior 4wk)."
SKU-Warehouse,SKU-00072,Electronics,Ericmouth Distribution Center,2025-12-22,0.255,Medium,"Demand decreased 48% (970 -> 502 units/week, trailing 4wk vs prior 4wk)."
SKU-Warehouse,SKU-00072,Electronics,North Noahstad Distribution Center,2025-12-22,0.32,Medium,"Demand decreased 35% (1269 -> 828 units/week, trailing 4wk vs prior 4wk)."
SKU-Warehouse,SKU-00072,Electronics,Herrerafurt Distribution Center,2025-12-22,0.241,Low,"Demand decreased 45% (1252 -> 687 units/week, trailing 4wk vs prior 4wk)."
SKU-Warehouse,SKU-00072,Electronics,Lake Chad Distribution Center,2025-12-22,0.478,Medium,"Demand decreased 52% (1220 -> 584 units/week, trailing 4wk vs prior 4wk).; Inventory coverage improved from 1.1 to 3.1 days of supply."
SKU-Warehouse,SKU-00072,Electronics,Port Keith Distribution Center,2025-12-22,0.483,Medium,"Demand decreased 13% (560 -> 489 units/week, trailing 4wk vs prior 4wk).; Inventory coverage declined from 10.4 to 2.6 days of supply.; Late deliveries for this product-warehouse rose from 1 to 3 orders over the last 4 weeks."
SKU-Warehouse,SKU-00072,Electronics,West Michael Distribution Center,2025-12-22,0.429,Medium,"Demand increased 24% (651 -> 808 units/week, trailing 4wk vs prior 4wk).; Inventory coverage declined from 5.4 to 4.5 days of supply."
SKU-Warehouse,SKU-00072,Electronics,Lake Mark Distribution Center,2025-12-22,0.197,Low,"Demand increased 11% (836 -> 927 units/week, trailing 4wk vs prior 4wk).; Inventory coverage declined from 19.4 to 10.5 days of supply.; Late deliveries for this product-warehouse rose from 2 to 3 orders over the last 4 weeks.; Stockout-flagged orders increased from 0 to 1 in the same comparison window."
SKU-Warehouse,SKU-00073,Packaged Foods,East Jessetown Distribution Center,2025-12-22,0.451,Medium,"Demand increased 161% (623 -> 1624 units/week, trailing 4wk vs prior 4wk).; Inventory coverage declined from 18.9 to 14.2 days of supply.; Late deliveries for this product-warehouse rose from 1 to 3 orders over the last 4 weeks.; Stockout-flagged orders increased from 0 to 2 in the same comparison window."
SKU-Warehouse,SKU-00073,Packaged Foods,North Noahstad Distribution Center,2025-12-22,0.232,Low,Inventory coverage improved from 3.2 to 7.2 days of supply.
SKU-Warehouse,SKU-00073,Packaged Foods,Cassandraton Distribution Center,2025-12-22,0.322,Medium,"Demand decreased 33% (1035 -> 695 units/week, trailing 4wk vs prior 4wk).; Stockout-flagged orders increased from 0 to 1 in the same comparison window."
SKU-Warehouse,SKU-00073,Packaged Foods,Port Jesseville Distribution Center,2025-12-22,0.49,Medium,"Demand decreased 22% (900 -> 706 units/week, trailing 4wk vs prior 4wk)."
SKU-Warehouse,SKU-00073,Packaged Foods,Ramirezstad Distribution Center,2025-12-22,0.375,Medium,"No material week-over-week deviation found in demand, inventory coverage, or delivery reliability for this product-warehouse in the most recent comparison window."
SKU-Warehouse,SKU-00073,Packaged Foods,West Michael Distribution Center,2025-12-22,0.303,Medium,"Demand decreased 17% (697 -> 579 units/week, trailing 4wk vs prior 4wk)."
SKU-Warehouse,SKU-00073,Packaged Foods,New Jessica Distribution Center,2025-12-22,0.534,High,"Demand increased 75% (670 -> 1172 units/week, trailing 4wk vs prior 4wk).; Late deliveries for this product-warehouse rose from 1 to 2 orders over the last 4 weeks."
SKU-Warehouse,SKU-00073,Packaged Foods,South Noah Distribution Center,2025-12-22,0.368,Medium,"Demand increased 28% (779 -> 1000 units/week, trailing 4wk vs prior 4wk)."
SKU-Warehouse,SKU-00074,Personal Care,East Jill Distribution Center,2025-12-22,0.786,High,"Demand increased 25% (3802 -> 4771 units/week, trailing 4wk vs prior 4wk)."
SKU-Warehouse,SKU-00074,Personal Care,New Roberttown Distribution Center,2025-12-22,0.505,High,"Demand decreased 17% (1286 -> 1070 units/week, trailing 4wk vs prior 4wk)."
SKU-Warehouse,SKU-00074,Personal Care,East Jessetown Distribution Center,2025-12-22,0.72,High,"Demand increased 39% (3354 -> 4657 units/week, trailing 4wk vs prior 4wk).; Late deliveries for this product-warehouse rose from 8 to 9 orders over the last 4 weeks.; Stockout-flagged orders increased from 1 to 2 in the same comparison window."
SKU-Warehouse,SKU-00074,Personal Care,Robinsonshire Distribution Center,2025-12-22,0.731,High,"No material week-over-week deviation found in demand, inventory coverage, or delivery reliability for this product-warehouse in the most recent comparison window."
SKU-Warehouse,SKU-00074,Personal Care,Lisatown Distribution Center,2025-12-22,0.477,Medium,Inventory coverage improved from 3.7 to 4.1 days of supply.; Late deliveries for this product-warehouse rose from 6 to 9 orders over the last 4 weeks.; Stockout-flagged orders increased from 0 to 3 in the same comparison window.
SKU-Warehouse,SKU-00074,Personal Care,Ericmouth Distribution Center,2025-12-22,0.249,Low,Inventory coverage improved from 0.8 to 2.2 days of supply.; Stockout-flagged orders increased from 0 to 2 in the same comparison window.
SKU-Warehouse,SKU-00074,Personal Care,North Noahstad Distribution Center,2025-12-22,0.818,Critical,"Demand decreased 35% (4464 -> 2920 units/week, trailing 4wk vs prior 4wk)."
SKU-Warehouse,SKU-00074,Personal Care,Cassandraton Distribution Center,2025-12-22,0.706,High,"Demand increased 34% (2876 -> 3861 units/week, trailing 4wk vs prior 4wk).; Late deliveries for this product-warehouse rose from 5 to 6 orders over the last 4 weeks."
SKU-Warehouse,SKU-00074,Personal Care,West Michael Distribution Center,2025-12-22,0.802,Critical,"Demand decreased 94% (30702 -> 1823 units/week, trailing 4wk vs prior 4wk).; Inventory coverage declined from 4.1 to 0.0 days of supply."
SKU-Warehouse,SKU-00074,Personal Care,South Noah Distribution Center,2025-12-22,0.315,Medium,"Demand decreased 28% (3758 -> 2691 units/week, trailing 4wk vs prior 4wk).; Inventory coverage declined from 4.5 to 2.1 days of supply."
SKU-Warehouse,SKU-00074,Personal Care,Lake Mark Distribution Center,2025-12-22,0.567,High,"Demand decreased 28% (6238 -> 4464 units/week, trailing 4wk vs prior 4wk)."
SKU-Warehouse,SKU-00075,Packaged Foods,East Jessetown Distribution Center,2025-12-22,0.58,High,"Demand increased 73% (1215 -> 2096 units/week, trailing 4wk vs prior 4wk).; Inventory coverage declined from 14.2 to 4.7 days of supply.; Late deliveries for this product-warehouse rose from 3 to 4 orders over the last 4 weeks."
SKU-Warehouse,SKU-00075,Packaged Foods,Robinsonshire Distribution Center,2025-12-22,0.372,Medium,Inventory coverage declined from 7.5 to 5.9 days of supply.
SKU-Warehouse,SKU-00075,Packaged Foods,Lake Roberto Distribution Center,2025-12-22,0.326,Medium,"Demand decreased 16% (1083 -> 907 units/week, trailing 4wk vs prior 4wk).; Inventory coverage improved from 1.1 to 4.3 days of supply."
SKU-Warehouse,SKU-00075,Packaged Foods,North Noahstad Distribution Center,2025-12-22,0.626,High,"Demand increased 42% (1268 -> 1805 units/week, trailing 4wk vs prior 4wk).; Late deliveries for this product-warehouse rose from 1 to 7 orders over the last 4 weeks.; Stockout-flagged orders increased from 1 to 2 in the same comparison window."
SKU-Warehouse,SKU-00075,Packaged Foods,Cassandraton Distribution Center,2025-12-22,0.392,Medium,"Demand increased 47% (1188 -> 1746 units/week, trailing 4wk vs prior 4wk).; Inventory coverage improved from 10.9 to 12.4 days of supply.; Late deliveries for this product-warehouse rose from 0 to 3 orders over the last 4 weeks."
SKU-Warehouse,SKU-00075,Packaged Foods,Herrerafurt Distribution Center,2025-12-22,0.29,Medium,"Demand increased 42% (1540 -> 2180 units/week, trailing 4wk vs prior 4wk).; Inventory coverage declined from 1.5 to 0.0 days of supply.; Stockout-flagged orders increased from 0 to 1 in the same comparison window."
SKU-Warehouse,SKU-00075,Packaged Foods,New Kellystad Distribution Center,2025-12-22,0.274,Medium,"Demand decreased 12% (760 -> 666 units/week, trailing 4wk vs prior 4wk).; Inventory coverage improved from 7.1 to 10.5 days of supply."
SKU-Warehouse,SKU-00075,Packaged Foods,West Michael Distribution Center,2025-12-22,0.43,Medium,"Demand increased 71% (943 -> 1608 units/week, trailing 4wk vs prior 4wk).; Inventory coverage declined from 11.9 to 8.9 days of supply.; Late deliveries for this product-warehouse rose from 2 to 5 orders over the last 4 weeks.; Stockout-flagged orders increased from 0 to 2 in the same comparison window."
SKU-Warehouse,SKU-00075,Packaged Foods,Jacquelineland Distribution Center,2025-12-22,0.555,High,"Demand increased 74% (925 -> 1608 units/week, trailing 4wk vs prior 4wk).; Inventory coverage declined from 9.6 to 7.2 days of supply.; Late deliveries for this product-warehouse rose from 0 to 3 orders over the last 4 weeks.; Stockout-flagged orders increased from 0 to 1 in the same comparison window."
SKU-Warehouse,SKU-00075,Packaged Foods,South Noah Distribution Center,2025-12-22,0.591,High,"No material week-over-week deviation found in demand, inventory coverage, or delivery reliability for this product-warehouse in the most recent comparison window."
SKU-Warehouse,SKU-00076,Industrial Parts,New Roberttown Distribution Center,2025-12-22,0.055,Low,"Demand increased 52% (28 -> 43 units/week, trailing 4wk vs prior 4wk)."
SKU-Warehouse,SKU-00076,Industrial Parts,East Jessetown Distribution Center,2025-12-22,0.209,Low,"Demand increased 142% (48 -> 117 units/week, trailing 4wk vs prior 4wk).; Stockout-flagged orders increased from 0 to 1 in the same comparison window."
SKU-Warehouse,SKU-00076,Industrial Parts,Robinsonshire Distribution Center,2025-12-22,0.117,Low,"Demand increased 52% (46 -> 70 units/week, trailing 4wk vs prior 4wk).; Inventory coverage declined from 11.1 to 3.4 days of supply.; Late deliveries for this product-warehouse rose from 0 to 2 orders over the last 4 weeks."
SKU-Warehouse,SKU-00076,Industrial Parts,Lisatown Distribution Center,2025-12-22,0.071,Low,"Demand decreased 31% (94 -> 65 units/week, trailing 4wk vs prior 4wk).; Inventory coverage declined from 7.8 to 5.2 days of supply.; Late deliveries for this product-warehouse rose from 1 to 2 orders over the last 4 weeks."
SKU-Warehouse,SKU-00076,Industrial Parts,Ericmouth Distribution Center,2025-12-22,0.078,Low,Late deliveries for this product-warehouse rose from 1 to 2 orders over the last 4 weeks.
SKU-Warehouse,SKU-00076,Industrial Parts,Herrerafurt Distribution Center,2025-12-22,0.611,High,"No material week-over-week deviation found in demand, inventory coverage, or delivery reliability for this product-warehouse in the most recent comparison window."
SKU-Warehouse,SKU-00076,Industrial Parts,New Kellystad Distribution Center,2025-12-22,0.093,Low,Inventory coverage improved from 17.1 to 25.5 days of supply.
SKU-Warehouse,SKU-00076,Industrial Parts,Port Jesseville Distribution Center,2025-12-22,0.123,Low,"Demand increased 29% (60 -> 78 units/week, trailing 4wk vs prior 4wk)."
SKU-Warehouse,SKU-00076,Industrial Parts,West Michael Distribution Center,2025-12-22,0.122,Low,"Demand increased 42% (42 -> 59 units/week, trailing 4wk vs prior 4wk)."
SKU-Warehouse,SKU-00077,Apparel,Lake Debra Distribution Center,2025-12-22,0.506,High,"Demand decreased 12% (350 -> 309 units/week, trailing 4wk vs prior 4wk).; Stockout-flagged orders increased from 0 to 1 in the same comparison window."
SKU-Warehouse,SKU-00077,Apparel,Jacquelineland Distribution Center,2025-12-22,0.363,Medium,"Demand increased 87% (365 -> 683 units/week, trailing 4wk vs prior 4wk).; Inventory coverage declined from 10.9 to 9.4 days of supply.; Late deliveries for this product-warehouse rose from 1 to 3 orders over the last 4 weeks.; Stockout-flagged orders increased from 0 to 2 in the same comparison window."
SKU-Warehouse,SKU-00077,Apparel,South Noah Distribution Center,2025-12-22,0.224,Low,"Demand increased 46% (400 -> 584 units/week, trailing 4wk vs prior 4wk)."
SKU-Warehouse,SKU-00078,Apparel,New Roberttown Distribution Center,2025-12-22,0.498,Medium,Inventory coverage declined from 5.4 to 0.0 days of supply.
SKU-Warehouse,SKU-00078,Apparel,Robinsonshire Distribution Center,2025-12-22,0.288,Medium,"Demand increased 180% (715 -> 2001 units/week, trailing 4wk vs prior 4wk).; Late deliveries for this product-warehouse rose from 0 to 7 orders over the last 4 weeks.; Stockout-flagged orders increased from 0 to 2 in the same comparison window."
SKU-Warehouse,SKU-00078,Apparel,Ericmouth Distribution Center,2025-12-22,0.606,High,"Demand increased 28% (1072 -> 1378 units/week, trailing 4wk vs prior 4wk)."
SKU-Warehouse,SKU-00078,Apparel,Port Keith Distribution Center,2025-12-22,0.278,Medium,"Demand increased 11% (879 -> 973 units/week, trailing 4wk vs prior 4wk).; Inventory coverage declined from 10.5 to 7.9 days of supply.; Late deliveries for this product-warehouse rose from 0 to 3 orders over the last 4 weeks.; Stockout-flagged orders increased from 0 to 2 in the same comparison window."
SKU-Warehouse,SKU-00078,Apparel,Port Jesseville Distribution Center,2025-12-22,0.241,Low,"Demand increased 21% (1246 -> 1512 units/week, trailing 4wk vs prior 4wk).; Late deliveries for this product-warehouse rose from 0 to 4 orders over the last 4 weeks.; Stockout-flagged orders increased from 0 to 1 in the same comparison window."
SKU-Warehouse,SKU-00078,Apparel,Ramirezstad Distribution Center,2025-12-22,0.739,High,"Demand decreased 52% (3780 -> 1812 units/week, trailing 4wk vs prior 4wk).; Inventory coverage improved from 0.7 to 3.8 days of supply."
SKU-Warehouse,SKU-00079,Packaged Foods,North Judithbury Distribution Center,2025-12-22,0.719,High,"Demand increased 21% (1124 -> 1361 units/week, trailing 4wk vs prior 4wk).; Late deliveries for this product-warehouse rose from 1 to 2 orders over the last 4 weeks.; Stockout-flagged orders increased from 0 to 1 in the same comparison window."
SKU-Warehouse,SKU-00079,Packaged Foods,East Jill Distribution Center,2025-12-22,0.361,Medium,"Demand decreased 18% (2006 -> 1638 units/week, trailing 4wk vs prior 4wk)."
SKU-Warehouse,SKU-00079,Packaged Foods,Robinsonshire Distribution Center,2025-12-22,0.429,Medium,"Demand increased 33% (658 -> 876 units/week, trailing 4wk vs prior 4wk).; Inventory coverage declined from 6.1 to 4.0 days of supply.; Late deliveries for this product-warehouse rose from 1 to 3 orders over the last 4 weeks.; Stockout-flagged orders increased from 0 to 1 in the same comparison window."
SKU-Warehouse,SKU-00079,Packaged Foods,Ericmouth Distribution Center,2025-12-22,0.476,Medium,"Demand decreased 14% (1157 -> 995 units/week, trailing 4wk vs prior 4wk).; Inventory coverage declined from 15.9 to 14.2 days of supply."
SKU-Warehouse,SKU-00079,Packaged Foods,Port Keith Distribution Center,2025-12-22,0.299,Medium,"No material week-over-week deviation found in demand, inventory coverage, or delivery reliability for this product-warehouse in the most recent comparison window."
SKU-Warehouse,SKU-00080,Home & Kitchen,New Roberttown Distribution Center,2025-12-22,0.212,Low,Inventory coverage declined from 7.9 to 3.1 days of supply.
SKU-Warehouse,SKU-00080,Home & Kitchen,East Jessetown Distribution Center,2025-12-22,0.104,Low,"No material week-over-week deviation found in demand, inventory coverage, or delivery reliability for this product-warehouse in the most recent comparison window."
SKU-Warehouse,SKU-00080,Home & Kitchen,Lake Debra Distribution Center,2025-12-22,0.073,Low,"Demand decreased 40% (420 -> 254 units/week, trailing 4wk vs prior 4wk).; Inventory coverage declined from 7.2 to 0.0 days of supply."
SKU-Warehouse,SKU-00080,Home & Kitchen,Robinsonshire Distribution Center,2025-12-22,0.106,Low,"Demand increased 20% (332 -> 399 units/week, trailing 4wk vs prior 4wk).; Inventory coverage improved from 1.9 to 7.8 days of supply."
SKU-Warehouse,SKU-00080,Home & Kitchen,Herrerafurt Distribution Center,2025-12-22,0.155,Low,"Demand decreased 28% (713 -> 516 units/week, trailing 4wk vs prior 4wk).; Inventory coverage declined from 15.3 to 12.2 days of supply.; Late deliveries for this product-warehouse rose from 1 to 2 orders over the last 4 weeks."
SKU-Warehouse,SKU-00080,Home & Kitchen,West Michael Distribution Center,2025-12-22,0.057,Low,"Demand decreased 32% (650 -> 442 units/week, trailing 4wk vs prior 4wk).; Inventory coverage declined from 8.9 to 7.4 days of supply."
SKU-Warehouse,SKU-00080,Home & Kitchen,Lake Mark Distribution Center,2025-12-22,0.101,Low,"Demand decreased 20% (712 -> 567 units/week, trailing 4wk vs prior 4wk)."
SKU-Warehouse,SKU-00081,Electronics,New Roberttown Distribution Center,2025-12-22,0.336,Medium,"Demand decreased 29% (682 -> 485 units/week, trailing 4wk vs prior 4wk)."
SKU-Warehouse,SKU-00081,Electronics,East Jessetown Distribution Center,2025-12-22,0.16,Low,"Demand increased 25% (979 -> 1228 units/week, trailing 4wk vs prior 4wk).; Inventory coverage declined from 6.6 to 5.8 days of supply."
SKU-Warehouse,SKU-00081,Electronics,Lake Debra Distribution Center,2025-12-22,0.295,Medium,Late deliveries for this product-warehouse rose from 0 to 3 orders over the last 4 weeks.
SKU-Warehouse,SKU-00081,Electronics,Cassandraton Distribution Center,2025-12-22,0.458,Medium,"Demand decreased 15% (1312 -> 1117 units/week, trailing 4wk vs prior 4wk)."
SKU-Warehouse,SKU-00081,Electronics,Herrerafurt Distribution Center,2025-12-22,0.442,Medium,"Demand increased 18% (1681 -> 1978 units/week, trailing 4wk vs prior 4wk).; Late deliveries for this product-warehouse rose from 3 to 4 orders over the last 4 weeks.; Stockout-flagged orders increased from 1 to 2 in the same comparison window."
SKU-Warehouse,SKU-00081,Electronics,New Kellystad Distribution Center,2025-12-22,0.143,Low,"Demand increased 14% (429 -> 491 units/week, trailing 4wk vs prior 4wk)."
SKU-Warehouse,SKU-00081,Electronics,Port Jesseville Distribution Center,2025-12-22,0.146,Low,"Demand decreased 12% (630 -> 551 units/week, trailing 4wk vs prior 4wk).; Inventory coverage declined from 10.3 to 9.0 days of supply."
SKU-Warehouse,SKU-00081,Electronics,New Jessica Distribution Center,2025-12-22,0.366,Medium,"No material week-over-week deviation found in demand, inventory coverage, or delivery reliability for this product-warehouse in the most recent comparison window."
SKU-Warehouse,SKU-00081,Electronics,Lake Mark Distribution Center,2025-12-22,0.106,Low,"Demand increased 119% (995 -> 2181 units/week, trailing 4wk vs prior 4wk).; Inventory coverage declined from 0.1 to 0.1 days of supply.; Late deliveries for this product-warehouse rose from 3 to 9 orders over the last 4 weeks.; Stockout-flagged orders increased from 0 to 4 in the same comparison window."
SKU-Warehouse,SKU-00082,Electronics,New Roberttown Distribution Center,2025-12-22,0.2,Low,"Demand increased 64% (250 -> 410 units/week, trailing 4wk vs prior 4wk).; Stockout-flagged orders increased from 0 to 1 in the same comparison window."
SKU-Warehouse,SKU-00082,Electronics,East Jessetown Distribution Center,2025-12-22,0.276,Medium,"Demand increased 31% (491 -> 642 units/week, trailing 4wk vs prior 4wk).; Inventory coverage improved from 2.3 to 9.1 days of supply.; Late deliveries for this product-warehouse rose from 1 to 3 orders over the last 4 weeks."
SKU-Warehouse,SKU-00082,Electronics,Robinsonshire Distribution Center,2025-12-22,0.117,Low,"Demand increased 40% (482 -> 675 units/week, trailing 4wk vs prior 4wk).; Late deliveries for this product-warehouse rose from 2 to 3 orders over the last 4 weeks.; Stockout-flagged orders increased from 0 to 1 in the same comparison window."
SKU-Warehouse,SKU-00082,Electronics,Lisatown Distribution Center,2025-12-22,0.125,Low,"Demand decreased 39% (737 -> 447 units/week, trailing 4wk vs prior 4wk).; Inventory coverage declined from 3.1 to 0.0 days of supply.; Late deliveries for this product-warehouse rose from 3 to 4 orders over the last 4 weeks."
SKU-Warehouse,SKU-00082,Electronics,Ericmouth Distribution Center,2025-12-22,0.198,Low,"Demand increased 22% (429 -> 524 units/week, trailing 4wk vs prior 4wk)."
SKU-Warehouse,SKU-00082,Electronics,South Noah Distribution Center,2025-12-22,0.273,Medium,"Demand increased 73% (378 -> 655 units/week, trailing 4wk vs prior 4wk)."
SKU-Warehouse,SKU-00083,Personal Care,Lake Debra Distribution Center,2025-12-22,0.303,Medium,"Demand decreased 35% (1826 -> 1184 units/week, trailing 4wk vs prior 4wk).; Inventory coverage declined from 1.2 to 0.9 days of supply.; Late deliveries for this product-warehouse rose from 2 to 3 orders over the last 4 weeks.; Stockout-flagged orders increased from 2 to 3 in the same comparison window."
SKU-Warehouse,SKU-00083,Personal Care,Ericmouth Distribution Center,2025-12-22,0.729,High,"Demand increased 81% (1837 -> 3317 units/week, trailing 4wk vs prior 4wk).; Late deliveries for this product-warehouse rose from 0 to 2 orders over the last 4 weeks."
SKU-Warehouse,SKU-00083,Personal Care,New Kellystad Distribution Center,2025-12-22,0.061,Low,"Demand increased 15% (1062 -> 1224 units/week, trailing 4wk vs prior 4wk).; Late deliveries for this product-warehouse rose from 0 to 2 orders over the last 4 weeks.; Stockout-flagged orders increased from 0 to 1 in the same comparison window."
SKU-Warehouse,SKU-00084,Office Supplies,East Jessetown Distribution Center,2025-12-22,0.176,Low,"Demand decreased 35% (485 -> 314 units/week, trailing 4wk vs prior 4wk)."
SKU-Warehouse,SKU-00084,Office Supplies,Lake Debra Distribution Center,2025-12-22,0.201,Low,"Demand decreased 39% (256 -> 156 units/week, trailing 4wk vs prior 4wk).; Inventory coverage improved from 1.5 to 2.5 days of supply."
SKU-Warehouse,SKU-00084,Office Supplies,Lisatown Distribution Center,2025-12-22,0.073,Low,"Demand increased 52% (401 -> 610 units/week, trailing 4wk vs prior 4wk)."
SKU-Warehouse,SKU-00084,Office Supplies,North Noahstad Distribution Center,2025-12-22,0.071,Low,"Demand increased 65% (291 -> 482 units/week, trailing 4wk vs prior 4wk).; Late deliveries for this product-warehouse rose from 0 to 1 orders over the last 4 weeks."
SKU-Warehouse,SKU-00084,Office Supplies,Cassandraton Distribution Center,2025-12-22,0.194,Low,Inventory coverage declined from 8.3 to 7.1 days of supply.
SKU-Warehouse,SKU-00084,Office Supplies,Herrerafurt Distribution Center,2025-12-22,0.178,Low,"Demand increased 15% (413 -> 476 units/week, trailing 4wk vs prior 4wk).; Inventory coverage improved from 0.6 to 2.2 days of supply."
SKU-Warehouse,SKU-00084,Office Supplies,New Kellystad Distribution Center,2025-12-22,0.098,Low,"Demand increased 1247% (220 -> 2966 units/week, trailing 4wk vs prior 4wk)."
SKU-Warehouse,SKU-00084,Office Supplies,Lake Chad Distribution Center,2025-12-22,0.131,Low,"Demand increased 24% (354 -> 438 units/week, trailing 4wk vs prior 4wk)."
SKU-Warehouse,SKU-00084,Office Supplies,Port Keith Distribution Center,2025-12-22,0.17,Low,"Demand increased 20% (184 -> 220 units/week, trailing 4wk vs prior 4wk)."
SKU-Warehouse,SKU-00084,Office Supplies,Ramirezstad Distribution Center,2025-12-22,0.323,Medium,"Demand increased 27% (376 -> 477 units/week, trailing 4wk vs prior 4wk).; Inventory coverage improved from 3.2 to 11.0 days of supply."
SKU-Warehouse,SKU-00085,Apparel,North Judithbury Distribution Center,2025-12-22,0.652,High,"Demand increased 18% (1004 -> 1187 units/week, trailing 4wk vs prior 4wk)."
SKU-Warehouse,SKU-00085,Apparel,East Jessetown Distribution Center,2025-12-22,0.506,High,"Demand increased 25% (796 -> 993 units/week, trailing 4wk vs prior 4wk).; Inventory coverage declined from 2.2 to 0.0 days of supply.; Late deliveries for this product-warehouse rose from 1 to 3 orders over the last 4 weeks."
SKU-Warehouse,SKU-00085,Apparel,Lake Debra Distribution Center,2025-12-22,0.214,Low,"Demand increased 44% (493 -> 708 units/week, trailing 4wk vs prior 4wk).; Inventory coverage declined from 4.0 to 0.0 days of supply.; Late deliveries for this product-warehouse rose from 1 to 3 orders over the last 4 weeks."
SKU-Warehouse,SKU-00085,Apparel,Robinsonshire Distribution Center,2025-12-22,0.255,Medium,"Demand increased 47% (430 -> 632 units/week, trailing 4wk vs prior 4wk).; Late deliveries for this product-warehouse rose from 0 to 2 orders over the last 4 weeks."
SKU-Warehouse,SKU-00085,Apparel,Jacquelineland Distribution Center,2025-12-22,0.503,High,"Demand decreased 17% (954 -> 796 units/week, trailing 4wk vs prior 4wk)."
SKU-Warehouse,SKU-00086,Personal Care,Lisatown Distribution Center,2025-12-22,0.281,Medium,"Demand decreased 38% (1998 -> 1238 units/week, trailing 4wk vs prior 4wk)."
SKU-Warehouse,SKU-00086,Personal Care,Lake Roberto Distribution Center,2025-12-22,0.334,Medium,"Demand increased 38% (1410 -> 1951 units/week, trailing 4wk vs prior 4wk).; Late deliveries for this product-warehouse rose from 0 to 4 orders over the last 4 weeks.; Stockout-flagged orders increased from 0 to 3 in the same comparison window."
SKU-Warehouse,SKU-00086,Personal Care,North Noahstad Distribution Center,2025-12-22,0.264,Medium,"Demand decreased 21% (1510 -> 1198 units/week, trailing 4wk vs prior 4wk).; Inventory coverage improved from 6.6 to 9.2 days of supply."
SKU-Warehouse,SKU-00086,Personal Care,New Kellystad Distribution Center,2025-12-22,0.187,Low,"Demand decreased 50% (1076 -> 535 units/week, trailing 4wk vs prior 4wk)."
SKU-Warehouse,SKU-00086,Personal Care,Lake Chad Distribution Center,2025-12-22,0.279,Medium,"Demand increased 22% (1460 -> 1780 units/week, trailing 4wk vs prior 4wk)."
SKU-Warehouse,SKU-00086,Personal Care,Port Keith Distribution Center,2025-12-22,0.278,Medium,"Demand decreased 26% (947 -> 699 units/week, trailing 4wk vs prior 4wk).; Inventory coverage declined from 0.7 to 0.5 days of supply."
SKU-Warehouse,SKU-00086,Personal Care,New Jessica Distribution Center,2025-12-22,0.53,High,"Demand increased 42% (1580 -> 2248 units/week, trailing 4wk vs prior 4wk).; Late deliveries for this product-warehouse rose from 0 to 1 orders over the last 4 weeks."
SKU-Warehouse,SKU-00086,Personal Care,Lake Mark Distribution Center,2025-12-22,0.116,Low,"Demand increased 55% (1618 -> 2516 units/week, trailing 4wk vs prior 4wk).; Inventory coverage declined from 5.7 to 4.3 days of supply.; Late deliveries for this product-warehouse rose from 2 to 3 orders over the last 4 weeks.; Stockout-flagged orders increased from 1 to 2 in the same comparison window."
SKU-Warehouse,SKU-00087,Apparel,New Roberttown Distribution Center,2025-12-22,0.329,Medium,Late deliveries for this product-warehouse rose from 3 to 4 orders over the last 4 weeks.; Stockout-flagged orders increased from 0 to 2 in the same comparison window.
SKU-Warehouse,SKU-00087,Apparel,Lake Roberto Distribution Center,2025-12-22,0.076,Low,"Demand increased 106% (1600 -> 3294 units/week, trailing 4wk vs prior 4wk).; Late deliveries for this product-warehouse rose from 3 to 10 orders over the last 4 weeks.; Stockout-flagged orders increased from 1 to 4 in the same comparison window."
SKU-Warehouse,SKU-00087,Apparel,Cassandraton Distribution Center,2025-12-22,0.436,Medium,Inventory coverage declined from 2.6 to 2.2 days of supply.; Late deliveries for this product-warehouse rose from 12 to 15 orders over the last 4 weeks.; Stockout-flagged orders increased from 4 to 5 in the same comparison window.
SKU-Warehouse,SKU-00087,Apparel,Herrerafurt Distribution Center,2025-12-22,0.412,Medium,Stockout-flagged orders increased from 1 to 2 in the same comparison window.
SKU-Warehouse,SKU-00087,Apparel,New Kellystad Distribution Center,2025-12-22,0.26,Medium,"Demand decreased 38% (1664 -> 1034 units/week, trailing 4wk vs prior 4wk).; Inventory coverage declined from 1.4 to 0.0 days of supply."
SKU-Warehouse,SKU-00087,Apparel,Lake Chad Distribution Center,2025-12-22,0.588,High,"Demand decreased 19% (3422 -> 2775 units/week, trailing 4wk vs prior 4wk).; Inventory coverage declined from 5.3 to 2.3 days of supply.; Late deliveries for this product-warehouse rose from 7 to 8 orders over the last 4 weeks.; Stockout-flagged orders increased from 0 to 1 in the same comparison window."
SKU-Warehouse,SKU-00087,Apparel,Jacquelineland Distribution Center,2025-12-22,0.492,Medium,"Demand increased 1401% (2894 -> 43442 units/week, trailing 4wk vs prior 4wk).; Stockout-flagged orders increased from 0 to 3 in the same comparison window."
SKU-Warehouse,SKU-00087,Apparel,South Noah Distribution Center,2025-12-22,0.529,High,"Demand increased 46% (2025 -> 2954 units/week, trailing 4wk vs prior 4wk).; Inventory coverage declined from 4.2 to 3.4 days of supply.; Late deliveries for this product-warehouse rose from 2 to 7 orders over the last 4 weeks.; Stockout-flagged orders increased from 0 to 1 in the same comparison window."
SKU-Warehouse,SKU-00087,Apparel,Lake Mark Distribution Center,2025-12-22,0.691,High,"Demand decreased 17% (1850 -> 1538 units/week, trailing 4wk vs prior 4wk)."
SKU-Warehouse,SKU-00088,Office Supplies,North Judithbury Distribution Center,2025-12-22,0.175,Low,"Demand increased 19% (631 -> 750 units/week, trailing 4wk vs prior 4wk).; Inventory coverage improved from 5.5 to 6.6 days of supply.; Late deliveries for this product-warehouse rose from 1 to 2 orders over the last 4 weeks."
SKU-Warehouse,SKU-00088,Office Supplies,Lake Roberto Distribution Center,2025-12-22,0.143,Low,"Demand decreased 14% (597 -> 514 units/week, trailing 4wk vs prior 4wk).; Late deliveries for this product-warehouse rose from 0 to 3 orders over the last 4 weeks.; Stockout-flagged orders increased from 0 to 1 in the same comparison window."
SKU-Warehouse,SKU-00088,Office Supplies,North Noahstad Distribution Center,2025-12-22,0.291,Medium,"Demand decreased 53% (1279 -> 605 units/week, trailing 4wk vs prior 4wk).; Inventory coverage declined from 7.6 to 1.4 days of supply."
SKU-Warehouse,SKU-00088,Office Supplies,Lake Chad Distribution Center,2025-12-22,0.21,Low,"Demand decreased 49% (1613 -> 827 units/week, trailing 4wk vs prior 4wk).; Inventory coverage improved from 5.0 to 6.8 days of supply."
SKU-Warehouse,SKU-00088,Office Supplies,Port Keith Distribution Center,2025-12-22,0.13,Low,"Demand decreased 19% (451 -> 365 units/week, trailing 4wk vs prior 4wk)."
SKU-Warehouse,SKU-00088,Office Supplies,Port Jesseville Distribution Center,2025-12-22,0.134,Low,Inventory coverage improved from 4.3 to 11.9 days of supply.
SKU-Warehouse,SKU-00088,Office Supplies,Ramirezstad Distribution Center,2025-12-22,0.176,Low,Late deliveries for this product-warehouse rose from 0 to 1 orders over the last 4 weeks.
SKU-Warehouse,SKU-00088,Office Supplies,Lake Mark Distribution Center,2025-12-22,0.123,Low,Inventory coverage improved from 6.5 to 7.4 days of supply.
SKU-Warehouse,SKU-00089,Apparel,North Judithbury Distribution Center,2025-12-22,0.361,Medium,"Demand increased 78% (1394 -> 2475 units/week, trailing 4wk vs prior 4wk).; Late deliveries for this product-warehouse rose from 3 to 7 orders over the last 4 weeks.; Stockout-flagged orders increased from 0 to 3 in the same comparison window."
SKU-Warehouse,SKU-00089,Apparel,New Roberttown Distribution Center,2025-12-22,0.289,Medium,"Demand decreased 14% (738 -> 636 units/week, trailing 4wk vs prior 4wk)."
SKU-Warehouse,SKU-00089,Apparel,West Michael Distribution Center,2025-12-22,0.308,Medium,"Demand increased 36% (1060 -> 1444 units/week, trailing 4wk vs prior 4wk).; Inventory coverage declined from 5.6 to 4.2 days of supply.; Late deliveries for this product-warehouse rose from 3 to 4 orders over the last 4 weeks.; Stockout-flagged orders increased from 0 to 2 in the same comparison window."
SKU-Warehouse,SKU-00089,Apparel,Jacquelineland Distribution Center,2025-12-22,0.515,High,"No material week-over-week deviation found in demand, inventory coverage, or delivery reliability for this product-warehouse in the most recent comparison window."
SKU-Warehouse,SKU-00090,Automotive Parts,Cassandraton Distribution Center,2025-12-22,0.045,Low,"Demand increased 59% (28 -> 44 units/week, trailing 4wk vs prior 4wk)."
SKU-Warehouse,SKU-00090,Automotive Parts,Herrerafurt Distribution Center,2025-12-22,0.05,Low,"Demand decreased 17% (44 -> 36 units/week, trailing 4wk vs prior 4wk)."
SKU-Warehouse,SKU-00090,Automotive Parts,Lake Chad Distribution Center,2025-12-22,0.074,Low,"Demand increased 40% (28 -> 40 units/week, trailing 4wk vs prior 4wk)."
SKU-Warehouse,SKU-00090,Automotive Parts,Ramirezstad Distribution Center,2025-12-22,0.051,Low,"Demand decreased 25% (44 -> 33 units/week, trailing 4wk vs prior 4wk)."
SKU-Warehouse,SKU-00091,Packaged Foods,Robinsonshire Distribution Center,2025-12-22,0.292,Medium,"Demand decreased 19% (934 -> 752 units/week, trailing 4wk vs prior 4wk)."
SKU-Warehouse,SKU-00091,Packaged Foods,Ericmouth Distribution Center,2025-12-22,0.442,Medium,"Demand increased 121% (703 -> 1552 units/week, trailing 4wk vs prior 4wk)."
SKU-Warehouse,SKU-00091,Packaged Foods,Cassandraton Distribution Center,2025-12-22,0.357,Medium,Inventory coverage declined from 13.9 to 8.1 days of supply.
SKU-Warehouse,SKU-00091,Packaged Foods,South Noah Distribution Center,2025-12-22,0.524,High,"No material week-over-week deviation found in demand, inventory coverage, or delivery reliability for this product-warehouse in the most recent comparison window."
SKU-Warehouse,SKU-00092,Personal Care,East Jill Distribution Center,2025-12-22,0.66,High,"Demand increased 88% (1580 -> 2969 units/week, trailing 4wk vs prior 4wk).; Late deliveries for this product-warehouse rose from 4 to 7 orders over the last 4 weeks.; Stockout-flagged orders increased from 0 to 3 in the same comparison window."
SKU-Warehouse,SKU-00092,Personal Care,Cassandraton Distribution Center,2025-12-22,0.528,High,"Demand decreased 17% (1794 -> 1486 units/week, trailing 4wk vs prior 4wk).; Inventory coverage declined from 8.7 to 5.7 days of supply.; Stockout-flagged orders increased from 0 to 1 in the same comparison window."
SKU-Warehouse,SKU-00092,Personal Care,New Kellystad Distribution Center,2025-12-22,0.328,Medium,"Demand decreased 22% (905 -> 705 units/week, trailing 4wk vs prior 4wk)."
SKU-Warehouse,SKU-00093,Home & Kitchen,East Jill Distribution Center,2025-12-22,0.124,Low,"Demand decreased 31% (611 -> 422 units/week, trailing 4wk vs prior 4wk)."
SKU-Warehouse,SKU-00093,Home & Kitchen,New Roberttown Distribution Center,2025-12-22,0.06,Low,"Demand decreased 25% (251 -> 188 units/week, trailing 4wk vs prior 4wk).; Inventory coverage improved from 11.9 to 16.0 days of supply.; Late deliveries for this product-warehouse rose from 0 to 1 orders over the last 4 weeks."
SKU-Warehouse,SKU-00093,Home & Kitchen,Robinsonshire Distribution Center,2025-12-22,0.077,Low,"Demand decreased 40% (485 -> 293 units/week, trailing 4wk vs prior 4wk)."
SKU-Warehouse,SKU-00093,Home & Kitchen,Lake Roberto Distribution Center,2025-12-22,0.196,Low,"Demand decreased 19% (425 -> 344 units/week, trailing 4wk vs prior 4wk)."
SKU-Warehouse,SKU-00093,Home & Kitchen,Ericmouth Distribution Center,2025-12-22,0.061,Low,"Demand increased 11% (514 -> 568 units/week, trailing 4wk vs prior 4wk)."
SKU-Warehouse,SKU-00093,Home & Kitchen,Lake Chad Distribution Center,2025-12-22,0.107,Low,Stockout-flagged orders increased from 0 to 1 in the same comparison window.
SKU-Warehouse,SKU-00093,Home & Kitchen,Port Keith Distribution Center,2025-12-22,0.203,Low,"Demand decreased 15% (339 -> 288 units/week, trailing 4wk vs prior 4wk).; Inventory coverage improved from 2.7 to 10.7 days of supply."
SKU-Warehouse,SKU-00093,Home & Kitchen,Ramirezstad Distribution Center,2025-12-22,0.203,Low,Stockout-flagged orders increased from 0 to 1 in the same comparison window.
SKU-Warehouse,SKU-00093,Home & Kitchen,Lake Mark Distribution Center,2025-12-22,0.135,Low,"Demand decreased 32% (666 -> 454 units/week, trailing 4wk vs prior 4wk).; Inventory coverage improved from 3.1 to 4.6 days of supply."
SKU-Warehouse,SKU-00094,Packaged Foods,East Jill Distribution Center,2025-12-22,0.421,Medium,"Demand increased 16% (763 -> 882 units/week, trailing 4wk vs prior 4wk).; Stockout-flagged orders increased from 0 to 2 in the same comparison window."
SKU-Warehouse,SKU-00094,Packaged Foods,New Roberttown Distribution Center,2025-12-22,0.279,Medium,"Demand decreased 17% (260 -> 215 units/week, trailing 4wk vs prior 4wk).; Inventory coverage declined from 13.1 to 6.8 days of supply."
SKU-Warehouse,SKU-00094,Packaged Foods,East Jessetown Distribution Center,2025-12-22,0.458,Medium,"Demand decreased 19% (802 -> 651 units/week, trailing 4wk vs prior 4wk).; Inventory coverage declined from 11.4 to 9.7 days of supply."
SKU-Warehouse,SKU-00094,Packaged Foods,Ericmouth Distribution Center,2025-12-22,0.266,Medium,"Demand decreased 46% (880 -> 477 units/week, trailing 4wk vs prior 4wk).; Inventory coverage declined from 4.3 to 1.6 days of supply."
SKU-Warehouse,SKU-00094,Packaged Foods,Cassandraton Distribution Center,2025-12-22,0.224,Low,"Demand decreased 21% (584 -> 463 units/week, trailing 4wk vs prior 4wk).; Inventory coverage declined from 2.6 to 0.0 days of supply."
SKU-Warehouse,SKU-00094,Packaged Foods,Lake Chad Distribution Center,2025-12-22,0.376,Medium,"Demand decreased 27% (1303 -> 955 units/week, trailing 4wk vs prior 4wk).; Inventory coverage declined from 4.2 to 0.0 days of supply."
SKU-Warehouse,SKU-00094,Packaged Foods,West Michael Distribution Center,2025-12-22,0.195,Low,"Demand decreased 19% (655 -> 529 units/week, trailing 4wk vs prior 4wk).; Late deliveries for this product-warehouse rose from 2 to 4 orders over the last 4 weeks."
SKU-Warehouse,SKU-00094,Packaged Foods,New Jessica Distribution Center,2025-12-22,0.193,Low,"Demand increased 22% (600 -> 730 units/week, trailing 4wk vs prior 4wk).; Inventory coverage declined from 1.6 to 1.4 days of supply.; Late deliveries for this product-warehouse rose from 1 to 4 orders over the last 4 weeks.; Stockout-flagged orders increased from 0 to 1 in the same comparison window."
SKU-Warehouse,SKU-00094,Packaged Foods,Lake Mark Distribution Center,2025-12-22,0.295,Medium,"Demand increased 21% (826 -> 1002 units/week, trailing 4wk vs prior 4wk).; Inventory coverage improved from 4.2 to 4.7 days of supply."
SKU-Warehouse,SKU-00095,Industrial Parts,Cassandraton Distribution Center,2025-12-22,0.388,Medium,"Demand decreased 51% (1848 -> 908 units/week, trailing 4wk vs prior 4wk).; Inventory coverage improved from 0.9 to 3.8 days of supply.; Late deliveries for this product-warehouse rose from 3 to 4 orders over the last 4 weeks.; Stockout-flagged orders increased from 0 to 1 in the same comparison window."
SKU-Warehouse,SKU-00095,Industrial Parts,Herrerafurt Distribution Center,2025-12-22,0.141,Low,"Demand increased 17% (1272 -> 1482 units/week, trailing 4wk vs prior 4wk).; Inventory coverage improved from 4.4 to 5.1 days of supply."
SKU-Warehouse,SKU-00095,Industrial Parts,New Kellystad Distribution Center,2025-12-22,0.245,Low,"Demand increased 3192% (416 -> 13711 units/week, trailing 4wk vs prior 4wk)."
SKU-Warehouse,SKU-00095,Industrial Parts,Port Keith Distribution Center,2025-12-22,0.111,Low,"Demand increased 42% (493 -> 702 units/week, trailing 4wk vs prior 4wk).; Late deliveries for this product-warehouse rose from 0 to 1 orders over the last 4 weeks.; Stockout-flagged orders increased from 0 to 1 in the same comparison window."
SKU-Warehouse,SKU-00095,Industrial Parts,Jacquelineland Distribution Center,2025-12-22,0.701,High,"Demand increased 16% (823 -> 956 units/week, trailing 4wk vs prior 4wk).; Inventory coverage improved from 2.4 to 9.5 days of supply."
SKU-Warehouse,SKU-00095,Industrial Parts,New Jessica Distribution Center,2025-12-22,0.404,Medium,"Demand increased 58% (1469 -> 2316 units/week, trailing 4wk vs prior 4wk).; Late deliveries for this product-warehouse rose from 2 to 8 orders over the last 4 weeks.; Stockout-flagged orders increased from 0 to 2 in the same comparison window."
SKU-Warehouse,SKU-00096,Apparel,New Roberttown Distribution Center,2025-12-22,0.297,Medium,Late deliveries for this product-warehouse rose from 0 to 1 orders over the last 4 weeks.; Stockout-flagged orders increased from 0 to 1 in the same comparison window.
SKU-Warehouse,SKU-00096,Apparel,Lake Debra Distribution Center,2025-12-22,0.201,Low,Inventory coverage declined from 6.0 to 2.0 days of supply.
SKU-Warehouse,SKU-00096,Apparel,Ericmouth Distribution Center,2025-12-22,0.156,Low,"Demand decreased 20% (1142 -> 918 units/week, trailing 4wk vs prior 4wk)."
SKU-Warehouse,SKU-00096,Apparel,Herrerafurt Distribution Center,2025-12-22,0.509,High,"Demand decreased 10% (1680 -> 1510 units/week, trailing 4wk vs prior 4wk).; Stockout-flagged orders increased from 0 to 1 in the same comparison window."
SKU-Warehouse,SKU-00097,Packaged Foods,East Jill Distribution Center,2025-12-22,0.203,Low,"Demand decreased 36% (342 -> 217 units/week, trailing 4wk vs prior 4wk).; Late deliveries for this product-warehouse rose from 0 to 2 orders over the last 4 weeks."
SKU-Warehouse,SKU-00097,Packaged Foods,East Jessetown Distribution Center,2025-12-22,0.608,High,Late deliveries for this product-warehouse rose from 2 to 3 orders over the last 4 weeks.; Stockout-flagged orders increased from 0 to 1 in the same comparison window.
SKU-Warehouse,SKU-00097,Packaged Foods,Cassandraton Distribution Center,2025-12-22,0.227,Low,"Demand decreased 96% (7548 -> 325 units/week, trailing 4wk vs prior 4wk).; Inventory coverage improved from 4.7 to 18.6 days of supply."
SKU-Warehouse,SKU-00097,Packaged Foods,Lake Chad Distribution Center,2025-12-22,0.7,High,"Demand increased 25% (294 -> 368 units/week, trailing 4wk vs prior 4wk).; Stockout-flagged orders increased from 0 to 1 in the same comparison window."
SKU-Warehouse,SKU-00098,Personal Care,Robinsonshire Distribution Center,2025-12-22,0.2,Low,"Demand decreased 29% (927 -> 655 units/week, trailing 4wk vs prior 4wk).; Stockout-flagged orders increased from 0 to 1 in the same comparison window."
SKU-Warehouse,SKU-00098,Personal Care,Lisatown Distribution Center,2025-12-22,0.281,Medium,"Demand increased 27% (748 -> 953 units/week, trailing 4wk vs prior 4wk)."
SKU-Warehouse,SKU-00098,Personal Care,Ericmouth Distribution Center,2025-12-22,0.307,Medium,"Demand decreased 13% (833 -> 721 units/week, trailing 4wk vs prior 4wk)."
SKU-Warehouse,SKU-00098,Personal Care,North Noahstad Distribution Center,2025-12-22,0.229,Low,"Demand decreased 18% (936 -> 768 units/week, trailing 4wk vs prior 4wk)."
SKU-Warehouse,SKU-00098,Personal Care,Cassandraton Distribution Center,2025-12-22,0.41,Medium,Inventory coverage declined from 8.8 to 0.0 days of supply.; Late deliveries for this product-warehouse rose from 0 to 2 orders over the last 4 weeks.; Stockout-flagged orders increased from 0 to 1 in the same comparison window.
SKU-Warehouse,SKU-00098,Personal Care,Herrerafurt Distribution Center,2025-12-22,0.455,Medium,"No material week-over-week deviation found in demand, inventory coverage, or delivery reliability for this product-warehouse in the most recent comparison window."
SKU-Warehouse,SKU-00098,Personal Care,New Kellystad Distribution Center,2025-12-22,0.272,Medium,"Demand decreased 26% (506 -> 374 units/week, trailing 4wk vs prior 4wk)."
SKU-Warehouse,SKU-00098,Personal Care,Lake Chad Distribution Center,2025-12-22,0.252,Medium,"Demand decreased 63% (1870 -> 690 units/week, trailing 4wk vs prior 4wk)."
SKU-Warehouse,SKU-00098,Personal Care,Jacquelineland Distribution Center,2025-12-22,0.262,Medium,"Demand decreased 19% (736 -> 594 units/week, trailing 4wk vs prior 4wk).; Late deliveries for this product-warehouse rose from 0 to 1 orders over the last 4 weeks."
SKU-Warehouse,SKU-00098,Personal Care,New Jessica Distribution Center,2025-12-22,0.3,Medium,"Demand decreased 41% (1334 -> 794 units/week, trailing 4wk vs prior 4wk).; Inventory coverage declined from 5.6 to 0.0 days of supply."
SKU-Warehouse,SKU-00099,Personal Care,North Judithbury Distribution Center,2025-12-22,0.526,High,"Demand increased 29% (1625 -> 2100 units/week, trailing 4wk vs prior 4wk).; Inventory coverage improved from 2.0 to 8.1 days of supply.; Late deliveries for this product-warehouse rose from 3 to 5 orders over the last 4 weeks.; Stockout-flagged orders increased from 1 to 2 in the same comparison window."
SKU-Warehouse,SKU-00099,Personal Care,East Jill Distribution Center,2025-12-22,0.612,High,Late deliveries for this product-warehouse rose from 1 to 4 orders over the last 4 weeks.; Stockout-flagged orders increased from 0 to 1 in the same comparison window.
SKU-Warehouse,SKU-00099,Personal Care,Robinsonshire Distribution Center,2025-12-22,0.54,High,Late deliveries for this product-warehouse rose from 1 to 2 orders over the last 4 weeks.; Stockout-flagged orders increased from 0 to 1 in the same comparison window.
SKU-Warehouse,SKU-00099,Personal Care,Ericmouth Distribution Center,2025-12-22,0.682,High,"Demand decreased 33% (1785 -> 1205 units/week, trailing 4wk vs prior 4wk)."
SKU-Warehouse,SKU-00099,Personal Care,Herrerafurt Distribution Center,2025-12-22,0.75,High,Late deliveries for this product-warehouse rose from 0 to 4 orders over the last 4 weeks.; Stockout-flagged orders increased from 0 to 1 in the same comparison window.
SKU-Warehouse,SKU-00099,Personal Care,Port Keith Distribution Center,2025-12-22,0.261,Medium,"Demand decreased 30% (908 -> 633 units/week, trailing 4wk vs prior 4wk).; Inventory coverage declined from 10.6 to 8.2 days of supply."
SKU-Warehouse,SKU-00099,Personal Care,Jacquelineland Distribution Center,2025-12-22,0.606,High,Inventory coverage declined from 4.1 to 1.0 days of supply.; Late deliveries for this product-warehouse rose from 1 to 3 orders over the last 4 weeks.; Stockout-flagged orders increased from 0 to 1 in the same comparison window.
SKU-Warehouse,SKU-00099,Personal Care,South Noah Distribution Center,2025-12-22,0.249,Low,Late deliveries for this product-warehouse rose from 0 to 3 orders over the last 4 weeks.
SKU-Warehouse,SKU-00100,Packaged Foods,East Jill Distribution Center,2025-12-22,0.16,Low,Late deliveries for this product-warehouse rose from 0 to 1 orders over the last 4 weeks.
SKU-Warehouse,SKU-00100,Packaged Foods,East Jessetown Distribution Center,2025-12-22,0.197,Low,"Demand decreased 43% (369 -> 208 units/week, trailing 4wk vs prior 4wk).; Inventory coverage declined from 9.3 to 7.3 days of supply.; Late deliveries for this product-warehouse rose from 1 to 3 orders over the last 4 weeks."
SKU-Warehouse,SKU-00100,Packaged Foods,Cassandraton Distribution Center,2025-12-22,0.174,Low,"Demand decreased 11% (172 -> 152 units/week, trailing 4wk vs prior 4wk).; Late deliveries for this product-warehouse rose from 0 to 1 orders over the last 4 weeks.; Stockout-flagged orders increased from 0 to 1 in the same comparison window."
SKU-Warehouse,SKU-00100,Packaged Foods,New Jessica Distribution Center,2025-12-22,0.39,Medium,Inventory coverage declined from 9.6 to 7.2 days of supply.
SKU-Warehouse,SKU-00101,Office Supplies,New Roberttown Distribution Center,2025-12-22,0.055,Low,Inventory coverage improved from 0.4 to 3.2 days of supply.
SKU-Warehouse,SKU-00101,Office Supplies,Robinsonshire Distribution Center,2025-12-22,0.104,Low,"Demand increased 90% (80 -> 152 units/week, trailing 4wk vs prior 4wk).; Late deliveries for this product-warehouse rose from 2 to 3 orders over the last 4 weeks.; Stockout-flagged orders increased from 0 to 1 in the same comparison window."
SKU-Warehouse,SKU-00101,Office Supplies,Ericmouth Distribution Center,2025-12-22,0.123,Low,"Demand decreased 11% (96 -> 85 units/week, trailing 4wk vs prior 4wk).; Late deliveries for this product-warehouse rose from 0 to 2 orders over the last 4 weeks."
SKU-Warehouse,SKU-00102,Industrial Parts,New Roberttown Distribution Center,2025-12-22,0.39,Medium,"Demand decreased 16% (283 -> 237 units/week, trailing 4wk vs prior 4wk)."
SKU-Warehouse,SKU-00102,Industrial Parts,Robinsonshire Distribution Center,2025-12-22,0.276,Medium,"Demand increased 39% (256 -> 357 units/week, trailing 4wk vs prior 4wk).; Late deliveries for this product-warehouse rose from 0 to 1 orders over the last 4 weeks."
SKU-Warehouse,SKU-00102,Industrial Parts,Lake Roberto Distribution Center,2025-12-22,0.325,Medium,Stockout-flagged orders increased from 0 to 1 in the same comparison window.
SKU-Warehouse,SKU-00102,Industrial Parts,Ericmouth Distribution Center,2025-12-22,0.388,Medium,"Demand increased 34% (284 -> 380 units/week, trailing 4wk vs prior 4wk).; Late deliveries for this product-warehouse rose from 1 to 2 orders over the last 4 weeks."
SKU-Warehouse,SKU-00102,Industrial Parts,North Noahstad Distribution Center,2025-12-22,0.163,Low,"Demand decreased 15% (493 -> 419 units/week, trailing 4wk vs prior 4wk)."
SKU-Warehouse,SKU-00102,Industrial Parts,Cassandraton Distribution Center,2025-12-22,0.231,Low,"Demand increased 24% (352 -> 436 units/week, trailing 4wk vs prior 4wk).; Inventory coverage improved from 3.4 to 3.8 days of supply."
SKU-Warehouse,SKU-00102,Industrial Parts,Lake Chad Distribution Center,2025-12-22,0.292,Medium,"Demand increased 88% (267 -> 501 units/week, trailing 4wk vs prior 4wk).; Inventory coverage improved from 8.7 to 16.1 days of supply."
SKU-Warehouse,SKU-00102,Industrial Parts,Port Jesseville Distribution Center,2025-12-22,0.394,Medium,"Demand increased 56% (228 -> 356 units/week, trailing 4wk vs prior 4wk).; Inventory coverage improved from 17.4 to 21.5 days of supply.; Stockout-flagged orders increased from 0 to 1 in the same comparison window."
SKU-Warehouse,SKU-00102,Industrial Parts,Ramirezstad Distribution Center,2025-12-22,0.296,Medium,"Demand increased 98% (275 -> 546 units/week, trailing 4wk vs prior 4wk).; Inventory coverage improved from 6.0 to 11.6 days of supply.; Late deliveries for this product-warehouse rose from 0 to 1 orders over the last 4 weeks.; Stockout-flagged orders increased from 0 to 1 in the same comparison window."
SKU-Warehouse,SKU-00102,Industrial Parts,Lake Mark Distribution Center,2025-12-22,0.218,Low,Inventory coverage declined from 10.0 to 6.1 days of supply.; Late deliveries for this product-warehouse rose from 0 to 1 orders over the last 4 weeks.
SKU-Warehouse,SKU-00103,Automotive Parts,North Judithbury Distribution Center,2025-12-22,0.178,Low,"Demand decreased 40% (353 -> 210 units/week, trailing 4wk vs prior 4wk).; Inventory coverage improved from 6.3 to 7.4 days of supply."
SKU-Warehouse,SKU-00103,Automotive Parts,East Jessetown Distribution Center,2025-12-22,0.14,Low,Late deliveries for this product-warehouse rose from 1 to 2 orders over the last 4 weeks.
SKU-Warehouse,SKU-00103,Automotive Parts,North Noahstad Distribution Center,2025-12-22,0.127,Low,"Demand increased 84% (220 -> 404 units/week, trailing 4wk vs prior 4wk).; Stockout-flagged orders increased from 0 to 1 in the same comparison window."
SKU-Warehouse,SKU-00103,Automotive Parts,Herrerafurt Distribution Center,2025-12-22,0.246,Low,"Demand increased 121% (181 -> 400 units/week, trailing 4wk vs prior 4wk).; Inventory coverage declined from 6.4 to 0.0 days of supply."
SKU-Warehouse,SKU-00104,Electronics,Robinsonshire Distribution Center,2025-12-22,0.299,Medium,"Demand decreased 12% (173 -> 153 units/week, trailing 4wk vs prior 4wk)."
SKU-Warehouse,SKU-00104,Electronics,Lake Roberto Distribution Center,2025-12-22,0.473,Medium,"Demand decreased 17% (154 -> 129 units/week, trailing 4wk vs prior 4wk).; Inventory coverage improved from 14.0 to 15.8 days of supply."
SKU-Warehouse,SKU-00104,Electronics,Ericmouth Distribution Center,2025-12-22,0.223,Low,Late deliveries for this product-warehouse rose from 0 to 1 orders over the last 4 weeks.
SKU-Warehouse,SKU-00104,Electronics,North Noahstad Distribution Center,2025-12-22,0.245,Low,"Demand increased 37% (198 -> 270 units/week, trailing 4wk vs prior 4wk).; Inventory coverage improved from 13.4 to 17.4 days of supply."
SKU-Warehouse,SKU-00104,Electronics,Cassandraton Distribution Center,2025-12-22,0.313,Medium,Inventory coverage declined from 22.7 to 19.7 days of supply.
SKU-Warehouse,SKU-00104,Electronics,Herrerafurt Distribution Center,2025-12-22,0.519,High,"Demand decreased 21% (221 -> 175 units/week, trailing 4wk vs prior 4wk)."
SKU-Warehouse,SKU-00104,Electronics,New Kellystad Distribution Center,2025-12-22,0.288,Medium,"Demand increased 18% (114 -> 135 units/week, trailing 4wk vs prior 4wk).; Late deliveries for this product-warehouse rose from 1 to 2 orders over the last 4 weeks.; Stockout-flagged orders increased from 0 to 2 in the same comparison window."
SKU-Warehouse,SKU-00104,Electronics,Ramirezstad Distribution Center,2025-12-22,0.268,Medium,"Demand increased 25% (163 -> 204 units/week, trailing 4wk vs prior 4wk).; Inventory coverage improved from 7.3 to 8.9 days of supply."
SKU-Warehouse,SKU-00104,Electronics,West Michael Distribution Center,2025-12-22,0.335,Medium,"Demand decreased 32% (309 -> 210 units/week, trailing 4wk vs prior 4wk)."
SKU-Warehouse,SKU-00104,Electronics,Jacquelineland Distribution Center,2025-12-22,0.325,Medium,"No material week-over-week deviation found in demand, inventory coverage, or delivery reliability for this product-warehouse in the most recent comparison window."
SKU-Warehouse,SKU-00105,Apparel,East Jill Distribution Center,2025-12-22,0.429,Medium,"Demand increased 31% (1004 -> 1317 units/week, trailing 4wk vs prior 4wk).; Inventory coverage improved from 5.0 to 7.3 days of supply."
SKU-Warehouse,SKU-00105,Apparel,East Jessetown Distribution Center,2025-12-22,0.394,Medium,"Demand increased 18% (884 -> 1044 units/week, trailing 4wk vs prior 4wk).; Late deliveries for this product-warehouse rose from 2 to 3 orders over the last 4 weeks."
SKU-Warehouse,SKU-00105,Apparel,New Kellystad Distribution Center,2025-12-22,0.427,Medium,"Demand decreased 22% (620 -> 483 units/week, trailing 4wk vs prior 4wk).; Late deliveries for this product-warehouse rose from 1 to 2 orders over the last 4 weeks.; Stockout-flagged orders increased from 0 to 1 in the same comparison window."
SKU-Warehouse,SKU-00105,Apparel,Ramirezstad Distribution Center,2025-12-22,0.469,Medium,"Demand increased 120% (825 -> 1818 units/week, trailing 4wk vs prior 4wk).; Late deliveries for this product-warehouse rose from 3 to 4 orders over the last 4 weeks."
SKU-Warehouse,SKU-00105,Apparel,New Jessica Distribution Center,2025-12-22,0.49,Medium,"Demand decreased 11% (1393 -> 1245 units/week, trailing 4wk vs prior 4wk).; Inventory coverage improved from 6.8 to 10.7 days of supply."
SKU-Warehouse,SKU-00106,Office Supplies,North Judithbury Distribution Center,2025-12-22,0.076,Low,"Demand decreased 13% (477 -> 414 units/week, trailing 4wk vs prior 4wk)."
SKU-Warehouse,SKU-00106,Office Supplies,East Jessetown Distribution Center,2025-12-22,0.169,Low,"Demand increased 17% (539 -> 632 units/week, trailing 4wk vs prior 4wk).; Inventory coverage declined from 10.4 to 0.0 days of supply."
SKU-Warehouse,SKU-00106,Office Supplies,Lisatown Distribution Center,2025-12-22,0.115,Low,"Demand increased 82% (391 -> 712 units/week, trailing 4wk vs prior 4wk).; Late deliveries for this product-warehouse rose from 0 to 3 orders over the last 4 weeks.; Stockout-flagged orders increased from 0 to 1 in the same comparison window."
SKU-Warehouse,SKU-00106,Office Supplies,Lake Roberto Distribution Center,2025-12-22,0.094,Low,"Demand increased 48% (356 -> 527 units/week, trailing 4wk vs prior 4wk).; Late deliveries for this product-warehouse rose from 1 to 3 orders over the last 4 weeks."
SKU-Warehouse,SKU-00106,Office Supplies,North Noahstad Distribution Center,2025-12-22,0.17,Low,Inventory coverage improved from 2.8 to 3.3 days of supply.; Late deliveries for this product-warehouse rose from 1 to 2 orders over the last 4 weeks.
SKU-Warehouse,SKU-00106,Office Supplies,Port Jesseville Distribution Center,2025-12-22,0.106,Low,"Demand decreased 66% (748 -> 254 units/week, trailing 4wk vs prior 4wk).; Inventory coverage improved from 1.9 to 6.4 days of supply."
SKU-Warehouse,SKU-00106,Office Supplies,Ramirezstad Distribution Center,2025-12-22,0.194,Low,"Demand decreased 20% (434 -> 347 units/week, trailing 4wk vs prior 4wk).; Inventory coverage declined from 12.7 to 7.8 days of supply."
SKU-Warehouse,SKU-00106,Office Supplies,Jacquelineland Distribution Center,2025-12-22,0.207,Low,"Demand decreased 44% (556 -> 312 units/week, trailing 4wk vs prior 4wk).; Inventory coverage improved from 1.3 to 4.4 days of supply.; Late deliveries for this product-warehouse rose from 2 to 3 orders over the last 4 weeks."
SKU-Warehouse,SKU-00106,Office Supplies,New Jessica Distribution Center,2025-12-22,0.157,Low,"Demand decreased 45% (650 -> 360 units/week, trailing 4wk vs prior 4wk)."
SKU-Warehouse,SKU-00106,Office Supplies,South Noah Distribution Center,2025-12-22,0.127,Low,"No material week-over-week deviation found in demand, inventory coverage, or delivery reliability for this product-warehouse in the most recent comparison window."
SKU-Warehouse,SKU-00107,Office Supplies,Robinsonshire Distribution Center,2025-12-22,0.092,Low,"Demand increased 25% (346 -> 434 units/week, trailing 4wk vs prior 4wk).; Inventory coverage improved from 2.2 to 8.8 days of supply."
SKU-Warehouse,SKU-00107,Office Supplies,Ericmouth Distribution Center,2025-12-22,0.054,Low,"Demand increased 42% (447 -> 634 units/week, trailing 4wk vs prior 4wk).; Late deliveries for this product-warehouse rose from 1 to 2 orders over the last 4 weeks."
SKU-Warehouse,SKU-00107,Office Supplies,Herrerafurt Distribution Center,2025-12-22,0.155,Low,"Demand decreased 13% (575 -> 499 units/week, trailing 4wk vs prior 4wk).; Inventory coverage improved from 3.2 to 8.2 days of supply."
SKU-Warehouse,SKU-00107,Office Supplies,Port Keith Distribution Center,2025-12-22,0.151,Low,"No material week-over-week deviation found in demand, inventory coverage, or delivery reliability for this product-warehouse in the most recent comparison window."
SKU-Warehouse,SKU-00107,Office Supplies,Jacquelineland Distribution Center,2025-12-22,0.229,Low,"Demand increased 168% (340 -> 912 units/week, trailing 4wk vs prior 4wk).; Stockout-flagged orders increased from 0 to 1 in the same comparison window."
SKU-Warehouse,SKU-00107,Office Supplies,South Noah Distribution Center,2025-12-22,0.119,Low,Late deliveries for this product-warehouse rose from 0 to 2 orders over the last 4 weeks.
SKU-Warehouse,SKU-00107,Office Supplies,Lake Mark Distribution Center,2025-12-22,0.11,Low,"Demand decreased 13% (676 -> 591 units/week, trailing 4wk vs prior 4wk).; Inventory coverage declined from 10.8 to 9.4 days of supply."
SKU-Warehouse,SKU-00108,Office Supplies,New Roberttown Distribution Center,2025-12-22,0.223,Low,"Demand increased 60% (122 -> 195 units/week, trailing 4wk vs prior 4wk).; Inventory coverage improved from 7.2 to 8.4 days of supply.; Late deliveries for this product-warehouse rose from 0 to 2 orders over the last 4 weeks."
SKU-Warehouse,SKU-00108,Office Supplies,Lisatown Distribution Center,2025-12-22,0.242,Low,"Demand decreased 31% (268 -> 184 units/week, trailing 4wk vs prior 4wk).; Late deliveries for this product-warehouse rose from 0 to 2 orders over the last 4 weeks."
SKU-Warehouse,SKU-00108,Office Supplies,New Kellystad Distribution Center,2025-12-22,0.201,Low,"Demand increased 101% (72 -> 145 units/week, trailing 4wk vs prior 4wk).; Late deliveries for this product-warehouse rose from 0 to 3 orders over the last 4 weeks."
SKU-Warehouse,SKU-00108,Office Supplies,Port Keith Distribution Center,2025-12-22,0.624,High,"Demand decreased 22% (147 -> 114 units/week, trailing 4wk vs prior 4wk)."
SKU-Warehouse,SKU-00108,Office Supplies,Ramirezstad Distribution Center,2025-12-22,0.468,Medium,"Demand decreased 26% (277 -> 204 units/week, trailing 4wk vs prior 4wk).; Inventory coverage improved from 7.0 to 8.4 days of supply.; Late deliveries for this product-warehouse rose from 1 to 2 orders over the last 4 weeks."
SKU-Warehouse,SKU-00108,Office Supplies,South Noah Distribution Center,2025-12-22,0.37,Medium,"Demand increased 37% (207 -> 282 units/week, trailing 4wk vs prior 4wk).; Inventory coverage improved from 3.9 to 4.9 days of supply."
SKU-Warehouse,SKU-00109,Packaged Foods,Herrerafurt Distribution Center,2025-12-22,0.597,High,"Demand increased 83% (1189 -> 2176 units/week, trailing 4wk vs prior 4wk).; Late deliveries for this product-warehouse rose from 2 to 8 orders over the last 4 weeks.; Stockout-flagged orders increased from 0 to 3 in the same comparison window."
SKU-Warehouse,SKU-00109,Packaged Foods,Port Keith Distribution Center,2025-12-22,0.293,Medium,"Demand decreased 36% (732 -> 466 units/week, trailing 4wk vs prior 4wk)."
SKU-Warehouse,SKU-00109,Packaged Foods,Ramirezstad Distribution Center,2025-12-22,0.313,Medium,"Demand increased 13% (900 -> 1014 units/week, trailing 4wk vs prior 4wk).; Inventory coverage declined from 11.0 to 5.2 days of supply.; Late deliveries for this product-warehouse rose from 1 to 3 orders over the last 4 weeks.; Stockout-flagged orders increased from 0 to 1 in the same comparison window."
SKU-Warehouse,SKU-00109,Packaged Foods,New Jessica Distribution Center,2025-12-22,0.307,Medium,"Demand decreased 20% (1492 -> 1195 units/week, trailing 4wk vs prior 4wk).; Inventory coverage declined from 8.8 to 0.0 days of supply.; Late deliveries for this product-warehouse rose from 2 to 3 orders over the last 4 weeks."
SKU-Warehouse,SKU-00109,Packaged Foods,South Noah Distribution Center,2025-12-22,0.282,Medium,"Demand increased 17% (1141 -> 1336 units/week, trailing 4wk vs prior 4wk).; Late deliveries for this product-warehouse rose from 4 to 6 orders over the last 4 weeks."
SKU-Warehouse,SKU-00110,Automotive Parts,Lake Debra Distribution Center,2025-12-22,0.207,Low,"Demand decreased 15% (122 -> 104 units/week, trailing 4wk vs prior 4wk).; Late deliveries for this product-warehouse rose from 0 to 1 orders over the last 4 weeks."
SKU-Warehouse,SKU-00110,Automotive Parts,Robinsonshire Distribution Center,2025-12-22,0.41,Medium,"Demand decreased 14% (164 -> 141 units/week, trailing 4wk vs prior 4wk).; Inventory coverage improved from 1.4 to 5.4 days of supply."
SKU-Warehouse,SKU-00110,Automotive Parts,Lisatown Distribution Center,2025-12-22,0.157,Low,"Demand decreased 19% (172 -> 140 units/week, trailing 4wk vs prior 4wk).; Late deliveries for this product-warehouse rose from 0 to 1 orders over the last 4 weeks.; Stockout-flagged orders increased from 0 to 1 in the same comparison window."
SKU-Warehouse,SKU-00110,Automotive Parts,Cassandraton Distribution Center,2025-12-22,0.219,Low,"Demand decreased 34% (280 -> 186 units/week, trailing 4wk vs prior 4wk)."
SKU-Warehouse,SKU-00110,Automotive Parts,Jacquelineland Distribution Center,2025-12-22,0.215,Low,"Demand increased 20% (162 -> 194 units/week, trailing 4wk vs prior 4wk).; Inventory coverage declined from 10.2 to 8.0 days of supply."
SKU-Warehouse,SKU-00110,Automotive Parts,South Noah Distribution Center,2025-12-22,0.393,Medium,"Demand decreased 24% (135 -> 102 units/week, trailing 4wk vs prior 4wk)."
SKU-Warehouse,SKU-00111,Home & Kitchen,New Roberttown Distribution Center,2025-12-22,0.278,Medium,"Demand increased 40% (746 -> 1041 units/week, trailing 4wk vs prior 4wk).; Inventory coverage improved from 8.3 to 11.8 days of supply.; Late deliveries for this product-warehouse rose from 0 to 1 orders over the last 4 weeks."
SKU-Warehouse,SKU-00111,Home & Kitchen,Lisatown Distribution Center,2025-12-22,0.283,Medium,Late deliveries for this product-warehouse rose from 1 to 2 orders over the last 4 weeks.
SKU-Warehouse,SKU-00111,Home & Kitchen,Lake Roberto Distribution Center,2025-12-22,0.236,Low,Inventory coverage declined from 9.1 to 6.6 days of supply.; Late deliveries for this product-warehouse rose from 0 to 2 orders over the last 4 weeks.
SKU-Warehouse,SKU-00111,Home & Kitchen,North Noahstad Distribution Center,2025-12-22,0.373,Medium,"Demand decreased 26% (2400 -> 1783 units/week, trailing 4wk vs prior 4wk).; Inventory coverage declined from 12.0 to 9.1 days of supply."
SKU-Warehouse,SKU-00111,Home & Kitchen,New Kellystad Distribution Center,2025-12-22,0.402,Medium,"Demand decreased 88% (10393 -> 1256 units/week, trailing 4wk vs prior 4wk)."
SKU-Warehouse,SKU-00111,Home & Kitchen,Port Keith Distribution Center,2025-12-22,0.213,Low,"Demand increased 22% (946 -> 1149 units/week, trailing 4wk vs prior 4wk).; Inventory coverage declined from 7.7 to 5.8 days of supply.; Stockout-flagged orders increased from 0 to 1 in the same comparison window."
SKU-Warehouse,SKU-00111,Home & Kitchen,Ramirezstad Distribution Center,2025-12-22,0.376,Medium,"Demand decreased 15% (1770 -> 1505 units/week, trailing 4wk vs prior 4wk).; Inventory coverage declined from 11.0 to 9.8 days of supply.; Late deliveries for this product-warehouse rose from 0 to 1 orders over the last 4 weeks."
SKU-Warehouse,SKU-00111,Home & Kitchen,Jacquelineland Distribution Center,2025-12-22,0.311,Medium,"Demand increased 70% (1037 -> 1763 units/week, trailing 4wk vs prior 4wk).; Late deliveries for this product-warehouse rose from 0 to 1 orders over the last 4 weeks."
SKU-Warehouse,SKU-00111,Home & Kitchen,New Jessica Distribution Center,2025-12-22,0.456,Medium,"Demand increased 14% (2024 -> 2306 units/week, trailing 4wk vs prior 4wk).; Inventory coverage improved from 1.0 to 3.6 days of supply."
SKU-Warehouse,SKU-00111,Home & Kitchen,South Noah Distribution Center,2025-12-22,0.351,Medium,"Demand decreased 20% (2027 -> 1617 units/week, trailing 4wk vs prior 4wk).; Inventory coverage improved from 0.7 to 2.3 days of supply."
SKU-Warehouse,SKU-00111,Home & Kitchen,Lake Mark Distribution Center,2025-12-22,0.579,High,"Demand increased 36% (2159 -> 2936 units/week, trailing 4wk vs prior 4wk).; Stockout-flagged orders increased from 0 to 1 in the same comparison window."
SKU-Warehouse,SKU-00112,Apparel,New Roberttown Distribution Center,2025-12-22,0.14,Low,"Demand decreased 28% (642 -> 460 units/week, trailing 4wk vs prior 4wk)."
SKU-Warehouse,SKU-00112,Apparel,Ericmouth Distribution Center,2025-12-22,0.354,Medium,"Demand decreased 38% (2508 -> 1552 units/week, trailing 4wk vs prior 4wk)."
SKU-Warehouse,SKU-00112,Apparel,Herrerafurt Distribution Center,2025-12-22,0.529,High,"Demand decreased 53% (2658 -> 1254 units/week, trailing 4wk vs prior 4wk)."
SKU-Warehouse,SKU-00112,Apparel,New Kellystad Distribution Center,2025-12-22,0.217,Low,"No material week-over-week deviation found in demand, inventory coverage, or delivery reliability for this product-warehouse in the most recent comparison window."
SKU-Warehouse,SKU-00112,Apparel,Port Keith Distribution Center,2025-12-22,0.24,Low,Inventory coverage declined from 10.0 to 8.1 days of supply.
SKU-Warehouse,SKU-00112,Apparel,Port Jesseville Distribution Center,2025-12-22,0.439,Medium,Late deliveries for this product-warehouse rose from 2 to 4 orders over the last 4 weeks.; Stockout-flagged orders increased from 2 to 3 in the same comparison window.
SKU-Warehouse,SKU-00112,Apparel,West Michael Distribution Center,2025-12-22,0.396,Medium,"Demand increased 23% (816 -> 1001 units/week, trailing 4wk vs prior 4wk).; Inventory coverage declined from 8.0 to 6.9 days of supply.; Late deliveries for this product-warehouse rose from 0 to 2 orders over the last 4 weeks.; Stockout-flagged orders increased from 0 to 1 in the same comparison window."
SKU-Warehouse,SKU-00112,Apparel,Jacquelineland Distribution Center,2025-12-22,0.557,High,"Demand decreased 14% (1384 -> 1194 units/week, trailing 4wk vs prior 4wk)."
SKU-Warehouse,SKU-00112,Apparel,Lake Mark Distribution Center,2025-12-22,0.474,Medium,"Demand increased 133% (903 -> 2102 units/week, trailing 4wk vs prior 4wk).; Inventory coverage declined from 12.1 to 7.7 days of supply.; Late deliveries for this product-warehouse rose from 0 to 3 orders over the last 4 weeks.; Stockout-flagged orders increased from 0 to 3 in the same comparison window."
SKU-Warehouse,SKU-00113,Packaged Foods,East Jill Distribution Center,2025-12-22,0.418,Medium,"Demand decreased 31% (1128 -> 778 units/week, trailing 4wk vs prior 4wk).; Inventory coverage declined from 8.6 to 6.5 days of supply."
SKU-Warehouse,SKU-00113,Packaged Foods,East Jessetown Distribution Center,2025-12-22,0.335,Medium,Inventory coverage declined from 11.5 to 8.6 days of supply.; Late deliveries for this product-warehouse rose from 2 to 4 orders over the last 4 weeks.; Stockout-flagged orders increased from 0 to 1 in the same comparison window.
SKU-Warehouse,SKU-00113,Packaged Foods,Robinsonshire Distribution Center,2025-12-22,0.309,Medium,"Demand decreased 15% (537 -> 459 units/week, trailing 4wk vs prior 4wk).; Inventory coverage declined from 5.5 to 2.1 days of supply.; Late deliveries for this product-warehouse rose from 1 to 2 orders over the last 4 weeks."
SKU-Warehouse,SKU-00113,Packaged Foods,North Noahstad Distribution Center,2025-12-22,0.384,Medium,"Demand decreased 31% (1289 -> 885 units/week, trailing 4wk vs prior 4wk).; Inventory coverage declined from 6.4 to 0.0 days of supply."
SKU-Warehouse,SKU-00113,Packaged Foods,Port Keith Distribution Center,2025-12-22,0.45,Medium,Inventory coverage declined from 10.5 to 1.6 days of supply.
SKU-Warehouse,SKU-00114,Packaged Foods,East Jill Distribution Center,2025-12-22,0.517,High,"No material week-over-week deviation found in demand, inventory coverage, or delivery reliability for this product-warehouse in the most recent comparison window."
SKU-Warehouse,SKU-00114,Packaged Foods,North Noahstad Distribution Center,2025-12-22,0.154,Low,"Demand increased 13% (656 -> 743 units/week, trailing 4wk vs prior 4wk).; Inventory coverage improved from 3.5 to 9.7 days of supply."
SKU-Warehouse,SKU-00114,Packaged Foods,New Kellystad Distribution Center,2025-12-22,0.315,Medium,"Demand decreased 25% (392 -> 292 units/week, trailing 4wk vs prior 4wk)."
SKU-Warehouse,SKU-00114,Packaged Foods,Lake Chad Distribution Center,2025-12-22,0.241,Low,"Demand increased 26% (529 -> 667 units/week, trailing 4wk vs prior 4wk).; Inventory coverage declined from 6.4 to 0.0 days of supply.; Late deliveries for this product-warehouse rose from 1 to 3 orders over the last 4 weeks.; Stockout-flagged orders increased from 0 to 1 in the same comparison window."
SKU-Warehouse,SKU-00114,Packaged Foods,Ramirezstad Distribution Center,2025-12-22,0.39,Medium,Inventory coverage declined from 9.4 to 3.8 days of supply.; Late deliveries for this product-warehouse rose from 2 to 3 orders over the last 4 weeks.; Stockout-flagged orders increased from 0 to 2 in the same comparison window.
SKU-Warehouse,SKU-00114,Packaged Foods,Jacquelineland Distribution Center,2025-12-22,0.264,Medium,"Demand increased 56% (378 -> 590 units/week, trailing 4wk vs prior 4wk).; Late deliveries for this product-warehouse rose from 0 to 2 orders over the last 4 weeks."
SKU-Warehouse,SKU-00114,Packaged Foods,South Noah Distribution Center,2025-12-22,0.149,Low,Late deliveries for this product-warehouse rose from 0 to 3 orders over the last 4 weeks.
SKU-Warehouse,SKU-00115,Office Supplies,North Judithbury Distribution Center,2025-12-22,0.333,Medium,"Demand decreased 16% (1328 -> 1119 units/week, trailing 4wk vs prior 4wk)."
SKU-Warehouse,SKU-00115,Office Supplies,Lake Roberto Distribution Center,2025-12-22,0.333,Medium,Inventory coverage improved from 3.4 to 6.8 days of supply.
SKU-Warehouse,SKU-00115,Office Supplies,North Noahstad Distribution Center,2025-12-22,0.609,High,Inventory coverage declined from 10.0 to 7.5 days of supply.
SKU-Warehouse,SKU-00115,Office Supplies,Lake Chad Distribution Center,2025-12-22,0.344,Medium,"Demand decreased 17% (1542 -> 1274 units/week, trailing 4wk vs prior 4wk)."
SKU-Warehouse,SKU-00115,Office Supplies,Lake Mark Distribution Center,2025-12-22,0.206,Low,"Demand decreased 48% (2321 -> 1214 units/week, trailing 4wk vs prior 4wk).; Inventory coverage declined from 15.5 to 0.0 days of supply.; Late deliveries for this product-warehouse rose from 1 to 3 orders over the last 4 weeks.; Stockout-flagged orders increased from 1 to 3 in the same comparison window."
SKU-Warehouse,SKU-00116,Apparel,New Roberttown Distribution Center,2025-12-22,0.458,Medium,Late deliveries for this product-warehouse rose from 1 to 2 orders over the last 4 weeks.
SKU-Warehouse,SKU-00116,Apparel,Cassandraton Distribution Center,2025-12-22,0.391,Medium,"Demand decreased 37% (1377 -> 862 units/week, trailing 4wk vs prior 4wk).; Stockout-flagged orders increased from 0 to 1 in the same comparison window."
SKU-Warehouse,SKU-00116,Apparel,New Kellystad Distribution Center,2025-12-22,0.207,Low,"Demand decreased 43% (789 -> 446 units/week, trailing 4wk vs prior 4wk)."
SKU-Warehouse,SKU-00116,Apparel,Lake Chad Distribution Center,2025-12-22,0.557,High,"Demand increased 13% (804 -> 909 units/week, trailing 4wk vs prior 4wk).; Stockout-flagged orders increased from 0 to 1 in the same comparison window."
SKU-Warehouse,SKU-00116,Apparel,Port Keith Distribution Center,2025-12-22,0.506,High,"No material week-over-week deviation found in demand, inventory coverage, or delivery reliability for this product-warehouse in the most recent comparison window."
SKU-Warehouse,SKU-00116,Apparel,Ramirezstad Distribution Center,2025-12-22,0.631,High,"Demand increased 27% (849 -> 1075 units/week, trailing 4wk vs prior 4wk).; Inventory coverage declined from 15.3 to 11.5 days of supply.; Late deliveries for this product-warehouse rose from 2 to 4 orders over the last 4 weeks.; Stockout-flagged orders increased from 0 to 1 in the same comparison window."
SKU-Warehouse,SKU-00116,Apparel,West Michael Distribution Center,2025-12-22,0.576,High,"Demand increased 64% (611 -> 1000 units/week, trailing 4wk vs prior 4wk).; Late deliveries for this product-warehouse rose from 1 to 2 orders over the last 4 weeks.; Stockout-flagged orders increased from 0 to 1 in the same comparison window."
SKU-Warehouse,SKU-00116,Apparel,New Jessica Distribution Center,2025-12-22,0.74,High,"Demand increased 18% (1120 -> 1318 units/week, trailing 4wk vs prior 4wk).; Late deliveries for this product-warehouse rose from 1 to 5 orders over the last 4 weeks.; Stockout-flagged orders increased from 0 to 1 in the same comparison window."
SKU-Warehouse,SKU-00117,Home & Kitchen,New Roberttown Distribution Center,2025-12-22,0.087,Low,"Demand increased 35% (205 -> 277 units/week, trailing 4wk vs prior 4wk).; Late deliveries for this product-warehouse rose from 0 to 1 orders over the last 4 weeks."
SKU-Warehouse,SKU-00117,Home & Kitchen,Lake Roberto Distribution Center,2025-12-22,0.173,Low,"Demand increased 42% (223 -> 318 units/week, trailing 4wk vs prior 4wk)."
SKU-Warehouse,SKU-00117,Home & Kitchen,Lake Chad Distribution Center,2025-12-22,0.13,Low,"Demand decreased 23% (468 -> 359 units/week, trailing 4wk vs prior 4wk).; Inventory coverage declined from 9.5 to 8.5 days of supply."
SKU-Warehouse,SKU-00117,Home & Kitchen,Port Jesseville Distribution Center,2025-12-22,0.181,Low,"Demand increased 29% (274 -> 352 units/week, trailing 4wk vs prior 4wk)."
SKU-Warehouse,SKU-00117,Home & Kitchen,West Michael Distribution Center,2025-12-22,0.058,Low,"Demand increased 39% (309 -> 429 units/week, trailing 4wk vs prior 4wk).; Inventory coverage improved from 3.0 to 11.3 days of supply."
SKU-Warehouse,SKU-00117,Home & Kitchen,Lake Mark Distribution Center,2025-12-22,0.189,Low,"Demand decreased 23% (502 -> 384 units/week, trailing 4wk vs prior 4wk)."
SKU-Warehouse,SKU-00118,Office Supplies,North Judithbury Distribution Center,2025-12-22,0.448,Medium,"Demand decreased 47% (931 -> 490 units/week, trailing 4wk vs prior 4wk)."
SKU-Warehouse,SKU-00118,Office Supplies,Lake Debra Distribution Center,2025-12-22,0.338,Medium,"Demand decreased 49% (274 -> 141 units/week, trailing 4wk vs prior 4wk).; Late deliveries for this product-warehouse rose from 1 to 2 orders over the last 4 weeks."
SKU-Warehouse,SKU-00118,Office Supplies,Robinsonshire Distribution Center,2025-12-22,0.373,Medium,"Demand increased 18% (276 -> 326 units/week, trailing 4wk vs prior 4wk).; Stockout-flagged orders increased from 0 to 1 in the same comparison window."
SKU-Warehouse,SKU-00118,Office Supplies,Port Keith Distribution Center,2025-12-22,0.395,Medium,"Demand decreased 16% (276 -> 233 units/week, trailing 4wk vs prior 4wk).; Inventory coverage declined from 16.7 to 11.3 days of supply.; Late deliveries for this product-warehouse rose from 0 to 3 orders over the last 4 weeks."
SKU-Warehouse,SKU-00118,Office Supplies,Ramirezstad Distribution Center,2025-12-22,0.347,Medium,"Demand decreased 45% (700 -> 383 units/week, trailing 4wk vs prior 4wk).; Inventory coverage declined from 10.0 to 5.8 days of supply."
SKU-Warehouse,SKU-00118,Office Supplies,Jacquelineland Distribution Center,2025-12-22,0.369,Medium,"Demand increased 45% (382 -> 552 units/week, trailing 4wk vs prior 4wk).; Inventory coverage improved from 4.3 to 4.8 days of supply."
SKU-Warehouse,SKU-00118,Office Supplies,South Noah Distribution Center,2025-12-22,0.319,Medium,"Demand decreased 31% (850 -> 586 units/week, trailing 4wk vs prior 4wk).; Inventory coverage declined from 18.8 to 0.0 days of supply."
SKU-Warehouse,SKU-00119,Automotive Parts,East Jessetown Distribution Center,2025-12-22,0.077,Low,"No material week-over-week deviation found in demand, inventory coverage, or delivery reliability for this product-warehouse in the most recent comparison window."
SKU-Warehouse,SKU-00119,Automotive Parts,Lisatown Distribution Center,2025-12-22,0.142,Low,"Demand decreased 33% (382 -> 254 units/week, trailing 4wk vs prior 4wk)."
SKU-Warehouse,SKU-00119,Automotive Parts,Lake Roberto Distribution Center,2025-12-22,0.18,Low,"No material week-over-week deviation found in demand, inventory coverage, or delivery reliability for this product-warehouse in the most recent comparison window."
SKU-Warehouse,SKU-00119,Automotive Parts,Ericmouth Distribution Center,2025-12-22,0.07,Low,"Demand decreased 16% (337 -> 282 units/week, trailing 4wk vs prior 4wk).; Inventory coverage improved from 10.8 to 16.6 days of supply."
SKU-Warehouse,SKU-00119,Automotive Parts,Herrerafurt Distribution Center,2025-12-22,0.083,Low,"Demand increased 11% (339 -> 377 units/week, trailing 4wk vs prior 4wk).; Inventory coverage declined from 10.3 to 7.4 days of supply."
SKU-Warehouse,SKU-00119,Automotive Parts,Lake Chad Distribution Center,2025-12-22,0.072,Low,"Demand increased 14% (343 -> 392 units/week, trailing 4wk vs prior 4wk).; Inventory coverage declined from 1.3 to 1.0 days of supply."
SKU-Warehouse,SKU-00119,Automotive Parts,Port Keith Distribution Center,2025-12-22,0.156,Low,Late deliveries for this product-warehouse rose from 0 to 1 orders over the last 4 weeks.
SKU-Warehouse,SKU-00119,Automotive Parts,Port Jesseville Distribution Center,2025-12-22,0.117,Low,"Demand increased 21% (241 -> 291 units/week, trailing 4wk vs prior 4wk).; Late deliveries for this product-warehouse rose from 0 to 1 orders over the last 4 weeks."
SKU-Warehouse,SKU-00119,Automotive Parts,South Noah Distribution Center,2025-12-22,0.103,Low,"Demand decreased 18% (401 -> 329 units/week, trailing 4wk vs prior 4wk).; Inventory coverage declined from 8.4 to 6.3 days of supply.; Late deliveries for this product-warehouse rose from 0 to 1 orders over the last 4 weeks."
SKU-Warehouse,SKU-00120,Automotive Parts,New Roberttown Distribution Center,2025-12-22,0.112,Low,"Demand increased 56% (275 -> 428 units/week, trailing 4wk vs prior 4wk).; Late deliveries for this product-warehouse rose from 0 to 1 orders over the last 4 weeks."
SKU-Warehouse,SKU-00120,Automotive Parts,Robinsonshire Distribution Center,2025-12-22,0.115,Low,"Demand increased 70% (277 -> 470 units/week, trailing 4wk vs prior 4wk).; Inventory coverage declined from 9.1 to 5.8 days of supply."
SKU-Warehouse,SKU-00120,Automotive Parts,Lisatown Distribution Center,2025-12-22,0.181,Low,"Demand increased 96% (348 -> 682 units/week, trailing 4wk vs prior 4wk).; Inventory coverage declined from 5.9 to 3.6 days of supply."
SKU-Warehouse,SKU-00120,Automotive Parts,Lake Roberto Distribution Center,2025-12-22,0.201,Low,"Demand decreased 48% (386 -> 201 units/week, trailing 4wk vs prior 4wk)."
SKU-Warehouse,SKU-00120,Automotive Parts,Herrerafurt Distribution Center,2025-12-22,0.121,Low,"No material week-over-week deviation found in demand, inventory coverage, or delivery reliability for this product-warehouse in the most recent comparison window."
SKU-Warehouse,SKU-00120,Automotive Parts,Jacquelineland Distribution Center,2025-12-22,0.186,Low,"Demand increased 65% (292 -> 483 units/week, trailing 4wk vs prior 4wk).; Inventory coverage declined from 6.5 to 5.0 days of supply."
SKU-Warehouse,SKU-00120,Automotive Parts,South Noah Distribution Center,2025-12-22,0.145,Low,"Demand decreased 24% (750 -> 568 units/week, trailing 4wk vs prior 4wk).; Inventory coverage declined from 13.5 to 6.1 days of supply."
SKU-Warehouse,SKU-00120,Automotive Parts,Lake Mark Distribution Center,2025-12-22,0.238,Low,"Demand increased 50% (493 -> 740 units/week, trailing 4wk vs prior 4wk).; Inventory coverage declined from 8.8 to 4.6 days of supply.; Late deliveries for this product-warehouse rose from 0 to 1 orders over the last 4 weeks."
